code_sh,niveau,description_en,description_fr_a_completer,parent,section
01,chapitre,Animals; live,,TOTAL,I
0101,position,"Horses, asses, mules and hinnies; live",,01,I
010121,sous_position,"Horses; live, pure-bred breeding animals",,0101,I
010129,sous_position,"Horses; live, other than pure-bred breeding animals",,0101,I
010130,sous_position,Asses; live,,0101,I
010190,sous_position,Mules and hinnies; live,,0101,I
0102,position,Bovine animals; live,,01,I
010221,sous_position,"Cattle; live, pure-bred breeding animals",,0102,I
010229,sous_position,"Cattle; live, other than pure-bred breeding animals",,0102,I
010231,sous_position,"Buffalo; live, pure-bred breeding animals",,0102,I
010239,sous_position,"Buffalo; live, other than pure-bred breeding animals",,0102,I
010290,sous_position,"Bovine animals; live, other than cattle and buffalo",,0102,I
0103,position,Swine; live,,01,I
010310,sous_position,"Swine; live, pure-bred breeding animals",,0103,I
010391,sous_position,"Swine; live, other than pure-bred breeding animals, weighing less than 50kg",,0103,I
010392,sous_position,"Swine; live, other than pure-bred breeding animals, weighing 50kg or more",,0103,I
0104,position,Sheep and goats; live,,01,I
010410,sous_position,Sheep; live,,0104,I
010420,sous_position,Goats; live,,0104,I
0105,position,"Poultry; live, fowls of the species Gallus domesticus, ducks, geese, turkeys and guinea fowls",,01,I
010511,sous_position,"Poultry; live, fowls of the species Gallus domesticus, weighing not more than 185g",,0105,I
010512,sous_position,"Poultry; live, turkeys, weighing not more than 185g",,0105,I
010513,sous_position,"Poultry; live, ducks, weighing not more than 185g",,0105,I
010514,sous_position,"Poultry; live, geese, weighing not more than 185g",,0105,I
010515,sous_position,"Poultry; live, guinea fowls, weighing not more than 185g",,0105,I
010594,sous_position,"Poultry; live, fowls of the species Gallus domesticus, weighing more than 185g",,0105,I
010599,sous_position,"Poultry; live, ducks, geese, turkeys and guinea fowls, weighing more than 185g",,0105,I
0106,position,"Animals; live, n.e.c. in chapter 01",,01,I
010611,sous_position,"Mammals; live, primates",,0106,I
010612,sous_position,"Mammals; live, whales, dolphins and porpoises (mammals of the order Cetacea); manatees and dugongs (mammals of the order Sirenia); seals, sea lions and walruses (mammals of the suborder Pinnipedia)",,0106,I
010613,sous_position,"Mammals; live, camels and other camelids (Camelidae)",,0106,I
010614,sous_position,"Mammals; live, rabbits and hares",,0106,I
010619,sous_position,"Mammals; live, other than primates, whales, dolphins, porpoises (mammals of the order Cetacea); manatees, dugongs (mammals of the order Sirenia); seals, sea lions, walruses (mammals of the suborder Pinnipedia), camels, other camelids, rabbits and hares",,0106,I
010620,sous_position,Reptiles; live (including snakes and turtles),,0106,I
010631,sous_position,"Birds; live, birds of prey",,0106,I
010632,sous_position,"Birds; live, Psittaciformes",,0106,I
010633,sous_position,"Birds; live, ostriches; emus (Dromaius novaehollandiae)",,0106,I
010639,sous_position,"Birds; live, other than birds of prey, Psittaciformes, ostriches and emus (Dromaius novaehollandiae)",,0106,I
010641,sous_position,"Insects; live, bees",,0106,I
010649,sous_position,"Insects; live, other than bees",,0106,I
010690,sous_position,"Animals; live, n.e.c. in chapter 01, other than mammals, reptiles, birds and insects",,0106,I
02,chapitre,Meat and edible meat offal,,TOTAL,I
0201,position,Meat of bovine animals; fresh or chilled,,02,I
020110,sous_position,"Meat; of bovine animals, carcasses and half-carcasses, fresh or chilled",,0201,I
020120,sous_position,"Meat; of bovine animals, cuts with bone in (excluding carcasses and half-carcasses), fresh or chilled",,0201,I
020130,sous_position,"Meat; of bovine animals, boneless cuts, fresh or chilled",,0201,I
0202,position,Meat of bovine animals; frozen,,02,I
020210,sous_position,"Meat; of bovine animals, carcasses and half-carcasses, frozen",,0202,I
020220,sous_position,"Meat; of bovine animals, cuts with bone in (excluding carcasses and half-carcasses), frozen",,0202,I
020230,sous_position,"Meat; of bovine animals, boneless cuts, frozen",,0202,I
0203,position,"Meat of swine; fresh, chilled or frozen",,02,I
020311,sous_position,"Meat; of swine, carcasses and half-carcasses, fresh or chilled",,0203,I
020312,sous_position,"Meat; of swine, hams, shoulders and cuts thereof, with bone in, fresh or chilled",,0203,I
020319,sous_position,"Meat; of swine, n.e.c. in item no. 0203.1, fresh or chilled",,0203,I
020321,sous_position,"Meat; of swine, carcasses and half-carcasses, frozen",,0203,I
020322,sous_position,"Meat; of swine, hams, shoulders and cuts thereof, with bone in, frozen",,0203,I
020329,sous_position,"Meat; of swine, n.e.c. in item no. 0203.2, frozen",,0203,I
0204,position,"Meat of sheep or goats; fresh, chilled or frozen",,02,I
020410,sous_position,"Meat; of sheep, lamb carcasses and half-carcasses, fresh or chilled",,0204,I
020421,sous_position,"Meat; of sheep, carcasses and half-carcasses (excluding carcasses and half-carcasses of lamb), fresh or chilled",,0204,I
020422,sous_position,"Meat; of sheep (including lamb), cuts with bone in (excluding carcasses and half-carcasses), fresh or chilled",,0204,I
020423,sous_position,"Meat; of sheep (including lamb), boneless cuts, fresh or chilled",,0204,I
020430,sous_position,"Meat; of sheep, lamb carcasses and half-carcasses, frozen",,0204,I
020441,sous_position,"Meat; of sheep, carcasses and half-carcasses (excluding carcasses and half-carcasses of lamb), frozen",,0204,I
020442,sous_position,"Meat; of sheep (including lamb), cuts with bone in (excluding carcasses and half-carcasses), frozen",,0204,I
020443,sous_position,"Meat; of sheep (including lamb), boneless cuts, frozen",,0204,I
020450,sous_position,"Meat; of goats, fresh, chilled or frozen",,0204,I
0205,position,"Meat; of horses, asses, mules or hinnies, fresh, chilled or frozen",,02,I
020500,sous_position,"Meat; of horses, asses, mules or hinnies, fresh, chilled or frozen",,0205,I
0206,position,"Edible offal of bovine animals, swine, sheep, goats, horses, asses, mules or hinnies; fresh, chilled or frozen",,02,I
020610,sous_position,"Offal, edible; of bovine animals, fresh or chilled",,0206,I
020621,sous_position,"Offal, edible; of bovine animals, tongues, frozen",,0206,I
020622,sous_position,"Offal, edible; of bovine animals, livers, frozen",,0206,I
020629,sous_position,"Offal, edible; of bovine animals, (other than tongues and livers), frozen",,0206,I
020630,sous_position,"Offal, edible; of swine, fresh or chilled",,0206,I
020641,sous_position,"Offal, edible; of swine, livers, frozen",,0206,I
020649,sous_position,"Offal, edible; of swine, (other than livers), frozen",,0206,I
020680,sous_position,"Offal, edible; of sheep, goats, horses, asses, mules or hinnies, fresh or chilled",,0206,I
020690,sous_position,"Offal, edible; of sheep, goats, horses, asses, mules or hinnies, frozen",,0206,I
0207,position,"Meat and edible offal of poultry; of the poultry of heading no. 0105, (i.e. fowls of the species Gallus domesticus), fresh, chilled or frozen",,02,I
020711,sous_position,"Meat and edible offal; of fowls of the species Gallus domesticus, not cut in pieces, fresh or chilled",,0207,I
020712,sous_position,"Meat and edible offal; of fowls of the species Gallus domesticus, not cut in pieces, frozen",,0207,I
020713,sous_position,"Meat and edible offal; of fowls of the species Gallus domesticus, cuts and offal, fresh or chilled",,0207,I
020714,sous_position,"Meat and edible offal; of fowls of the species Gallus domesticus, cuts and offal, frozen",,0207,I
020724,sous_position,"Meat and edible offal; of turkeys, not cut in pieces, fresh or chilled",,0207,I
020725,sous_position,"Meat and edible offal; of turkeys, not cut in pieces, frozen",,0207,I
020726,sous_position,"Meat and edible offal; of turkeys, cuts and offal, fresh or chilled",,0207,I
020727,sous_position,"Meat and edible offal; of turkeys, cuts and offal, frozen",,0207,I
020741,sous_position,"Meat and edible offal; of ducks, not cut in pieces, fresh or chilled",,0207,I
020742,sous_position,"Meat and edible offal; of ducks, not cut in pieces, frozen",,0207,I
020743,sous_position,"Meat and edible offal; of ducks, fatty livers (foie gras), fresh or chilled",,0207,I
020744,sous_position,"Meat and edible offal; of ducks, cuts and offal, excluding fatty livers, fresh or chilled",,0207,I
020745,sous_position,"Meat and edible offal; of ducks, cuts and offal, excluding fatty livers, frozen",,0207,I
020751,sous_position,"Meat and edible offal; of geese, not cut in pieces, fresh or chilled",,0207,I
020752,sous_position,"Meat and edible offal; of geese, not cut in pieces, frozen",,0207,I
020753,sous_position,"Meat and edible offal; of geese, fatty livers (foie gras), fresh or chilled",,0207,I
020754,sous_position,"Meat and edible offal; of geese, cuts and offal, excluding fatty livers, fresh or chilled",,0207,I
020755,sous_position,"Meat and edible offal; of geese, cuts and offal, excluding fatty livers, frozen",,0207,I
020760,sous_position,"Meat and edible offal; of guinea fowls, fresh, chilled or frozen",,0207,I
0208,position,"Meat and edible meat offal, n.e.c. in chapter 2; fresh, chilled or frozen",,02,I
020810,sous_position,"Meat and edible meat offal; of rabbits or hares, fresh, chilled or frozen",,0208,I
020830,sous_position,"Meat and edible meat offal; of primates, fresh, chilled or frozen",,0208,I
020840,sous_position,"Meat and edible meat offal; of whales, dolphins and porpoises (mammals of the order Cetacea); of manatees and dugongs (mammals of the order Sirenia); of seals, sea lions and walruses (mammals of the suborder Pinnipedia), fresh, chilled or frozen",,0208,I
020850,sous_position,"Meat and edible meat offal; of reptiles (including snakes and turtles), fresh, chilled or frozen",,0208,I
020860,sous_position,"Meat and edible meat offal; of camels and other camelids (Camelidae), fresh, chilled or frozen",,0208,I
020890,sous_position,"Meat and edible meat offal; n.e.c. in chapter 2, fresh, chilled or frozen",,0208,I
0209,position,"Pig fat, free of lean meat, and poultry fat, not rendered or otherwise extracted, fresh, chilled, frozen, salted, in brine, dried or smoked",,02,I
020910,sous_position,"Fat; pig fat, free of lean meat, not rendered or otherwise extracted, fresh, chilled, frozen, salted, in brine, dried or smoked",,0209,I
020990,sous_position,"Fat; poultry fat, not rendered or otherwise extracted, fresh, chilled, frozen, salted, in brine, dried or smoked",,0209,I
0210,position,"Meat and edible meat offal; salted, in brine, dried or smoked; edible flours and meals of meat or meat offal",,02,I
021011,sous_position,"Meat; salted, in brine, dried or smoked, of swine, hams, shoulders and cuts thereof, with bone in",,0210,I
021012,sous_position,"Meat; salted, in brine, dried or smoked, of swine, bellies (streaky) and cuts thereof",,0210,I
021019,sous_position,"Meat; salted in brine, dried or smoked, of swine, n.e.c. in item no. 0210.1",,0210,I
021020,sous_position,"Meat; salted, in brine, dried or smoked, of bovine animals",,0210,I
021091,sous_position,"Meat and edible meat offal; salted, in brine, dried or smoked, and edible flours and meals of meat or meat offal, of primates",,0210,I
021092,sous_position,"Meat and edible meat offal; salted, in brine, dried or smoked; edible flours, meals of meat or meat offal, of whales, dolphins, porpoises (of order Cetacea); manatees, dugongs (of order Sirenia); seals, sea lions, and walruses (of suborder Pinnipedia)",,0210,I
021093,sous_position,"Meat and edible meat offal; salted, in brine, dried or smoked, and edible flours and meals of meat or meat offal, of reptiles (including snakes and turtles)",,0210,I
021099,sous_position,"Meat and edible meat offal; salted, in brine, dried or smoked, and edible flours and meals of meat or meat offal, other than of primates, whales, dolphins, porpoises, manatees, dugongs, seals, sea lions, walruses, reptiles (including snakes and turtles)",,0210,I
03,chapitre,"Fish and crustaceans, molluscs and other aquatic invertebrates",,TOTAL,I
0301,position,Fish; live,,03,I
030111,sous_position,"Fish; live, ornamental, freshwater",,0301,I
030119,sous_position,"Fish; live, ornamental, other than freshwater",,0301,I
030191,sous_position,"Fish; live, trout (Salmo trutta, Oncorhynchus mykiss, Oncorhynchus clarki, Oncorhynchus aguabonita, Oncorhynchus gilae, Oncorhynchus apache and Oncorhynchus chrysogaster)",,0301,I
030192,sous_position,"Fish; live, eels (Anguilla spp.)",,0301,I
030193,sous_position,"Fish; live, carp (Cyprinus spp., Carassius spp., Ctenopharyngodon idellus, Hypophthalmichthys spp., Cirrhinus spp., Mylopharyngodon piceus, Catla catla, Labeo spp., Osteochilus hasselti, Leptobarbus hoeveni, Megalobrama spp.)",,0301,I
030194,sous_position,"Fish; live, Atlantic and Pacific bluefin tunas (Thunnus thynnus, Thunnus orientalis)",,0301,I
030195,sous_position,"Fish; live, southern bluefin tunas (Thunnus maccoyii)",,0301,I
030199,sous_position,"Fish; live, n.e.c. in heading 0301",,0301,I
0302,position,"Fish; fresh or chilled, excluding fish fillets and other fish meat of heading 0304",,03,I
030211,sous_position,"Fish; fresh or chilled, trout (Salmo trutta, Oncorhynchus mykiss, Oncorhynchus clarki, Oncorhynchus aguabonita, Oncorhynchus gilae, Oncorhynchus apache and Oncorhynchus chrysogaster), excluding fillets, fish meat of 0304, and edible fish offal of 0302.9",,0302,I
030213,sous_position,"Fish; fresh or chilled, Pacific salmon (Oncorhynchus nerka, Oncorhynchus gorbuscha, Oncorhynchus keta, Oncorhynchus tschawytscha, Oncorhynchus kisutch, Oncorhynchus masou, Oncorhynchus rhodurus), not fillets, meat of 0304, and edible fish offal of 0302.9",,0302,I
030214,sous_position,"Fish; fresh or chilled, Atlantic salmon (Salmo salar) and Danube salmon (Hucho hucho), excluding fillets, fish meat of 0304, and edible fish offal of subheadings 0302.91 to 0302.99",,0302,I
030219,sous_position,"Fish; fresh or chilled, salmonidae, n.e.c. in item no. 0302.1, excluding fillets, fish meat of 0304, and edible fish offal of subheadings 0302.91 to 0302.99",,0302,I
030221,sous_position,"Fish; fresh or chilled, halibut (Reinhardtius hippoglossoides, Hippoglossus hippoglossus, Hippoglossus stenolepis), excluding fillets, fish meat of 0304, and edible fish offal of subheadings 0302.91 to 0302.99",,0302,I
030222,sous_position,"Fish; fresh or chilled, plaice (Pleuronectes platessa), excluding fillets, fish meat of 0304, and edible fish offal of subheadings 0302.91 to 0302.99",,0302,I
030223,sous_position,"Fish; fresh or chilled, sole (Solea spp.), excluding fillets, fish meat of 0304, and edible fish offal of subheadings 0302.91 to 0302.99",,0302,I
030224,sous_position,"Fish; fresh or chilled, turbots (Psetta maxima, Scophthalmidae), excluding fillets, fish meat of 0304, and edible fish offal of subheadings 0302.91 to 0302.99",,0302,I
030229,sous_position,"Fish; fresh or chilled, flat fish, n.e.c. in item no. 0302.2, excluding fillets, fish meat of 0304, and edible fish offal of subheadings 0302.91 to 0302.99",,0302,I
030231,sous_position,"Fish; fresh or chilled, albacore or longfinned tunas (Thunnus alalunga), excluding fillets, fish meat of 0304, and edible fish offal of subheadings 0302.91 to 0302.99",,0302,I
030232,sous_position,"Fish; fresh or chilled, yellowfin tunas (Thunnus albacares), excluding fillets, fish meat of 0304, and edible fish offal of subheadings 0302.91 to 0302.99",,0302,I
030233,sous_position,"Fish; fresh or chilled, skipjack tuna (stripe-bellied bonito) (Katsuwonus pelamis), excluding fillets, fish meat of 0304, and edible fish offal of subheadings 0302.91 to 0302.99",,0302,I
030234,sous_position,"Fish; fresh or chilled, bigeye tunas (Thunnus obesus), excluding fillets, fish meat of 0304, and edible fish offal of subheadings 0302.91 to 0302.99",,0302,I
030235,sous_position,"Fish; fresh or chilled, Atlantic and Pacific bluefin tunas (Thunnus thynnus, Thunnus orientalis), excluding fillets, fish meat of 0304, and edible fish offal of subheadings 0302.91 to 0302.99",,0302,I
030236,sous_position,"Fish; fresh or chilled, southern bluefin tunas (Thunnus maccoyii), excluding fillets, fish meat of 0304, and edible fish offal of subheadings 0302.91 to 0302.99",,0302,I
030239,sous_position,"Fish; fresh or chilled, tuna, n.e.c. in item no. 0302.3, excluding fillets, fish meat of 0304, and edible fish offal of subheadings 0302.91 to 0302.99",,0302,I
030241,sous_position,"Fish; fresh or chilled, herrings (Clupea harengus, Clupea pallasii), excluding fillets, fish meat of 0304, and edible fish offal of subheadings 0302.91 to 0302.99",,0302,I
030242,sous_position,"Fish; fresh or chilled, anchovies (Engraulis spp.), excluding fillets, fish meat of 0304, and edible fish offal of subheadings 0302.91 to 0302.99",,0302,I
030243,sous_position,"Fish; fresh or chilled, sardines (Sardina pilchardus, Sardinops spp.), sardinella (Sardinella spp.), brisling or sprats (Sprattus sprattus), excluding fillets, fish meat of 0304, and edible fish offal of subheadings 0302.91 to 0302.99",,0302,I
030244,sous_position,"Fish; fresh or chilled, mackerel (Scomber scombrus, Scomber australasicus, Scomber japonicus), excluding fillets, fish meat of 0304, and edible fish offal of subheadings 0302.91 to 0302.99",,0302,I
030245,sous_position,"Fish; fresh or chilled, jack and horse mackerel (Trachurus spp.), excluding fillets, fish meat of 0304, and edible fish offal of subheadings 0302.91 to 0302.99",,0302,I
030246,sous_position,"Fish; fresh or chilled, cobia (Rachycentron canadum), excluding fillets, fish meat of 0304, and edible fish offal of subheadings 0302.91 to 0302.99",,0302,I
030247,sous_position,"Fish; fresh or chilled, swordfish (Xiphias gladius), excluding fillets, fish meat of 0304, and edible fish offal of subheadings 0302.91 to 0302.99",,0302,I
030249,sous_position,"Fish; fresh or chilled, n.e.c. in item no. 0302.4, excluding fillets, fish meat of 0304, and edible fish offal of subheadings 0302.91 to 0302.99",,0302,I
030251,sous_position,"Fish; fresh or chilled, cod (Gadus morhua, Gadus ogac, Gadus macrocephalus), excluding fillets, fish meat of 0304, and edible fish offal of subheadings 0302.91 to 0302.99",,0302,I
030252,sous_position,"Fish; fresh or chilled, haddock (Melanogrammus aeglefinus), excluding fillets, fish meat of 0304, and edible fish offal of subheadings 0302.91 to 0302.99",,0302,I
030253,sous_position,"Fish; fresh or chilled, coalfish (Pollachius virens), excluding fillets, fish meat of 0304, and edible fish offal of subheadings 0302.91 to 0302.99",,0302,I
030254,sous_position,"Fish; fresh or chilled, hake (Merluccius spp., Urophycis spp.), excluding fillets, fish meat of 0304, and edible fish offal of subheadings 0302.91 to 0302.99",,0302,I
030255,sous_position,"Fish; fresh or chilled, Alaska pollock (Theragra chalcogramma), excluding fillets, fish meat of 0304, and edible fish offal of subheadings 0302.91 to 0302.99",,0302,I
030256,sous_position,"Fish; fresh or chilled, blue whitings (Micromesistius poutassou, Micromesistius australis),excluding fillets, fish meat of 0304, and edible fish offal of subheadings 0302.91 to 0302.99",,0302,I
030259,sous_position,"Fish; fresh or chilled, n.e.c. in item no. 0302.5, excluding fillets, fish meat of 0304, and edible fish offal of subheadings 0302.91 to 0302.99",,0302,I
030271,sous_position,"Fish; fresh or chilled, tilapias (Oreochromis spp.), excluding fillets, fish meat of 0304, and edible fish offal of subheadings 0302.91 to 0302.99",,0302,I
030272,sous_position,"Fish; fresh or chilled, catfish (Pangasius spp., Silurus spp., Clarias spp., Ictalurus spp.), excluding fillets, fish meat of 0304, and edible fish offal of subheadings 0302.91 to 0302.99",,0302,I
030273,sous_position,"Fish; fresh or chilled, Carp (as specified by the WCO.), excluding fillets, fish meat of 0304, and edible fish offal of subheadings 0302.91 to 0302.99",,0302,I
030274,sous_position,"Fish; fresh or chilled, eels (Anguilla spp.), excluding fillets, fish meat of 0304, and edible fish offal of subheadings 0302.91 to 0302.99",,0302,I
030279,sous_position,"Fish; fresh or chilled, Nile perch (Lates niloticus) and snakeheads (Channa spp.), excluding fillets, fish meat of 0304, and edible fish offal of subheadings 0302.91 to 0302.99",,0302,I
030281,sous_position,"Fish; fresh or chilled, dogfish and other sharks, excluding fillets, fish meat of 0304, and edible fish offal of subheadings 0302.91 to 0302.99",,0302,I
030282,sous_position,"Fish; fresh or chilled, rays and skates (Rajidae), excluding fillets, fish meat of 0304, and edible fish offal of subheadings 0302.91 to 0302.99",,0302,I
030283,sous_position,"Fish; fresh or chilled, toothfish (Dissostichus spp.), excluding fillets, fish meat of 0304, and edible fish offal of subheadings 0302.91 to 0302.99",,0302,I
030284,sous_position,"Fish; fresh or chilled, seabass (Dicentrarchus spp.), excluding fillets, fish meat of 0304, and edible fish offal of subheadings 0302.91 to 0302.99",,0302,I
030285,sous_position,"Fish; fresh or chilled, seabream (Sparidae), excluding fillets, fish meat of 0304, and edible fish offal of subheadings 0302.91 to 0302.99",,0302,I
030289,sous_position,"Fish; fresh or chilled, n.e.c. in heading 0302, excluding fillets, fish meat of 0304, and edible fish offal of subheadings 0302.91 to 0302.99",,0302,I
030291,sous_position,"Fish; fresh or chilled, livers, roes and milt",,0302,I
030292,sous_position,"Fish; fresh or chilled, shark fins",,0302,I
030299,sous_position,"Fish; fresh or chilled, fish fins (other than shark fins), heads, tails, maws and other edible fish offal",,0302,I
0303,position,"Fish; frozen, excluding fish fillets and other fish meat of heading 0304",,03,I
030311,sous_position,"Fish; frozen, Pacific salmon, sockeye salmon (red salmon) (Oncorhynchus nerka), excluding fillets, fish meat of 0304, and edible fish offal of subheadings 0303.91 to 0303.99",,0303,I
030312,sous_position,"Fish; frozen, Pacific salmon (Oncorhynchus gorbuscha/keta/tschawytscha/ kisutch/masou/rhodurus) other than sockeye salmon (Oncorhynchus nerka), excluding fillets, fish meat of 0304, and edible fish offal of subheadings 0303.91 to 0303.99",,0303,I
030313,sous_position,"Fish; frozen, Atlantic salmon (Salmo salar) and Danube salmon (Hucho hucho), excluding fillets, fish meat of 0304, and edible fish offal of subheadings 0303.91 to 0303.99",,0303,I
030314,sous_position,"Fish; frozen, trout (Salmo trutta, Oncorhynchus mykiss, Oncorhynchus clarki, Oncorhynchus aguabonita, Oncorhynchus gilae, Oncorhynchus apache and Oncorhynchus chrysogaster), excluding fillets, meat of 0304, and edible fish offal of 0303.91 to 0303.99",,0303,I
030319,sous_position,"Fish; frozen, salmonidae, n.e.c. in item no. 0303.1, excluding fillets, fish meat of 0304, and edible fish offal of subheadings 0303.91 to 0303.99",,0303,I
030323,sous_position,"Fish; frozen, tilapias (Oreochromis spp.), excluding fillets, fish meat of 0304, and edible fish offal of subheadings 0303.91 to 0303.99",,0303,I
030324,sous_position,"Fish; frozen, catfish (Pangasius spp., Silurus spp., Clarias spp., Ictalurus spp.), excluding fillets, fish meat of 0304, and edible fish offal of subheadings 0303.91 to 0303.99",,0303,I
030325,sous_position,"Fish; frozen, carp (as specified by the WCO), excluding fillets, fish meat of 0304, and edible fish offal of subheadings 0303.91 to 0303.99",,0303,I
030326,sous_position,"Fish; frozen, eels (Anguilla spp.), excluding fillets, fish meat of 0304, and edible fish offal of subheadings 0303.91 to 0303.99",,0303,I
030329,sous_position,"Fish; frozen, Nile perch (Lates niloticus) and snakeheads (Channa spp.), excluding fillets, fish meat of 0304, and edible fish offal of subheadings 0303.91 to 0303.99",,0303,I
030331,sous_position,"Fish; frozen, halibut (Reinhardtius hippoglossoides, Hippoglossus hippoglossus, Hippoglossus stenolepis), excluding fillets, fish meat of 0304, and edible fish offal of subheadings 0303.91 to 0303.99",,0303,I
030332,sous_position,"Fish; frozen, plaice (Pleuronectes platessa), excluding fillets, fish meat of 0304, and edible fish offal of subheadings 0303.91 to 0303.99",,0303,I
030333,sous_position,"Fish; frozen, sole (Solea spp.), excluding fillets, fish meat of 0304, and edible fish offal of subheadings 0303.91 to 0303.99",,0303,I
030334,sous_position,"Fish; frozen, turbots (Psetta maxima, Scophthalmidae), excluding fillets, fish meat of 0304, and edible fish offal of subheadings 0303.91 to 0303.99",,0303,I
030339,sous_position,"Fish; frozen, flat fish, n.e.c. in item no. 0303.3, excluding fillets, fish meat of 0304, and edible fish offal of subheadings 0303.91 to 0303.99",,0303,I
030341,sous_position,"Fish; frozen, albacore or longfinned tunas (Thunnus alalunga), excluding fillets, fish meat of 0304, and edible fish offal of subheadings 0303.91 to 0303.99",,0303,I
030342,sous_position,"Fish; frozen, yellowfin tunas (Thunnus albacares), excluding fillets, fish meat of 0304, and edible fish offal of subheadings 0303.91 to 0303.99",,0303,I
030343,sous_position,"Fish; frozen, skipjack tuna (stripe-bellied bonito) (Katsuwonus pelamis), excluding fillets, fish meat of 0304, and edible fish offal of subheadings 0303.91 to 0303.99",,0303,I
030344,sous_position,"Fish; frozen, bigeye tunas (Thunnus obesus), excluding fillets, fish meat of 0304, and edible fish offal of subheadings 0303.91 to 0303.99",,0303,I
030345,sous_position,"Fish; frozen, Atlantic and Pacific bluefin tunas (Thunnus thynnus, Thunnus orientalis), excluding fillets, fish meat of 0304, and edible fish offal of subheadings 0303.91 to 0303.99",,0303,I
030346,sous_position,"Fish; frozen, southern bluefin tunas (Thunnus maccoyii), excluding fillets, fish meat of 0304, and edible fish offal of subheadings 0303.91 to 0303.99",,0303,I
030349,sous_position,"Fish; frozen, tuna, n.e.c. in item no. 0303.4, excluding fillets, fish meat of 0304, and edible fish offal of subheadings 0303.91 to 0303.99",,0303,I
030351,sous_position,"Fish; frozen, herrings (Clupea harengus, Clupea pallasii), excluding fillets, fish meat of 0304, and edible fish offal of subheadings 0303.91 to 0303.99",,0303,I
030353,sous_position,"Fish; frozen, sardines (Sardina pilchardus, Sardinops spp.), sardinella (Sardinella spp.), brisling or sprats (Sprattus sprattus), excluding fillets, fish meat of 0304, and edible fish offal of subheadings 0303.91 to 0303.99",,0303,I
030354,sous_position,"Fish; frozen, mackerel (Scomber scombrus, Scomber australasicus, Scomber japonicus), excluding fillets, fish meat of 0304, and edible fish offal of subheadings 0303.91 to 0303.99",,0303,I
030355,sous_position,"Fish; frozen, jack and horse mackerel (Trachurus spp.), excluding fillets, fish meat of 0304, and edible fish offal of subheadings 0303.91 to 0303.99",,0303,I
030356,sous_position,"Fish; frozen, cobia (Rachycentron canadum), excluding fillets, fish meat of 0304, and edible fish offal of subheadings 0303.91 to 0303.99",,0303,I
030357,sous_position,"Fish; frozen, swordfish (Xiphias gladius), excluding fillets, fish meat of 0304, and edible fish offal of subheadings 0303.91 to 0303.99",,0303,I
030359,sous_position,"Fish; frozen, n.e.c. in item no. 0303.5, excluding fillets, fish meat of 0304, and edible fish offal of subheadings 0303.91 to 0303.99",,0303,I
030363,sous_position,"Fish; frozen, cod (Gadus morhua, Gadus ogac, Gadus macrocephalus), excluding fillets, fish meat of 0304, and edible fish offal of subheadings 0303.91 to 0303.99",,0303,I
030364,sous_position,"Fish; frozen, haddock (Melanogrammus aeglefinus), excluding fillets, fish meat of 0304, and edible fish offal of subheadings 0303.91 to 0303.99",,0303,I
030365,sous_position,"Fish; frozen, coalfish (Pollachius virens), excluding fillets, fish meat of 0304, and edible fish offal of subheadings 0303.91 to 0303.99",,0303,I
030366,sous_position,"Fish; frozen, hake (Merluccius spp., Urophycis spp.), excluding fillets, fish meat of 0304, and edible fish offal of subheadings 0303.91 to 0303.99",,0303,I
030367,sous_position,"Fish; frozen, Alaska pollock (Theragra chalcogramma), excluding fillets, fish meat of 0304, and edible fish offal of subheadings 0303.91 to 0303.99",,0303,I
030368,sous_position,"Fish; frozen, blue whitings (Micromesistius poutassou, Micromesistius australis), excluding fillets, fish meat of 0304, and edible fish offal of subheadings 0303.91 to 0303.99",,0303,I
030369,sous_position,"Fish; frozen, of Bregmacerotidae, Euclichthyidae, Gadidae, Macrouridae, Melanonidae, Merlucciidae, Moridae, Muraenolepididae, other than cod, haddock, coalfish, hake, Alaska pollack, blue whitings, not fillets, meat of 0304, and edible offal of 0303.9",,0303,I
030381,sous_position,"Fish; frozen, dogfish and other sharks, excluding fillets, fish meat of 0304, and edible fish offal of subheadings 0303.91 to 0303.99",,0303,I
030382,sous_position,"Fish; frozen, rays and skates (Rajidae), excluding fillets, fish meat of 0304, and edible fish offal of subheadings 0303.91 to 0303.99",,0303,I
030383,sous_position,"Fish; frozen, toothfish (Dissostichus spp.), excluding fillets, livers, roes, and edible fish offal of subheadings 0303.91 to 0303.99",,0303,I
030384,sous_position,"Fish; frozen, seabass (Dicentrarchus spp.), excluding fillets, fish meat of 0304, and edible fish offal of subheadings 0303.91 to 0303.99",,0303,I
030389,sous_position,"Fish; frozen, n.e.c. in heading 0303, excluding fillets, fish meat of 0304, and edible fish offal of subheadings 0303.91 to 0303.99",,0303,I
030391,sous_position,"Fish; frozen, livers, roes and milt",,0303,I
030392,sous_position,"Fish; frozen, shark fins",,0303,I
030399,sous_position,"Fish; frozen, fish fins (other than shark fins), heads, tails, maws and other edible fish offal",,0303,I
0304,position,"Fish fillets and other fish meat (whether or not minced); fresh, chilled or frozen",,03,I
030431,sous_position,"Fish fillets; fresh or chilled, tilapias (Oreochromis spp.)",,0304,I
030432,sous_position,"Fish fillets; fresh or chilled, catfish (Pangasius spp., Silurus spp., Clarias spp., Ictalurus spp.)",,0304,I
030433,sous_position,"Fish fillets; fresh or chilled, Nile perch (Lates niloticus)",,0304,I
030439,sous_position,"Fish fillets; fresh or chilled, carp (as specified by the WCO), eels (Anguilla spp.), and snakeheads (Channa spp.)",,0304,I
030441,sous_position,"Fish fillets; fresh or chilled, salmon, Pacific (Oncorhynchus nerka, Oncorhynchus gorbuscha, Oncorhynchus keta, Oncorhynchus tschawytscha, Oncorhynchus kisutch, Oncorhynchus masou and Oncorhynchus rhodurus), Atlantic (Salmo salar), Danube (Hucho hucho)",,0304,I
030442,sous_position,"Fish fillets; fresh or chilled, trout (Salmo trutta, Oncorhynchus mykiss, Oncorhynchus clarki, Oncorhynchus aguabonita, Oncorhynchus gilae, Oncorhynchus apache and Oncorhynchus chrysogaster)",,0304,I
030443,sous_position,"Fish fillets; fresh or chilled, flat fish (Pleuronectidae, Bothidae, Cynoglossidae, Soleidae, Scophthalmidae and Citharidae)",,0304,I
030444,sous_position,"Fish fillets; fresh or chilled, of the families Bregmacerotidae, Euclichthyidae, Gadidae, Macrouridae, Melanonidae, Merlucciidae, Moridae, and Muraenolepididae",,0304,I
030445,sous_position,"Fish fillets; fresh or chilled, swordfish (Xiphias gladius)",,0304,I
030446,sous_position,"Fish fillets; fresh or chilled, toothfish (Dissostichus spp.)",,0304,I
030447,sous_position,"Fish fillets; fresh or chilled, dogfish and other sharks",,0304,I
030448,sous_position,"Fish fillets; fresh or chilled, rays and skates (Rajidae)",,0304,I
030449,sous_position,"Fish fillets; fresh or chilled, other than fish of heading 0304.4",,0304,I
030451,sous_position,"Fish meat, excluding fillets, whether or not minced; fresh or chilled, tilapias, catfish, carp, eels, Nile perch, and snakeheads",,0304,I
030452,sous_position,"Fish meat, excluding fillets, whether or not minced; fresh or chilled, salmonidae",,0304,I
030453,sous_position,"Fish meat, excluding fillets, whether or not minced; fresh or chilled, of the families Bregmacerotidae, Euclichthyidae, Gadidae, Macrouridae, Melanonidae, Merlucciidae, Moridae, and Muraenolepididae",,0304,I
030454,sous_position,"Fish meat, excluding fillets, whether or not minced; fresh or chilled, swordfish (Xiphias gladius)",,0304,I
030455,sous_position,"Fish meat, excluding fillets, whether or not minced; fresh or chilled, toothfish (Dissostichus spp.)",,0304,I
030456,sous_position,"Fish meat; excluding fillets, whether or not minced; fresh or chilled, dogfish and other sharks",,0304,I
030457,sous_position,"Fish meat; excluding fillets, whether or not minced; fresh or chilled, rays and skates (Rajidae)",,0304,I
030459,sous_position,"Fish meat; excluding fillets, whether or not minced; fresh or chilled, of fish n.e.c. in item no. 0304.5",,0304,I
030461,sous_position,"Fish fillets; frozen, tilapias (Oreochromis spp.)",,0304,I
030462,sous_position,"Fish fillets; frozen, catfish (Pangasius spp., Silurus spp., Clarias spp., Ictalurus spp.)",,0304,I
030463,sous_position,"Fish fillets; frozen, Nile Perch (Lates niloticus)",,0304,I
030469,sous_position,"Fish fillets; frozen, carp (Cyprinus/Carassius/Ctenopharyngodon idellus/Hypophthalmichthys/Cirrhinus/Mylopharyngodon piceus/Catla catla/Labeo/Osteochilus hasselti/Leptobarbus hoeveni/Megalobrama), eels (Anguilla) and snakeheads (Channa)",,0304,I
030471,sous_position,"Fish fillets; frozen, cod (Gadus morhua, Gadus ogac, Gadus macrocephalus)",,0304,I
030472,sous_position,"Fish fillets; frozen, haddock (Melanogrammus aeglefinus)",,0304,I
030473,sous_position,"Fish fillets; frozen, coalfish (Pollachius virens)",,0304,I
030474,sous_position,"Fish fillets; frozen, hake (Merluccius spp., Urophycis spp.)",,0304,I
030475,sous_position,"Fish fillets; frozen, Alaska pollock (Theragra chalcogramma)",,0304,I
030479,sous_position,"Fish fillets; frozen, of the families Bregmacerotidae, Euclichthyidae, Gadidae, Macrouridae, Melanonidae, Merlucciidae, Moridae and Muraenolepididae other than cod, haddock, coalfish, hake, and Alaska pollock",,0304,I
030481,sous_position,"Fish fillets; frozen, salmon, Pacific (Oncorhynchus nerka, Oncorhynchus gorbuscha, Oncorhynchus keta, Oncorhynchus tschawytscha, Oncorhynchus kisutch, Oncorhynchus masou, Oncorhynchus rhodurus), Atlantic (Salmo salar), and Danube (Hucho hucho)",,0304,I
030482,sous_position,"Fish fillets; frozen, trout (Salmo trutta, Oncorhynchus mykiss, Oncorhynchus clarki, Oncorhynchus aguabonita, Oncorhynchus gilae, Oncorhynchus apache and Oncorhynchus chrysogaster)",,0304,I
030483,sous_position,"Fish fillets; frozen, flat fish (Pleuronectidae, Bothidae, Cynoglossidae, Soleidae, Scophthalmidae and Citharidae)",,0304,I
030484,sous_position,"Fish fillets; frozen, swordfish (Xiphias gladius)",,0304,I
030485,sous_position,"Fish fillets; frozen, toothfish (Dissostichus spp.)",,0304,I
030486,sous_position,"Fish fillets; frozen, herrings (Clupea harengus, Clupea pallasii)",,0304,I
030487,sous_position,"Fish fillets; frozen, tunas (of the genus Thunnus), skipjack tuna (stripe-bellied bonito) (Katsuwonus pelamis)",,0304,I
030488,sous_position,"Fish fillets; frozen, dogfish, other sharks, rays and skates (Rajidae)",,0304,I
030489,sous_position,"Fish fillets; frozen, of fish n.e.c. in heading 0304.8",,0304,I
030491,sous_position,"Fish meat, excluding fillets, whether or not minced; frozen, swordfish (Xiphias gladius)",,0304,I
030492,sous_position,"Fish meat, excluding fillets, whether or not minced; frozen, toothfish (Dissostichus spp.)",,0304,I
030493,sous_position,"Fish meat, excluding fillets, whether or not minced; frozen, tilapias, catfish, carp, eels, Nile perch, and snakeheads",,0304,I
030494,sous_position,"Fish meat, excluding fillets, whether or not minced; frozen, Alaska Pollock (Theragra chalcogramma)",,0304,I
030495,sous_position,"Fish meat, excluding fillets, whether or not minced; frozen, of the families Bregmacerotidae, Euclichthyidae, Gadidae, Macrouridae, Melanonidae, Merlucciidae, Moridae and Muraenolepididae, other than Alaska Pollock (Theragra chalcogramma)",,0304,I
030496,sous_position,"Fish meat, excluding fillets, whether or not minced; frozen, dogfish and other sharks",,0304,I
030497,sous_position,"Fish meat, excluding fillets, whether or not minced; frozen, rays and skates (Rajidae)",,0304,I
030499,sous_position,"Fish meat, excluding fillets, whether or not minced; frozen, n.e.c. in item no. 0304.9",,0304,I
0305,position,"Fish, dried, salted or in brine; smoked fish, whether or not cooked before, or during the smoking process",,03,I
030520,sous_position,"Fish; livers, roes and milt of fish, dried, smoked, salted or in brine",,0305,I
030531,sous_position,"Fish fillets; dried, salted or in brine, but not smoked, tilapias, catfish, carp, eels, Nile perch, and snakeheads",,0305,I
030532,sous_position,"Fish fillets; dried, salted or in brine, but not smoked, of the families Bregmacerotidae, Euclichthyidae, Gadidae, Macrouridae, Melanonidae, Merlucciidae, Moridae and Muraenolepididae",,0305,I
030539,sous_position,"Fish fillets; dried, salted or in brine, but not smoked, n.e.c. in item no. 0305.3",,0305,I
030541,sous_position,"Fish; smoked, whether or not cooked before or during smoking, salmon, Pacific (Oncorhynchus nerka, gorbuscha, keta, tschawytscha, kisutch, masou, rhodurus), Atlantic (Salmo salar) and Danube (Hucho hucho), includes fillets, but excludes edible fish offal",,0305,I
030542,sous_position,"Fish; smoked, whether or not cooked before or during smoking, herrings (Clupea harengus, Clupea pallasii), includes fillets, but excludes edible fish offal",,0305,I
030543,sous_position,"Fish; smoked, whether or not cooked before or during smoking, trout (Salmo trutta, Oncorhynchus mykiss/clarki/aguabonita/gilae/apache/chrysogaster), includes fillets, but excludes edible fish offal",,0305,I
030544,sous_position,"Fish; smoked, whether or not cooked before or during smoking, tilapias, catfish, carp, eels, Nile perch, and snakeheads, includes fillets, but excludes edible fish offal",,0305,I
030549,sous_position,"Fish; smoked, whether or not cooked before or during smoking, n.e.c. in item no. 0305.4, includes fillets, but excludes edible fish offal",,0305,I
030551,sous_position,"Fish; dried, whether or not salted but not smoked, other than edible fish offal, cod (Gadus morhua, Gadus ogac, Gadus macrocephalus)",,0305,I
030552,sous_position,"Fish; dried, whether or not salted but not smoked, tilapias, catfish, carp, eels, Nile perch, and snakeheads",,0305,I
030553,sous_position,"Fish; dried, whether or not salted but not smoked, fish of the families Bregmacerotidae, Euclichthyidae, Gadidae, Macrouridae, Melanonidae, Merlucciidae, Moridae and Muraenolepididae, other than cod",,0305,I
030554,sous_position,"Dried herrings, anchovies, sardines, sardinella, brisling or sprats, mackerel (incl Indian, jack, or horse), seerfishes, jacks, crevalles, cobia, silver pomfrets, Pacific saury, scads, capelin, swordfish, Kawakawa, bonitos, marlins, sailfishes, spearfish",,0305,I
030559,sous_position,"Fish; dried, whether or not salted but not smoked, other than edible fish offal, n.e.c. in item no. 0305.5",,0305,I
030561,sous_position,"Fish; salted or in brine, not dried or smoked, other than edible fish offal, herrings (Clupea harengas, Clupea pallasii)",,0305,I
030562,sous_position,"Fish; salted or in brine, not dried or smoked, other than edible fish offal, cod (Gadus morhua, Gadus ogac, Gadus macrocephalus)",,0305,I
030563,sous_position,"Fish; salted or in brine, not dried or smoked, other than edible fish offal, anchovies (Engrails spp.)",,0305,I
030564,sous_position,"Fish; salted or in brine, not dried or smoked, other than edible fish offal, tilapias, catfish, carp, eels, Nile perch, and snakeheads",,0305,I
030569,sous_position,"Fish; salted or in brine, not dried or smoked, other than edible fish offal, n.e.c. in item no. 0305.6",,0305,I
030571,sous_position,"Fish; edible offal, shark fins",,0305,I
030572,sous_position,"Fish; edible offal, fish heads, tails and maws",,0305,I
030579,sous_position,"Fish; edible offal, other than shark fins, fish heads, tails and maws",,0305,I
0306,position,"Crustaceans; in shell or not, live, fresh, chilled, frozen, dried, salted or in brine; smoked, cooked or not before or during smoking; in shell, steamed or boiled, whether or not chilled, frozen, dried, salted or in brine",,03,I
030611,sous_position,"Crustaceans; frozen, rock lobsters and other sea crawfish (Palinurus spp., Panulirus spp., Jasus spp.), in shell or not, smoked, cooked or not before or during smoking; in shell, cooked by steaming or by boiling in water",,0306,I
030612,sous_position,"Crustaceans; frozen, lobsters (Homarus spp.), in shell or not, smoked, cooked or not before or during smoking; in shell, cooked by steaming or by boiling in water",,0306,I
030614,sous_position,"Crustaceans; frozen, crabs, in shell or not, smoked, cooked or not before or during smoking; in shell, cooked by steaming or by boiling in water",,0306,I
030615,sous_position,"Crustaceans; frozen, Norway lobsters (Nephrops norvegicus), in shell or not, smoked, cooked or not before or during smoking; in shell, cooked by steaming or by boiling in water",,0306,I
030616,sous_position,"Crustaceans; frozen, cold-water shrimps and prawns (Pandalus spp., Crangon crangon), in shell or not, smoked, cooked or not before or during smoking; in shell, cooked by steaming or by boiling in water",,0306,I
030617,sous_position,"Crustaceans; frozen, shrimps and prawns, excluding cold-water varieties, in shell or not, smoked, cooked or not before or during smoking; in shell, cooked by steaming or by boiling in water",,0306,I
030619,sous_position,"Crustaceans; frozen, n.e.c. in item no. 0306.1, in shell or not, smoked, cooked or not before or during smoking; in shell, cooked by steaming or by boiling in water",,0306,I
030631,sous_position,"Crustaceans; live, fresh or chilled, rock lobsters and other sea crawfish (Palinurus spp., Panulirus spp., Jasus spp.), in shell or not",,0306,I
030632,sous_position,"Crustaceans; live, fresh or chilled, lobsters (Homarus spp.), whether in shell or not",,0306,I
030633,sous_position,"Crustaceans; live, fresh or chilled, crabs, whether in shell or not",,0306,I
030634,sous_position,"Crustaceans; live, fresh or chilled, Norway lobsters (Nephrops norvegicus), in shell or not",,0306,I
030635,sous_position,"Crustaceans; live, fresh or chilled, cold-water shrimps and prawns (Pandalus spp., Crangon crangon), in shell or not",,0306,I
030636,sous_position,"Crustaceans; live, fresh or chilled, shrimps and prawns excluding cold-water varieties, in shell or not",,0306,I
030639,sous_position,"Crustaceans; live, fresh or chilled, n.e.c. in item no. 0306.3, in shell or not",,0306,I
030691,sous_position,"Crustaceans; rock lobsters and other sea crawfish (Palinurus spp., Panulirus spp., Jasus spp.), smoked, cooked or not, whether in shell or not, whether or not cooked before or during smoking",,0306,I
030692,sous_position,"Crustaceans; lobsters (Homarus spp.), smoked, cooked or not, whether in shell or not, whether or not cooked before or during smoking",,0306,I
030693,sous_position,"Crustaceans; crabs, smoked, cooked or not, whether in shell or not, whether or not cooked before or during smoking",,0306,I
030694,sous_position,"Crustaceans; Norway lobsters (Nephrops norvegicus), smoked, cooked or not, whether in shell or not, whether or not cooked before or during smoking",,0306,I
030695,sous_position,"Crustaceans; shrimps and prawns, smoked, cooked or not, whether in shell or not, whether or not cooked before or during smoking",,0306,I
030699,sous_position,"Crustaceans; smoked, whole, cooked or not, n.e.c. in item no. 0306.9, in shell or not",,0306,I
0307,position,"Molluscs; whether in shell or not, live, fresh, chilled, frozen, dried, salted or in brine; smoked molluscs, whether in shell or not, whether or not cooked before or during the smoking process",,03,I
030711,sous_position,"Molluscs; oysters, whether in shell or not, live, fresh or chilled",,0307,I
030712,sous_position,"Molluscs; oysters, whether in shell or not, frozen",,0307,I
030719,sous_position,"Molluscs; oysters, whether in shell or not, dried, salted or in brine, smoked, cooked or not before or during the smoking process",,0307,I
030721,sous_position,"Molluscs; scallops and other molluscs of the family Pectinidae, whether in shell or not, live, fresh or chilled",,0307,I
030722,sous_position,"Molluscs; scallops and other molluscs of the family Pectinidae, whether in shell or not, frozen",,0307,I
030729,sous_position,"Molluscs; scallops and other molluscs of the family Pectinidae, whether in shell or not, dried, salted, in brine, or smoked, cooked or not before or during the smoking process",,0307,I
030731,sous_position,"Molluscs; mussels (Mytilus spp., Perna spp.), whether in shell or not, live, fresh or chilled",,0307,I
030732,sous_position,"Molluscs; mussels (Mytilus spp., Perna spp.), whether in shell or not, frozen",,0307,I
030739,sous_position,"Molluscs; mussels (Mytilus spp., Perna spp.), whether in shell or not, dried, salted, in brine, or smoked, cooked or not before or during the smoking process",,0307,I
030742,sous_position,"Molluscs; cuttle fish and squid, whether in shell or not, live, fresh or chilled",,0307,I
030743,sous_position,"Molluscs; cuttle fish and squid, whether in shell or not, frozen",,0307,I
030749,sous_position,"Molluscs; cuttle fish and squid, whether in shell or not, dried, salted, in brine, or smoked, cooked or not before or during the smoking process",,0307,I
030751,sous_position,"Molluscs; octopus (Octopus spp.), live, fresh or chilled",,0307,I
030752,sous_position,"Molluscs; octopus (Octopus spp.), frozen",,0307,I
030759,sous_position,"Molluscs; octopus (Octopus spp.), dried, salted, in brine, or smoked, cooked or not before or during the smoking process",,0307,I
030760,sous_position,"Molluscs; snails, other than sea snails, whether in shell or not, live, fresh, chilled, frozen, dried, salted, in brine, or smoked, cooked or not before or during the smoking process",,0307,I
030771,sous_position,"Molluscs; clams, cockles and ark shells (families Arcidae, Arcticidae, Cardiidae, Donacidae, Hiatellidae, Mactridae, Mesodesmatidae, Myidae, Semelidae, Solecurtidae, Solenidae, Tridacnidae and Veneridae), whether in shell or not, live, fresh or chilled",,0307,I
030772,sous_position,"Molluscs; clams, cockles, ark shells (Arcidae, Arcticidae, Cardiidae, Donacidae, Hiatellidae, Mactridae, Mesodesmatidae, Myidae, Semelidae, Solecurtidae, Solenidae, Tridacnidae and Veneridae), whether in shell or not, frozen",,0307,I
030779,sous_position,"Molluscs; clams, cockle, ark shells (families Arcidae, Arcticidae, Cardiidae, Donacidae, Hiatellidae, Mactridae, Mesodesmatidae, Myidae, Semelidae, Solecurtidae, Solenidae, Tridacnidae, Veneridae), whether in shell or not, dried, salted, in brine, smoked",,0307,I
030781,sous_position,"Molluscs; abalone (Haliotis spp.), whether in shell or not, live, fresh or chilled",,0307,I
030782,sous_position,"Molluscs; stromboid conchs (Strombus spp.), whether in shell or not, live, fresh or chilled",,0307,I
030783,sous_position,"Molluscs; abalone (Haliotis spp.), whether in shell or not, frozen",,0307,I
030784,sous_position,"Molluscs; stromboid conchs (Strombus spp.), whether in shell or not, frozen",,0307,I
030787,sous_position,"Molluscs; abalone (Haliotis spp.), whether in shell or not, dried, salted, in brine, or smoked, cooked or not before or during the smoking process",,0307,I
030788,sous_position,"Molluscs; stromboid conchs (Strombus spp.), whether in shell or not, dried, salted, in brine, or smoked, cooked or not before or during the smoking process",,0307,I
030791,sous_position,"Molluscs; n.e.c. in heading 0307, whether in shell or not, live or fresh, chilled",,0307,I
030792,sous_position,"Molluscs; n.e.c. in heading 0307, whether in shell or not, frozen",,0307,I
030799,sous_position,"Molluscs; n.e.c. in heading 0307, whether in shell or not, dried, salted, in brine, or smoked, cooked or not before or during the smoking process",,0307,I
0308,position,"Aquatic invertebrates other than crustaceans and molluscs, live, fresh, chilled, frozen, dried, salted or in brine; smoked aquatic invertebrates other than crustaceans and molluscs, whether or not cooked before or during the smoking process",,03,I
030811,sous_position,"Aquatic invertebrates; sea cucumbers (Stichopus japonicus, Holothuroidea), live, fresh or chilled",,0308,I
030812,sous_position,"Aquatic invertebrates; sea cucumbers (Stichopus japonicus, Holothuroidea), frozen",,0308,I
030819,sous_position,"Aquatic invertebrates; sea cucumbers (Stichopus japonicus, Holothuroidea), dried, salted or in brine, smoked, whether or not cooked before or during the smoking process",,0308,I
030821,sous_position,"Aquatic invertebrates; sea urchins (Strongylocentrotus spp., Paracentrotus lividus, Loxechinus albus, Echinus esculentus), live, fresh or chilled",,0308,I
030822,sous_position,"Aquatic invertebrates; sea urchins (Strongylocentrotus spp., Paracentrotus lividus, Loxechinus albus, Echinus esculentus), frozen",,0308,I
030829,sous_position,"Aquatic invertebrates; sea urchins (Strongylocentrotus spp., Paracentrotus lividus, Loxechinus albus, Echinus esculentus), dried, salted or in brine, smoked, whether or not cooked before or during smoking process",,0308,I
030830,sous_position,"Aquatic invertebrates; jellyfish (Rhopilema spp.), live, fresh, chilled, frozen, dried, salted or in brine, smoked, whether or not cooked before or during smoking",,0308,I
030890,sous_position,"Aquatic invertebrates; other than crustaceans, molluscs, sea urchins, sea cucumbers and jellyfish, live, fresh, chilled, frozen, dried, salted or in brine, smoked, cooked or not before or during smoking",,0308,I
0309,position,"Flours, meals and pellets of fish, crustaceans, molluscs and other aquatic invertebrates, fit for human consumption",,03,I
030910,sous_position,"Flours, meals and pellets of fish, fit for human consumption",,0309,I
030990,sous_position,"Flours, meals and pellets of crustaceans, molluscs and other aquatic invertebrates, fit for human consumption",,0309,I
04,chapitre,"Dairy produce; birds' eggs; natural honey; edible products of animal origin, not elsewhere specified or included",,TOTAL,I
0401,position,"Milk and cream; not concentrated, not containing added sugar or other sweetening matter",,04,I
040110,sous_position,"Dairy produce; milk and cream, not concentrated, not containing added sugar or other sweetening matter, of a fat content, by weight, not exceeding 1%",,0401,I
040120,sous_position,"Dairy produce; milk and cream, not concentrated, not containing added sugar or other sweetening matter, of a fat content, by weight, exceeding 1% but not exceeding 6%",,0401,I
040140,sous_position,"Dairy produce; milk and cream, not concentrated, not containing added sugar or other sweetening matter, of a fat content, by weight, exceeding 6% but not exceeding 10%",,0401,I
040150,sous_position,"Dairy produce; milk and cream, not concentrated, not containing added sugar or other sweetening matter, of a fat content, by weight, exceeding 10%",,0401,I
0402,position,Milk and cream; concentrated or containing added sugar or other sweetening matter,,04,I
040210,sous_position,"Dairy produce; milk and cream, concentrated or containing added sugar or other sweetening matter, in powder, granules or other solid forms, of a fat content not exceeding 1.5% (by weight)",,0402,I
040221,sous_position,"Dairy produce; milk and cream, concentrated, not containing added sugar or other sweetening matter, in powder, granules or other solid forms, of a fat content exceeding 1.5% (by weight)",,0402,I
040229,sous_position,"Dairy produce; milk and cream, containing added sugar or other sweetening matter, in powder, granules or other solid forms, of a fat content exceeding 1.5% (by weight)",,0402,I
040291,sous_position,"Dairy produce; milk and cream, concentrated, not containing added sugar or other sweetening matter, other than in powder, granules or other solid forms",,0402,I
040299,sous_position,"Dairy produce; milk and cream, containing added sugar or other sweetening matter, other than in powder, granules or other solid forms",,0402,I
0403,position,"Yogurt; buttermilk, curdled milk and cream, kephir and other fermented or acidified milk and cream, whether or not concentrated or containing added sugar or other sweetening matter or flavoured or containing added fruit, nuts or cocoa.",,04,I
040320,sous_position,"Dairy produce; yoghurt, whether or not concentrated or containing added sugar or other sweetening matter or flavoured or containing added fruit, nuts or cocoa",,0403,I
040390,sous_position,"Dairy produce; buttermilk, curdled milk or cream, kephir, fermented or acidified milk or cream, whether or not concentrated or containing added sweetening, flavouring, fruit, nuts or cocoa (excluding yoghurt)",,0403,I
0404,position,"Whey and products consisting of natural milk constituents; whether or not containing added sugar or other sweetening matter, not elsewhere specified or included",,04,I
040410,sous_position,"Dairy produce; whey, whether or not concentrated or containing added sugar or other sweetening matter",,0404,I
040490,sous_position,"Dairy produce; natural milk constituents (excluding whey), whether or not containing added sugar or other sweetening matter, n.e.c. in chapter 04",,0404,I
0405,position,Butter and other fats and oils derived from milk; dairy spreads,,04,I
040510,sous_position,"Dairy produce; derived from milk, butter",,0405,I
040520,sous_position,Dairy produce; dairy spreads,,0405,I
040590,sous_position,Dairy produce; fats and oils derived from milk (other than butter or dairy spreads),,0405,I
0406,position,Cheese and curd,,04,I
040610,sous_position,"Dairy produce; fresh cheese (including whey cheese), not fermented, and curd",,0406,I
040620,sous_position,"Dairy produce; cheese of all kinds, grated or powdered",,0406,I
040630,sous_position,"Dairy produce; cheese, processed (not grated or powdered)",,0406,I
040640,sous_position,"Dairy produce; cheese, blue-veined and other cheese containing veins produced by Penicillium roqueforti (not grated, powdered or processed)",,0406,I
040690,sous_position,"Dairy produce; cheese (not grated, powdered or processed), n.e.c. in heading no. 0406",,0406,I
0407,position,"Birds' eggs, in shell; fresh, preserved or cooked",,04,I
040711,sous_position,"Birds' eggs, in shell; fresh, fertilised eggs for incubation, of fowls of the species Gallus domesticus (domestic hens)",,0407,I
040719,sous_position,"Birds' eggs, in shell; fresh, fertilised eggs for incubation, other than fowls of the species Gallus domesticus (domestic hens)",,0407,I
040721,sous_position,"Birds' eggs, in shell; fresh, not for incubation, of fowls of the species Gallus domesticus (domestic hens)",,0407,I
040729,sous_position,"Birds' eggs, in shell; fresh, not for incubation, other than fowls of the species Gallus domesticus (domestic hens)",,0407,I
040790,sous_position,"Birds' eggs, in shell; preserved or cooked",,0407,I
0408,position,"Birds' eggs, not in shell; egg yolks, fresh, dried, cooked by steaming or boiling in water, moulded, frozen or otherwise preserved, whether or not containing added sugar or other sweetening matter",,04,I
040811,sous_position,"Eggs; birds' eggs, yolks, dried, whether or not containing added sugar or other sweetening matter",,0408,I
040819,sous_position,"Eggs; birds' eggs, yolks, fresh, cooked by steaming or by boiling in water, moulded, frozen or otherwise preserved, whether or not containing added sugar or other sweetening matter",,0408,I
040891,sous_position,"Eggs; birds' eggs (not in shell, excluding yolks only), dried, whether or not containing added sugar or other sweetening matter",,0408,I
040899,sous_position,"Eggs; birds' eggs (not in shell, excluding yolks only), fresh, cooked by steaming or boiling in water, moulded, frozen, otherwise preserved, whether or not containing added sugar or other sweetening matter",,0408,I
0409,position,Honey; natural,,04,I
040900,sous_position,Honey; natural,,0409,I
0410,position,"Animal products; insects and other edible products of animal origin, not elsewhere specified or included",,04,I
041010,sous_position,Animal products; insects,,0410,I
041090,sous_position,"Animal products; edible products of animal origin, not elsewhere specified or included, other than insects",,0410,I
05,chapitre,Animal originated products; not elsewhere specified or included,,TOTAL,I
0501,position,"Human hair; unworked, whether or not washed or scoured; waste of human hair",,05,I
050100,sous_position,"Animal products; hair, human, unworked, whether or not washed or scoured, and waste of human hair",,0501,I
0502,position,"Pigs', hogs' or boars' bristles and hair; and waste thereof",,05,I
050210,sous_position,"Animal products; hair and bristles, of pigs, hogs or boars, and waste thereof",,0502,I
050290,sous_position,"Animal products; badger hair and other brush making hair and waste of such bristles or hair, n.e.c. in heading no. 0502 (excluding horsehair)",,0502,I
0504,position,"Guts, bladders and stomachs of animals (other than fish); whole and pieces thereof, fresh, chilled, frozen, salted, in brine, dried or smoked",,05,I
050400,sous_position,"Animal products; guts, bladders and stomachs of animals (other than fish), whole and pieces thereof, fresh, chilled, frozen, salted, in brine, dried or smoked",,0504,I
0505,position,"Skins and other parts of birds with feathers, down; feathers, down and parts thereof; not further worked than cleaned, disinfected, treated for preservation; powder, waste and parts of feathers",,05,I
050510,sous_position,"Animal products; feathers and down used for stuffing, not further worked than cleaned, disinfected or treated for preservation",,0505,I
050590,sous_position,"Animal products; skins and other parts of birds, feathers and down (not for stuffing), powder and waste of such, not further worked than cleaned, disinfected or treated for preservation",,0505,I
0506,position,"Bones and horn-cores, unworked, defatted, simply prepared (but not cut to shape), treated with acid or degelatinised; powder and waste of these products",,05,I
050610,sous_position,Animal products; ossein and bones treated with acid,,0506,I
050690,sous_position,"Animal products; bones and horn-cores and powder or waste of such, unworked, defatted, simply prepared (not cut to shape), or treated with acid or degelatinised, n.e.c. in heading no. 0506",,0506,I
0507,position,"Ivory, tortoise-shell, whalebone and whalebone hair, horns, antlers, hooves, nails, claws and beaks unworked or simply prepared, not cut to shape; waste and powder of these products",,05,I
050710,sous_position,"Animal products; ivory, unworked or simply prepared but not cut to shape, ivory powder and waste",,0507,I
050790,sous_position,"Animal products; tortoise-shell, whalebone and whalebone hair, horns, antlers, hooves, nails, claws and beaks, unworked or simply prepared but not cut to shape, waste and powder of these products",,0507,I
0508,position,"Coral and similar materials, unworked or simply prepared, shells of molluscs, crustaceans or echinoderms and cuttle-bone, not cut to shape powder and waste thereof",,05,I
050800,sous_position,"Animal products; coral and similar materials, shells of molluscs, crustaceans, echinoderms, cuttle-bone, unworked or simply prepared but not cut to shape, powder and waste thereof",,0508,I
0510,position,"Ambergris, castoreum, civet and musk; cantharides; bile, dried or not glands, other animal products used in preparation of pharmaceutical products, fresh chilled, frozen or otherwise provisionally preserved",,05,I
051000,sous_position,"Animal products; ambergris, castoreum, civet, musk, cantharides, bile (dried or not) glands and other animal products, for pharmaceutical purposes, fresh, chilled, frozen or otherwise provisionally preserved",,0510,I
0511,position,"Animal products not elsewhere specified or included; dead animals of chapter 1 or 3, unfit for human consumption",,05,I
051110,sous_position,Animal products; bovine semen,,0511,I
051191,sous_position,"Animal products; of fish or crustaceans, molluscs or other aquatic invertebrates; dead animals of chapter 03, unfit for human consumption",,0511,I
051199,sous_position,Animal products; n.e.c. in chapter 5,,0511,I
06,chapitre,"Trees and other plants, live; bulbs, roots and the like; cut flowers and ornamental foliage",,TOTAL,II
0601,position,"Bulbs, tubers, tuberous roots, corms, crowns and rhizomes; dormant, in growth or in flower; chicory plants and roots other than roots of heading no. 1212",,06,II
060110,sous_position,"Plants, live; bulbs, tubers, tuberous roots, corms, crowns and rhizomes, dormant",,0601,II
060120,sous_position,"Plants, live; bulbs, tubers, tuberous roots, corms, crowns and rhizomes, in growth or in flower, chicory plants and roots other than of heading no. 1212",,0601,II
0602,position,"Plants, live; n.e.c. in heading no. 0601, (including their roots) cuttings and slips; mushroom spawn",,06,II
060210,sous_position,"Plants, live; unrooted cuttings and slips",,0602,II
060220,sous_position,"Plants, live; edible fruit or nut trees, shrubs and bushes, grafted or not",,0602,II
060230,sous_position,"Plants, live; rhododendrons and azaleas, grafted or not",,0602,II
060240,sous_position,"Plants, live; roses, grafted or not",,0602,II
060290,sous_position,"Plants, live; n.e.c. in heading no. 0602",,0602,II
0603,position,"Flowers; cut flowers and flower buds of a kind suitable for bouquets or for ornamental purposes, fresh, dried, dyed, bleached, impregnated or otherwise prepared",,06,II
060311,sous_position,"Flowers, cut; roses, flowers and buds of a kind suitable for bouquets or ornamental purposes, fresh",,0603,II
060312,sous_position,"Flowers, cut; carnations, flowers and buds of a kind suitable for bouquets or ornamental purposes, fresh",,0603,II
060313,sous_position,"Flowers, cut; orchids, flowers and buds of a kind suitable for bouquets or ornamental purposes, fresh",,0603,II
060314,sous_position,"Flowers, cut; chrysanthemums, flowers and buds of a kind suitable for bouquets or ornamental purposes, fresh",,0603,II
060315,sous_position,"Flowers, cut; lilies (Lilium spp.), flowers and flower buds of a kind suitable for bouquets or ornamental purposes, fresh",,0603,II
060319,sous_position,"Flowers, cut; flowers and buds of a kind suitable for bouquets or ornamental purposes, fresh, other than roses, carnations, orchids, chrysanthemums or lillies",,0603,II
060390,sous_position,"Flowers, cut; flowers and flower buds of a kind suitable for bouquets or ornamental purposes, dried, dyed, bleached, impregnated or otherwise prepared",,0603,II
0604,position,"Foliage, branches and other parts of plants, without flowers or flower buds, and grasses, mosses and lichens; suitable for bouquets or for ornamental purposes, fresh, dried, dyed, bleached, impregnated etc.",,06,II
060420,sous_position,"Foliage, branches and other parts of plants, without flowers or flower buds, and grasses, mosses and lichens; suitable for bouquets or for ornamental purposes, fresh",,0604,II
060490,sous_position,"Foliage, branches and other parts of plants, without flowers or flower buds, and grasses, mosses and lichens; suitable for bouquets or for ornamental purposes, dried, dyed, bleached, impregnated or otherwise prepared",,0604,II
07,chapitre,Vegetables and certain roots and tubers; edible,,TOTAL,II
0701,position,Potatoes; fresh or chilled,,07,II
070110,sous_position,"Vegetables; seed potatoes, fresh or chilled",,0701,II
070190,sous_position,"Vegetables; potatoes (other than seed), fresh or chilled",,0701,II
0702,position,Tomatoes; fresh or chilled,,07,II
070200,sous_position,"Vegetables; tomatoes, fresh or chilled",,0702,II
0703,position,"Onions, shallots, garlic, leeks and other alliaceous vegetables; fresh or chilled",,07,II
070310,sous_position,"Vegetables, alliaceous; onions and shallots, fresh or chilled",,0703,II
070320,sous_position,"Vegetables, alliaceous; garlic, fresh or chilled",,0703,II
070390,sous_position,"Vegetables, alliaceous; leeks and other kinds n.e.c. in heading no. 0703, fresh or chilled",,0703,II
0704,position,"Cabbages, cauliflowers, kohlrabi, kale and similar edible brassicas; fresh or chilled",,07,II
070410,sous_position,"Vegetables, brassica; cauliflowers and broccoli, fresh or chilled",,0704,II
070420,sous_position,"Vegetables, brassica; brussel sprouts, fresh or chilled",,0704,II
070490,sous_position,"Vegetables, brassica; edible, n.e.c. in heading no. 0704, fresh or chilled",,0704,II
0705,position,Lettuce (lactuca sativa) and chicory (cichorium spp.) fresh or chilled,,07,II
070511,sous_position,"Vegetables; cabbage (head) lettuce (lactuca sativa), fresh or chilled",,0705,II
070519,sous_position,"Vegetables; lettuce (lactuca sativa), (other than cabbage lettuce), fresh or chilled",,0705,II
070521,sous_position,"Vegetables; witloff chicory (cichorium intybus var. foliosum), fresh or chilled",,0705,II
070529,sous_position,"Vegetables; chicory (cichorium spp.), (other than witloof chicory), fresh or chilled",,0705,II
0706,position,"Carrots, turnips, salad beetroot, salsify, celeriac, radishes and similar edible roots; fresh or chilled",,07,II
070610,sous_position,"Vegetables, root; carrots and turnips, fresh or chilled",,0706,II
070690,sous_position,"Vegetables, root; salad beetroot, salsify, celeric, radishes and similar edible roots, fresh or chilled",,0706,II
0707,position,Cucumbers and gherkins; fresh or chilled,,07,II
070700,sous_position,"Vegetables; cucumbers and gherkins, fresh or chilled",,0707,II
0708,position,"Leguminous vegetables; shelled or unshelled, fresh or chilled",,07,II
070810,sous_position,"Vegetables, leguminous; peas (pisum sativum), shelled or unshelled, fresh or chilled",,0708,II
070820,sous_position,"Vegetables, leguminous; beans (vigna spp., phaseolus spp.), shelled or unshelled, fresh or chilled",,0708,II
070890,sous_position,"Vegetables, leguminous; (other than peas and beans), shelled or unshelled, fresh or chilled",,0708,II
0709,position,"Vegetables; n.e.c. in chapter 07, fresh or chilled",,07,II
070920,sous_position,"Vegetables; asparagus, fresh or chilled",,0709,II
070930,sous_position,"Vegetables; aubergines, (e.g. plants), fresh or chilled",,0709,II
070940,sous_position,"Vegetables; celery (other than celeriac), fresh or chilled",,0709,II
070951,sous_position,"Vegetables; mushrooms of the genus Agaricus, fresh or chilled",,0709,II
070952,sous_position,"Vegetables; mushrooms of the genus Boletus, fresh or chilled",,0709,II
070953,sous_position,"Vegetables; mushrooms of the genus Cantharellus, fresh or chilled",,0709,II
070954,sous_position,"Vegetables; shiitake mushrooms (Lentinus edodes), fresh or chilled",,0709,II
070955,sous_position,"Vegetables; matsutake mushrooms (Tricholoma matsutake, Tricholoma magnivelare, Tricholoma anatolicum, Tricholoma dulciolens, Tricholoma caligatum), fresh or chilled",,0709,II
070956,sous_position,"Vegetables; truffles (Tuber spp.), fresh or chilled",,0709,II
070959,sous_position,"Vegetables; truffles and mushrooms n.e.c. in heading 0709, fresh or chilled",,0709,II
070960,sous_position,"Vegetables; fruits of the genus capsicum or of the genus pimenta, fresh or chilled",,0709,II
070970,sous_position,"Vegetables; spinach, New Zealand spinach and orache spinach (garden spinach), fresh or chilled",,0709,II
070991,sous_position,"Vegetables; globe artichokes, fresh or chilled",,0709,II
070992,sous_position,"Vegetables; olives, fresh or chilled",,0709,II
070993,sous_position,"Vegetables; pumpkins, squash and gourds (Cucurbita spp.), fresh or chilled",,0709,II
070999,sous_position,"Vegetables; edible, n.e.c. in chapter 07, fresh or chilled",,0709,II
0710,position,Vegetables (uncooked or cooked by steaming or boiling in water); frozen,,07,II
071010,sous_position,"Vegetables; potatoes, uncooked or cooked by steaming or boiling in water, frozen",,0710,II
071021,sous_position,"Vegetables, leguminous; peas (pisum sativum), shelled or unshelled, uncooked or cooked by steaming or boiling in water, frozen",,0710,II
071022,sous_position,"Vegetables, leguminous; beans (vigna spp., phaseolus spp.), shelled or unshelled, uncooked or cooked by steaming or boiling in water, frozen",,0710,II
071029,sous_position,"Vegetables, leguminous; (other than peas or beans), shelled or unshelled, uncooked or cooked by steaming or boiling in water, frozen",,0710,II
071030,sous_position,"Vegetables; spinach, New Zealand spinach and orache spinach (garden spinach), uncooked or cooked by steaming or boiling in water, frozen",,0710,II
071040,sous_position,"Vegetables; sweetcorn, uncooked or cooked by steaming or boiling in water, frozen",,0710,II
071080,sous_position,"Vegetables; uncooked or cooked by steaming or boiling in water, n.e.c. in heading no. 0710, frozen",,0710,II
071090,sous_position,"Vegetable mixtures; uncooked or cooked by steaming or boiling in water, frozen",,0710,II
0711,position,"Vegetables provisionally preserved, but unsuitable in that state for immediate consumption",,07,II
071120,sous_position,"Vegetables; olives, provisionally preserved but unsuitable in that state for immediate consumption",,0711,II
071140,sous_position,"Vegetables; cucumbers and gherkins, provisionally preserved but unsuitable in that state for immediate consumption",,0711,II
071151,sous_position,"Vegetables; mushrooms of the genus Agaricus, provisionally preserved but unsuitable in that state for immediate consumption",,0711,II
071159,sous_position,"Vegetables; mushrooms other than of the genus Agaricus, provisionally preserved but unsuitable in that state for immediate consumption",,0711,II
071190,sous_position,"Vegetables and mixed vegetables; n.e.c. in heading no. 0711, provisionally preserved but unsuitable in that state for immediate consumption",,0711,II
0712,position,"Vegetables, dried; whole, cut, sliced, broken or in powder, but not further prepared",,07,II
071220,sous_position,"Vegetables; onions, whole, cut, sliced, broken or in powder but not further prepared, dried",,0712,II
071231,sous_position,"Vegetables; mushrooms of the genus Agaricus, whole, cut, sliced, broken or in powder but not further prepared, dried",,0712,II
071232,sous_position,"Vegetables; wood ears (Auricularia spp), whole, cut, sliced, broken or in powder but not further prepared, dried",,0712,II
071233,sous_position,"Vegetables; jelly fungi (Tremella spp)), whole, cut, sliced, broken or in powder but not further prepared, dried",,0712,II
071234,sous_position,"Vegetables; shiitake mushrooms (Lentinus edodes), whole, cut, sliced, broken or in powder but not further prepared, dried",,0712,II
071239,sous_position,"Vegetables; mushrooms and truffles n.e.c. in item 0712.3, whole, cut, sliced, broken or in powder but not further prepared, dried",,0712,II
071290,sous_position,"Vegetables; mixtures of vegetables n.e.c. in heading no. 0712, whole, cut, sliced, broken or in powder but not further prepared, dried",,0712,II
0713,position,"Vegetables, leguminous; shelled, whether or not skinned or split, dried",,07,II
071310,sous_position,"Vegetables, leguminous; peas (pisum sativum), shelled, whether or not skinned or split, dried",,0713,II
071320,sous_position,"Vegetables, leguminous; chickpeas (garbanzos), shelled, whether or not skinned or split, dried",,0713,II
071331,sous_position,"Vegetables, leguminous; beans of the species vigna mungo (l.) hepper or vigna radiata (l.) wilczek, shelled, whether or not skinned or split, dried",,0713,II
071332,sous_position,"Vegetables, leguminous; small red (adzuki) beans (phaseolus or vigna angularis), shelled, whether or not skinned or split, dried",,0713,II
071333,sous_position,"Vegetables, leguminous; kidney beans, including white pea beans (phaseolus vulgaris), shelled, whether or not skinned or split, dried",,0713,II
071334,sous_position,"Vegetables, leguminous; bambara beans (Vigna subterranea or Voandzeia subterranea), shelled, whether or not skinned or split, dried",,0713,II
071335,sous_position,"Vegetables, leguminous; cow peas (Vigna unguiculata), shelled, whether or not skinned or split, dried",,0713,II
071339,sous_position,"Vegetables, leguminous; n.e.c. in item no. 0713.3, shelled, whether or not skinned or split, dried",,0713,II
071340,sous_position,"Vegetables, leguminous; lentils, shelled, whether or not skinned or split, dried",,0713,II
071350,sous_position,"Vegetables, leguminous; broad beans (vicia faba var. major) and horse beans (vicia faba var. equina, vicia faba var. minor), shelled, whether or not skinned or split, dried",,0713,II
071360,sous_position,"Vegetables, leguminous; pigeon peas (Cajanus cajan), shelled, whether or not skinned or split, dried",,0713,II
071390,sous_position,"Vegetables, leguminous; n.e.c. in heading no. 0713, shelled, whether or not skinned or split, dried",,0713,II
0714,position,"Manioc, arrowroot, salep, Jerusalem artichokes, sweet potatoes and similar roots and tubers with high starch or inulin content; fresh, chilled, frozen or dried, whether or not sliced or in the form of pellets; sago pith",,07,II
071410,sous_position,"Vegetable roots and tubers; manioc (cassava), with high starch or inulin content, fresh, chilled, frozen or dried, whether or not sliced or in the form of pellets",,0714,II
071420,sous_position,"Vegetable roots and tubers; sweet potatoes, with high starch or inulin content, fresh, chilled, frozen or dried, whether or not sliced or in the form of pellets",,0714,II
071430,sous_position,"Vegetable roots and tubers; yams (Dioscorea spp.) with high starch or inulin content, fresh, chilled, frozen or dried, whether or not sliced or in the form of pellets",,0714,II
071440,sous_position,"Vegetable roots and tubers; taro (Colocasia spp.) with high starch or inulin content, fresh, chilled, frozen or dried, whether or not sliced or in the form of pellets",,0714,II
071450,sous_position,"Vegetable roots and tubers; yautia (Xanthosoma spp.) with high starch or inulin content, fresh, chilled, frozen or dried, whether or not sliced or in the form of pellets",,0714,II
071490,sous_position,"Vegetable roots and tubers; arrowroot, salep, Jerusalem artichokes and similar roots and tubers (not manioc, sweet potatoes, yams, taro or yautia), high starch or inulin content, fresh, chilled, frozen, dried, sliced or not, or in pellet form; sago pith",,0714,II
08,chapitre,"Fruit and nuts, edible; peel of citrus fruit or melons",,TOTAL,II
0801,position,"Nuts, edible; coconuts, Brazil nuts and cashew nuts, fresh or dried, whether or not shelled or peeled",,08,II
080111,sous_position,"Nuts, edible; coconuts, desiccated",,0801,II
080112,sous_position,"Nuts, edible; coconuts, in the inner shell (endocarp)",,0801,II
080119,sous_position,"Nuts, edible; coconuts, fresh or dried, other than desiccated or in the inner shell (endocarp)",,0801,II
080121,sous_position,"Nuts, edible; brazil nuts, fresh or dried, in shell",,0801,II
080122,sous_position,"Nuts, edible; brazil nuts, fresh or dried, shelled",,0801,II
080131,sous_position,"Nuts, edible; cashew nuts, fresh or dried, in shell",,0801,II
080132,sous_position,"Nuts, edible; cashew nuts, fresh or dried, shelled",,0801,II
0802,position,"Nuts (excluding coconuts, Brazils and cashew nuts); fresh or dried, whether or not shelled or peeled",,08,II
080211,sous_position,"Nuts, edible; almonds, fresh or dried, in shell",,0802,II
080212,sous_position,"Nuts, edible; almonds, fresh or dried, shelled",,0802,II
080221,sous_position,"Nuts, edible; hazelnuts or filberts (corylus spp.), fresh or dried, in shell",,0802,II
080222,sous_position,"Nuts, edible; hazelnuts or filberts (corylus spp.), fresh or dried, shelled",,0802,II
080231,sous_position,"Nuts, edible; walnuts, fresh or dried, in shell",,0802,II
080232,sous_position,"Nuts, edible; walnuts, fresh or dried, shelled",,0802,II
080241,sous_position,"Nuts, edible; chestnuts (Castanea spp.), fresh or dried, in shell",,0802,II
080242,sous_position,"Nuts, edible; chestnuts (Castanea spp.), fresh or dried, shelled",,0802,II
080251,sous_position,"Nuts, edible; pistachios, fresh or dried, in shell",,0802,II
080252,sous_position,"Nuts, edible; pistachios, fresh or dried, shelled",,0802,II
080261,sous_position,"Nuts, edible; macadamia, fresh or dried, in shell",,0802,II
080262,sous_position,"Nuts, edible; macadamia, fresh or dried, shelled",,0802,II
080270,sous_position,"Nuts, edible; kola nuts (Cola spp.), fresh or dried, whether or not shelled or peeled",,0802,II
080280,sous_position,"Nuts, edible; areca nuts, fresh or dried, whether or not shelled or peeled",,0802,II
080291,sous_position,"Nuts, edible; pine nuts, fresh or dried, in shell",,0802,II
080292,sous_position,"Nuts, edible; pine nuts, fresh or dried, shelled",,0802,II
080299,sous_position,"Nuts, edible; n.e.c. in heading 0801 and 0802, fresh or dried, whether or not shelled or peeled",,0802,II
0803,position,"Bananas, including plantains; fresh or dried",,08,II
080310,sous_position,"Fruit, edible; plantains, fresh or dried",,0803,II
080390,sous_position,"Fruit, edible; bananas, other than plantains, fresh or dried",,0803,II
0804,position,"Dates, figs, pineapples, avocados, guavas, mangoes and mangosteens; fresh or dried",,08,II
080410,sous_position,"Fruit, edible; dates, fresh or dried",,0804,II
080420,sous_position,"Fruit, edible; figs, fresh or dried",,0804,II
080430,sous_position,"Fruit, edible; pineapples, fresh or dried",,0804,II
080440,sous_position,"Fruit, edible; avocados, fresh or dried",,0804,II
080450,sous_position,"Fruit, edible; guavas, mangoes and mangosteens, fresh or dried",,0804,II
0805,position,Citrus fruit; fresh or dried,,08,II
080510,sous_position,"Fruit, edible; oranges, fresh or dried",,0805,II
080521,sous_position,"Fruit, edible; mandarins (including tangerines and satsumas), fresh or dried",,0805,II
080522,sous_position,"Fruit, edible; clementines, fresh or dried",,0805,II
080529,sous_position,"Fruit, edible; tangelos, wilkings and similar citrus hybrid, fresh or dried",,0805,II
080540,sous_position,"Fruit, edible; grapefruit and pomelos, fresh or dried",,0805,II
080550,sous_position,"Fruit, edible; lemons (Citrus limon, Citrus limonum), limes (Citrus aurantifolia, Citrus latifolia), fresh or dried",,0805,II
080590,sous_position,"Fruit, edible; citrus fruit n.e.c. in heading no. 0805, fresh or dried",,0805,II
0806,position,Grapes; fresh or dried,,08,II
080610,sous_position,"Fruit, edible; grapes, fresh",,0806,II
080620,sous_position,"Fruit, edible; grapes, dried",,0806,II
0807,position,Melons (including watermelons) and papaws (papayas); fresh,,08,II
080711,sous_position,"Fruit, edible; watermelons, fresh",,0807,II
080719,sous_position,"Fruit, edible; melons, other than watermelons, fresh",,0807,II
080720,sous_position,"Fruit, edible; papaws (papayas), fresh",,0807,II
0808,position,"Apples, pears and quinces; fresh",,08,II
080810,sous_position,"Fruit, edible; apples, fresh",,0808,II
080830,sous_position,"Fruit, edible; pears, fresh",,0808,II
080840,sous_position,"Fruit, edible; quinces, fresh",,0808,II
0809,position,"Apricots, cherries, peaches (including nectarines), plums and sloes, fresh",,08,II
080910,sous_position,"Fruit, edible; apricots, fresh",,0809,II
080921,sous_position,"Fruit, edible; sour cherries (Prunus cerasus), fresh",,0809,II
080929,sous_position,"Fruit, edible; cherries, other than sour cherries (Prunus cerasus), fresh",,0809,II
080930,sous_position,"Fruit, edible; peaches, including nectarines, fresh",,0809,II
080940,sous_position,"Fruit, edible; plums and sloes, fresh",,0809,II
0810,position,"Fruit, fresh; n.e.c. in chapter 08",,08,II
081010,sous_position,"Fruit, edible; strawberries, fresh",,0810,II
081020,sous_position,"Fruit, edible; raspberries, blackberries, mulberries, and loganberries, fresh",,0810,II
081030,sous_position,"Fruit, edible; black, white or red currants and gooseberries, fresh",,0810,II
081040,sous_position,"Fruit, edible; cranberries, bilberries and other fruits of the genus vaccinium, fresh",,0810,II
081050,sous_position,"Fruit, edible; kiwifruit, fresh",,0810,II
081060,sous_position,"Fruit, edible; durians, fresh",,0810,II
081070,sous_position,"Fruit, edible; persimmons, fresh",,0810,II
081090,sous_position,"Fruit, edible; fruits n.e.c. in heading no. 0801 to 0810, fresh",,0810,II
0811,position,"Fruit and nuts; uncooked or cooked by steaming or boiling in water, frozen, whether or not containing added sugar or other sweetening matter",,08,II
081110,sous_position,"Fruit, edible; strawberries, uncooked or cooked by steaming or boiling in water, frozen, whether or not containing added sugar or other sweetening matter",,0811,II
081120,sous_position,"Fruit, edible; raspberries, blackberries, mulberries, loganberries, black, white or red currants and gooseberries, uncooked or cooked, whether or not containing added sugar or other sweetening matter",,0811,II
081190,sous_position,"Fruit, edible; fruit and nuts n.e.c. in heading no. 0811, uncooked or cooked, frozen whether or not containing added sugar or other sweetening matter",,0811,II
0812,position,"Fruit and nuts provisionally preserved, but unsuitable in that state for immediate consumption",,08,II
081210,sous_position,"Fruit, edible; cherries, provisionally preserved, but unsuitable in that state for immediate consumption",,0812,II
081290,sous_position,"Fruit, edible; fruit and nuts n.e.c. in heading no. 0812, provisionally preserved, but unsuitable in that state for immediate consumption",,0812,II
0813,position,"Fruit, dried, other than that of heading no. 0801 to 0806; mixtures of nuts or dried fruits of this chapter",,08,II
081310,sous_position,"Fruit, edible; apricots, dried",,0813,II
081320,sous_position,"Fruit, edible; prunes, dried",,0813,II
081330,sous_position,"Fruit, edible; apples, dried",,0813,II
081340,sous_position,"Fruit, edible; fruit n.e.c. in heading no. 0812, dried",,0813,II
081350,sous_position,"Nuts, edible; mixtures of nuts or dried fruits of chapter 08",,0813,II
0814,position,"Peel of citrus fruit or melons (including watermelons); fresh, frozen dried or provisionally preserved in brine, in sulphur water or in other preservative solutions",,08,II
081400,sous_position,"Peel; of citrus fruit or melons (including watermelons), fresh, frozen, dried or provisionally preserved in brine, in sulphur water and other preservative solutions",,0814,II
09,chapitre,"Coffee, tea, mate and spices",,TOTAL,II
0901,position,"Coffee, whether or not roasted or decaffeinated; husks and skins; coffee substitutes containing coffee in any proportion",,09,II
090111,sous_position,Coffee; not roasted or decaffeinated,,0901,II
090112,sous_position,"Coffee; decaffeinated, not roasted",,0901,II
090121,sous_position,"Coffee; roasted, not decaffeinated",,0901,II
090122,sous_position,"Coffee; roasted, decaffeinated",,0901,II
090190,sous_position,"Coffee; husks and skins, coffee substitutes containing coffee in any proportion",,0901,II
0902,position,Tea,,09,II
090210,sous_position,"Tea, green; (not fermented), in immediate packings of a content not exceeding 3kg",,0902,II
090220,sous_position,"Tea, green; (not fermented), in immediate packings of a content exceeding 3kg",,0902,II
090230,sous_position,"Tea, black; (fermented) and partly fermented tea, in immediate packings of a content not exceeding 3kg",,0902,II
090240,sous_position,"Tea, black; (fermented) and partly fermented tea, in immediate packings of a content exceeding 3kg",,0902,II
0903,position,Mate,,09,II
090300,sous_position,Mate,,0903,II
0904,position,Pepper of the genus piper; dried or crushed or ground fruits of the genus capsicum or of the genus pimenta,,09,II
090411,sous_position,"Spices; pepper (of the genus piper), neither crushed nor ground",,0904,II
090412,sous_position,"Spices; pepper (of the genus piper), crushed or ground",,0904,II
090421,sous_position,"Spices; fruits of the genus Capsicum or Pimenta, dried, neither crushed nor ground",,0904,II
090422,sous_position,"Spices; fruits of the genus Capsicum or Pimenta, crushed or ground",,0904,II
0905,position,Vanilla,,09,II
090510,sous_position,"Spices; vanilla, neither crushed nor ground",,0905,II
090520,sous_position,"Spices; vanilla, crushed or ground",,0905,II
0906,position,Cinnamon and cinnamon-tree flowers,,09,II
090611,sous_position,"Spices; cinnamon (Cinnamomum zeylanicum Blume), neither crushed nor ground",,0906,II
090619,sous_position,"Spices; cinnamon and cinnamon-tree flowers, other than cinnamon (Cinnamomum zeylanicum Blume), neither crushed nor ground",,0906,II
090620,sous_position,"Spices; cinnamon and cinnamon-tree flowers, crushed or ground",,0906,II
0907,position,"Cloves (whole fruit, cloves and stems)",,09,II
090710,sous_position,"Spices; cloves (whole fruit, cloves and stems), neither crushed nor ground",,0907,II
090720,sous_position,"Spices; cloves (whole fruit, cloves and stems), crushed or ground",,0907,II
0908,position,"Nutmeg, mace and cardamoms",,09,II
090811,sous_position,"Spices; nutmeg, neither crushed nor ground",,0908,II
090812,sous_position,"Spices; nutmeg, crushed or ground",,0908,II
090821,sous_position,"Spices; mace, neither crushed nor ground",,0908,II
090822,sous_position,"Spices; mace, crushed or ground",,0908,II
090831,sous_position,"Spices; cardamoms, neither crushed nor ground",,0908,II
090832,sous_position,"Spices; cardamoms, crushed or ground",,0908,II
0909,position,"Seeds of anise, badian, fennel, coriander, cumin, caraway or juniper",,09,II
090921,sous_position,"Spices; coriander seeds, neither crushed nor ground",,0909,II
090922,sous_position,"Spices; coriander seeds, crushed or ground",,0909,II
090931,sous_position,"Spices; cumin seeds, neither crushed nor ground",,0909,II
090932,sous_position,"Spices; cumin seeds, crushed or ground",,0909,II
090961,sous_position,"Spices; seeds of anise, badian, caraway or fennel; juniper berries, neither crushed nor ground",,0909,II
090962,sous_position,"Spices; seeds of anise, badian, caraway or fennel; juniper berries, crushed or ground",,0909,II
0910,position,"Ginger, saffron, tumeric (curcuma), thyme, bay leaves, curry and other spices",,09,II
091011,sous_position,"Spices; ginger, neither crushed nor ground",,0910,II
091012,sous_position,"Spices; ginger, crushed or ground",,0910,II
091020,sous_position,Spices; saffron,,0910,II
091030,sous_position,Spices; turmeric (curcuma),,0910,II
091091,sous_position,Spices; mixtures of 2 or more products of different headings,,0910,II
091099,sous_position,Spices; n.e.c. in heading no. 0910,,0910,II
10,chapitre,Cereals,,TOTAL,II
1001,position,Wheat and meslin,,10,II
100111,sous_position,"Cereals; wheat and meslin, durum wheat, seed",,1001,II
100119,sous_position,"Cereals; wheat and meslin, durum wheat, other than seed",,1001,II
100191,sous_position,"Cereals; wheat and meslin, other than durum wheat, seed",,1001,II
100199,sous_position,"Cereals; wheat and meslin, other than durum wheat, other than seed",,1001,II
1002,position,Rye,,10,II
100210,sous_position,"Cereals; rye, seed",,1002,II
100290,sous_position,"Cereals; rye, other than seed",,1002,II
1003,position,Barley,,10,II
100310,sous_position,"Cereals; barley, seed",,1003,II
100390,sous_position,"Cereals; barley, other than seed",,1003,II
1004,position,Oats,,10,II
100410,sous_position,"Cereals; oats, seeds",,1004,II
100490,sous_position,"Cereals; oats, other than seed",,1004,II
1005,position,Maize (corn),,10,II
100510,sous_position,"Cereals; maize (corn), seed",,1005,II
100590,sous_position,"Cereals; maize (corn), other than seed",,1005,II
1006,position,Rice,,10,II
100610,sous_position,Cereals; rice in the husk (paddy or rough),,1006,II
100620,sous_position,Cereals; husked (brown) rice,,1006,II
100630,sous_position,"Cereals; rice, semi-milled or wholly milled, whether or not polished or glazed",,1006,II
100640,sous_position,"Cereals; rice, broken",,1006,II
1007,position,Grain sorghum,,10,II
100710,sous_position,"Cereals; grain sorghum, seed",,1007,II
100790,sous_position,"Cereals; grain sorghum, other than seed",,1007,II
1008,position,"Buckwheat, millet and canary seeds; other cereals",,10,II
100810,sous_position,Cereals; buckwheat,,1008,II
100821,sous_position,"Cereals; millet, seed",,1008,II
100829,sous_position,"Cereals; millet, other than seed",,1008,II
100830,sous_position,Cereals; canary seeds,,1008,II
100840,sous_position,Cereals; fonio (Digitaria spp.),,1008,II
100850,sous_position,Cereals; quinoa (Chenopodium quinoa),,1008,II
100860,sous_position,Cereals; triticale,,1008,II
100890,sous_position,Cereals; n.e.c. in chapter 10,,1008,II
11,chapitre,"Products of the milling industry; malt, starches, inulin, wheat gluten",,TOTAL,II
1101,position,Wheat or meslin flour,,11,II
110100,sous_position,Wheat or meslin flour,,1101,II
1102,position,Cereal flours; other than of wheat or meslin,,11,II
110220,sous_position,Cereal flour; of maize (corn),,1102,II
110290,sous_position,"Cereal flours; other than wheat, meslin, and maize (corn)",,1102,II
1103,position,Cereal groats; meal and pellets,,11,II
110311,sous_position,Cereal groats and meal; of wheat,,1103,II
110313,sous_position,Cereal groats and meal; of maize (corn),,1103,II
110319,sous_position,Cereal groats and meal; n.e.c. in heading no. 1103,,1103,II
110320,sous_position,Cereal pellets,,1103,II
1104,position,"Cereal grains otherwise worked (e.g. hulled, rolled, flaked, pearled, sliced or kibbled) except rice of heading no. 1006; germ of cereals whole, rolled, flaked or ground",,11,II
110412,sous_position,"Cereal grains; rolled or flaked, of oats",,1104,II
110419,sous_position,"Cereal grains; rolled or flaked, other than oats",,1104,II
110422,sous_position,"Cereal grains; worked (e.g. hulled, pearled, sliced or kibbled) of oats",,1104,II
110423,sous_position,"Cereal grains; worked (e.g. hulled, pearled, sliced or kibbled) of maize (corn)",,1104,II
110429,sous_position,"Cereal grains; worked, other than rolled or flaked (e.g. Hulled, pearled, sliced or kibbled) of cereals, excluding oats and maize, and rice of heading no.1006",,1104,II
110430,sous_position,"Cereal; germ of cereals, whole, rolled, flaked or ground",,1104,II
1105,position,"Flour, meal, powder, flakes, granules and pellets of potatoes",,11,II
110510,sous_position,"Flour, meal and powder; of potatoes",,1105,II
110520,sous_position,"Flakes, granules and pellets; of potatoes",,1105,II
1106,position,"Flour, meal and powder; of the dried leguminous vegetables of heading no. 0713, of sago or of roots or tubers of heading no. 0714 or of the products of chapter 8",,11,II
110610,sous_position,"Flour, meal and powder; of the dried leguminous vegetables of heading no. 0713",,1106,II
110620,sous_position,"Flour, meal and powder; of sago or of roots or tubers of heading no. 0714",,1106,II
110630,sous_position,"Flour, meal and powder; of the products of chapter 8",,1106,II
1107,position,Malt; whether or not roasted,,11,II
110710,sous_position,Malt; not roasted,,1107,II
110720,sous_position,Malt; roasted,,1107,II
1108,position,Starches; inulin,,11,II
110811,sous_position,Starch; wheat,,1108,II
110812,sous_position,Starch; maize (corn) starch,,1108,II
110813,sous_position,Starch; potato,,1108,II
110814,sous_position,Starch; manioc (cassava),,1108,II
110819,sous_position,Starch; n.e.c. in item no. 1108.11 to 1108.14,,1108,II
110820,sous_position,Inulin,,1108,II
1109,position,Wheat gluten; whether or not dried,,11,II
110900,sous_position,Wheat gluten; whether or not dried,,1109,II
12,chapitre,"Oil seeds and oleaginous fruits; miscellaneous grains, seeds and fruit, industrial or medicinal plants; straw and fodder",,TOTAL,II
1201,position,"Soya beans, whether or not broken",,12,II
120110,sous_position,"Soya beans; seed, whether or not broken",,1201,II
120190,sous_position,"Soya beans; other than seed, whether or not broken",,1201,II
1202,position,"Ground-nuts; not roasted or otherwise cooked, whether or not shelled or broken",,12,II
120230,sous_position,"Ground-nuts; seed, not roasted or otherwise cooked, whether or not shelled or broken",,1202,II
120241,sous_position,"Ground-nuts; other than seed, not roasted or otherwise cooked, in shell",,1202,II
120242,sous_position,"Ground-nuts; other than seed, not roasted or otherwise cooked, shelled, whether or not broken,",,1202,II
1203,position,Copra,,12,II
120300,sous_position,Copra,,1203,II
1204,position,"Oil seeds; linseed, whether or not broken",,12,II
120400,sous_position,"Oil seeds; linseed, whether or not broken",,1204,II
1205,position,Rape or colza seeds; whether or not broken,,12,II
120510,sous_position,"Oil seeds; low erucic acid rape or colza seeds, whether or not broken",,1205,II
120590,sous_position,"Oil seeds; rape or colza seeds, other than low erucic, whether or not broken",,1205,II
1206,position,Sunflower seeds; whether or not broken,,12,II
120600,sous_position,"Oil seeds; sunflower seeds, whether or not broken",,1206,II
1207,position,"Oil seeds and oleaginous fruits, n.e.c. in chapter 12; whether or not broken",,12,II
120710,sous_position,"Oil seeds; palm nuts and kernels, whether or not broken",,1207,II
120721,sous_position,"Oil seeds; cotton seeds, seed, whether or not broken",,1207,II
120729,sous_position,"Oil seeds; cotton seeds, other than seed, whether or not broken",,1207,II
120730,sous_position,"Oil seeds; castor oil seeds, whether or not broken",,1207,II
120740,sous_position,"Oil seeds; sesamum seeds, whether or not broken",,1207,II
120750,sous_position,"Oil seeds; mustard seeds, whether or not broken",,1207,II
120760,sous_position,"Oil seeds; safflower (Carthamus tinctorius) seeds, whether or not broken",,1207,II
120770,sous_position,"Oil seeds; melon seeds, whether or not broken",,1207,II
120791,sous_position,"Oil seeds; poppy seeds, whether or not broken",,1207,II
120799,sous_position,"Oil seeds and oleaginous fruits; n.e.c. in heading no. 1207, whether or not broken",,1207,II
1208,position,Flours and meals of oil seeds or oleaginous fruits; other than those of mustard,,12,II
120810,sous_position,Flours and meals; of soya beans,,1208,II
120890,sous_position,Flours and meals of oil seeds or oleaginous fruits; excluding soya beans and mustard seeds,,1208,II
1209,position,"Seeds, fruit and spores; of a kind used for sowing",,12,II
120910,sous_position,"Seed; sugar beet seeds, of a kind used for sowing",,1209,II
120921,sous_position,"Seeds of forage plants; lucerne (alfalfa) seeds, of a kind used for sowing",,1209,II
120922,sous_position,"Seeds of forage plants; clover (Trifolium spp.) seeds, of a kind used for sowing",,1209,II
120923,sous_position,"Seeds of forage plants; fescue seeds, of a kind used for sowing",,1209,II
120924,sous_position,"Seeds of forage plants; Kentucky blue grass (Poa pratensis L.) seeds, of a kind used for sowing",,1209,II
120925,sous_position,"Seeds of forage plants; rye grass (Lolium multiflorum Lam., Lolium perenne L.) seeds, of a kind used for sowing",,1209,II
120929,sous_position,"Seeds of forage plants; other than lucerne, clover, fescue, Kentucky blue grass, and rye grass seeds, of a kind used for sowing",,1209,II
120930,sous_position,"Seeds of herbaceous plants; cultivated principally for their flowers, of a kind used for sowing",,1209,II
120991,sous_position,"Seeds; vegetable seeds, of a kind used for sowing",,1209,II
120999,sous_position,"Seeds; n.e.c. in heading 1209, of a kind used for sowing",,1209,II
1210,position,"Hop cones, fresh or dried, whether or not ground, powdered or in the form of pellets; lupulin",,12,II
121010,sous_position,Hop cones; neither ground nor powdered nor in the form of pellets,,1210,II
121020,sous_position,"Hop cones; ground, powdered or in the form of pellets; lupulin",,1210,II
1211,position,"Plants and parts of plants (including seeds and fruits), of a kind used primarily in perfumery, in pharmacy or for insecticidal, fungicidal or similar purposes, fresh, chilled, frozen or dried, whether or not cut, crushed or powdered",,12,II
121120,sous_position,"Ginseng roots, of a kind used primarily in perfumery, in pharmacy or for insecticidal, fungicidal or similar purposes, fresh, chilled, frozen or dried, whether or not cut, crushed or powdered",,1211,II
121130,sous_position,"Coca leaf; of a kind used primarily in perfumery, in pharmacy or for insecticidal, fungicidal or similar purposes, fresh, chilled, frozen or dried, whether or not cut, crushed or powdered",,1211,II
121140,sous_position,"Poppy straw; of a kind used primarily in perfumery, in pharmacy or for insecticidal, fungicidal or similar purposes, fresh, chilled, frozen or dried, whether or not cut, crushed or powdered",,1211,II
121150,sous_position,"Ephedra, of a kind used primarily in perfumery, in pharmacy or for insecticidal, fungicidal or similar purposes, fresh, chilled, frozen or dried, whether or not cut, crushed or powdered",,1211,II
121160,sous_position,"Bark of African cherry (Prunus africana); of a kind used primarily in perfumery, in pharmacy or for insecticidal, fungicidal or similar purposes, fresh, chilled, frozen or dried, whether or not cut, crushed or powdered",,1211,II
121190,sous_position,"Plants and parts (including seeds and fruits) n.e.c. in heading no. 1211, of a kind used primarily in perfumery, in pharmacy or for insecticidal, fungicidal or similar purposes, fresh, chilled, frozen or dried, whether or not cut, crushed or powdered",,1211,II
1212,position,"Locust beans, seaweeds and other algae, sugar beet, sugar cane, fresh, chilled, frozen or dried, whether or not ground; fruit stones, kernels and other vegetable products (including unroasted chicory roots) used primarily for human consumption, n.e.c.",,12,II
121221,sous_position,"Seaweeds and other algae; fit for human consumption, fresh, chilled, frozen or dried, whether or not ground",,1212,II
121229,sous_position,"Seaweeds and other algae; not fit for human consumption, fresh, chilled, frozen or dried, whether or not ground",,1212,II
121291,sous_position,"Sugar beet; fit for human consumption, fresh, chilled, frozen or dried, whether or not ground",,1212,II
121292,sous_position,"Locust beans (carob); fit for human consumption, fresh, chilled, frozen or dried, whether or not ground",,1212,II
121293,sous_position,"Sugar cane; fit for human consumption, fresh, chilled, frozen or dried, whether or not ground",,1212,II
121294,sous_position,"Chicory roots (Chicorium intybus sativum); fit for human consumption, fresh, chilled, frozen or dried, whether or not ground",,1212,II
121299,sous_position,"Vegetable products; fit for human consumption, n.e.c. in heading no. 1212, fresh, chilled, frozen or dried, whether or not ground",,1212,II
1213,position,"Cereal straw and husks, unprepared; whether or not chopped, ground, pressed or in the form of pellets",,12,II
121300,sous_position,"Cereal straw and husks; unprepared, whether or not chopped, ground, pressed or in the form of pellets",,1213,II
1214,position,"Swedes, mangolds, fodder roots, hay, lucerne (alfalfa), clover, sainfoin, forage kale, lupines, vetches and similar forage products, whether or not in the form of pellets",,12,II
121410,sous_position,Lucerne (alfalfa) meal and pellets,,1214,II
121490,sous_position,"Forage products including swedes, mangolds, fodder roots, hay, sainfoin, clover, forage kale, lupines, vetches etc., pelletised or otherwise",,1214,II
13,chapitre,"Lac; gums, resins and other vegetable saps and extracts",,TOTAL,II
1301,position,"Lac; natural gums, resins, gum-resins and oleoresins (for example, balsams)",,13,II
130120,sous_position,Gum Arabic,,1301,II
130190,sous_position,"Natural gums, resins, gum-resins and oleoresins, n.e.c. in heading no. 1301",,1301,II
1302,position,"Vegetable saps and extracts; pectic substances, pectinates and pectates; agar-agar and other mucilages and thickeners, whether or not modified, derived from vegetable products",,13,II
130211,sous_position,Vegetable saps and extracts; opium,,1302,II
130212,sous_position,Vegetable saps and extracts; of liquorice,,1302,II
130213,sous_position,Vegetable saps and extracts; of hops,,1302,II
130214,sous_position,Vegetable saps and extracts; of ephedra,,1302,II
130219,sous_position,Vegetable saps and extracts; n.e.c. in item no. 1302.1,,1302,II
130220,sous_position,Pectic substances; pectinates and pectates,,1302,II
130231,sous_position,"Mucilages and thickeners; agar-agar, whether or not modified, derived from vegetable products",,1302,II
130232,sous_position,"Mucilages and thickeners; whether or not modified, derived from locust beans, locust bean seeds or guar seeds",,1302,II
130239,sous_position,"Mucilages and thickeners; whether or not modified, derived from vegetable products, n.e.c. in item no. 1302.3",,1302,II
14,chapitre,Vegetable plaiting materials; vegetable products not elsewhere specified or included,,TOTAL,II
1401,position,"Vegetable materials of a kind used primarily for plaiting; (e.g. bamboos, rattans, reeds, rushes, osier, raffia, cleaned, bleached or dyed cereal straw and lime bark)",,14,II
140110,sous_position,Bamboo used primarily for plaiting,,1401,II
140120,sous_position,Rattans used primarily for plaiting,,1401,II
140190,sous_position,Vegetable materials of a kind used primarily for plaiting; n.e.c. in heading no. 1401,,1401,II
1404,position,Vegetable products not elsewhere specified or included,,14,II
140420,sous_position,Vegetable products; cotton linters,,1404,II
140490,sous_position,Vegetable products; n.e.c. in chapter 14,,1404,II
15,chapitre,"Animal, vegetable or microbial fats and oils and their cleavage products; prepared edible fats; animal or vegetable waxes",,TOTAL,III
1501,position,"Pig fat (including lard) and poultry fat, other than that of heading 0209 or 1503",,15,III
150110,sous_position,"Pig fat; lard, other than that of heading 0209 and 1503",,1501,III
150120,sous_position,"Pig fat; not lard, other than that of heading 0209 or 1503",,1501,III
150190,sous_position,Poultry fat; other than that of heading 0209 or 1503,,1501,III
1502,position,"Fats of bovine animals, sheep or goats, other than those of heading 1503",,15,III
150210,sous_position,Tallow; other than those of heading 1503,,1502,III
150290,sous_position,"Fats of bovine animals, sheep or goats; excluding tallow, and other than those of heading 1503",,1502,III
1503,position,"Lard stearin, lard oil, oleostearin, oleo-oil and tallow oil; not emulsified or mixed or otherwise prepared",,15,III
150300,sous_position,"Lard stearin, lard oil, oleostearin, oleo-oil and tallow oil; not emulsified or mixed or otherwise prepared",,1503,III
1504,position,"Fats and oils and their fractions of fish or marine mammals; whether or not refined, but not chemically modified",,15,III
150410,sous_position,"Oils of fish; fish-liver oils and their fractions, whether or not refined, but not chemically modified",,1504,III
150420,sous_position,"Fats and oils and their fractions; of fish, (excluding liver-oils)",,1504,III
150430,sous_position,Fats and oils and their fractions; of marine mammals,,1504,III
1505,position,Wool grease and fatty substances derived therefrom (including lanolin),,15,III
150500,sous_position,Wool grease and fatty substances derived therefrom (including lanolin),,1505,III
1506,position,"Animal fats and oils and their fractions; whether or not refined, but not chemically modified, n.e.c. in chapter 15",,15,III
150600,sous_position,"Animal fats and oils and their fractions; whether or not refined, but not chemically modified, n.e.c. in chapter 15",,1506,III
1507,position,"Soya-bean oil and its fractions; whether or not refined, but not chemically modified",,15,III
150710,sous_position,"Vegetable oils; soya-bean oil and its fractions, crude, whether or not degummed, not chemically modified",,1507,III
150790,sous_position,"Vegetable oils; soya-bean oil and its fractions, other than crude, whether or not refined, but not chemically modified",,1507,III
1508,position,"Ground nut oil and its fractions; whether or not refined, but not chemically modified",,15,III
150810,sous_position,"Vegetable oils; ground-nut oil and its fractions, crude, not chemically modified",,1508,III
150890,sous_position,"Vegetable oils; ground-nut oil and its fractions, other than crude, whether or not refined, but not chemically modified",,1508,III
1509,position,"Olive oil and its fractions; whether or not refined, but not chemically modified",,15,III
150920,sous_position,"Vegetable oils; olive oil and its fractions, extra virgin olive oil, whether or not refined, but not chemically modified",,1509,III
150930,sous_position,"Vegetable oils; olive oil and its fractions, virgin olive oil, whether or not refined, but not chemically modified",,1509,III
150940,sous_position,"Vegetable oils; olive oil and its fractions, virgin olive oils n.e.c. in heading 1509, whether or not refined, but not chemically modified",,1509,III
150990,sous_position,"Vegetable oils; olive oil and its fractions, other than virgin, whether or not refined, but not chemically modified",,1509,III
1510,position,"Vegetable oils; oils and their fractions n.e.c. in chapter 15, obtained solely from olives, whether or not refined, but not chemically modified, including blends of these oils or fractions with oils or fractions of heading no. 1509",,15,III
151010,sous_position,"Vegetable oils; crude olive pomace oil and their fractions, obtained solely from olives, whether or not refined, but not chemically modified",,1510,III
151090,sous_position,"Vegetable oils; oils and their fractions n.e.c. in heading 1510, obtained solely from olives, whether or not refined, but not chemically modified, including blends of these oils or fractions with oils or fractions of heading no. 1509",,1510,III
1511,position,"Palm oil and its fractions; whether or not refined, but not chemically modified",,15,III
151110,sous_position,"Vegetable oils; palm oil and its fractions, crude, not chemically modified",,1511,III
151190,sous_position,"Vegetable oils; palm oil and its fractions, other than crude, whether or not refined, but not chemically modified",,1511,III
1512,position,"Sun-flower seed, safflower or cotton-seed oil and their fractions; whether or not refined, but not chemically modified",,15,III
151211,sous_position,"Vegetable oils; sunflower seed or safflower oil and their fractions, crude, not chemically modified",,1512,III
151219,sous_position,"Vegetable oils; sunflower seed or safflower oil and their fractions, other than crude, whether or not refined, but not chemically modified",,1512,III
151221,sous_position,"Vegetable oils; cotton-seed oil and its fractions; crude, whether or not gossypol has been removed, not chemically modified",,1512,III
151229,sous_position,"Vegetable oils; cotton-seed oil and its fractions, other than crude, whether or not refined, but not chemically modified",,1512,III
1513,position,"Coconut (copra), palm kernel or babassu oil and their fractions; whether or not refined but not chemically modified",,15,III
151311,sous_position,"Vegetable oils; coconut (copra) oil and its fractions, crude, not chemically modified",,1513,III
151319,sous_position,"Vegetable oils; coconut (copra) oil and its fractions, other than crude, whether or not refined, but not chemically modified",,1513,III
151321,sous_position,"Vegetable oils; palm kernel or babassu oil and their fractions, crude, not chemically modified",,1513,III
151329,sous_position,"Vegetable oils; palm kernel or babassu oil and their fractions, other than crude, whether or not refined, but not chemically modified",,1513,III
1514,position,"Rape, colza or mustard oil and their fractions; whether or not refined, but not chemically modified",,15,III
151411,sous_position,"Vegetable oils; low erucic acid rape or colza oil and its fractions, crude",,1514,III
151419,sous_position,"Vegetable oils; low erucic acid rape or colza oil and its fractions, other than crude, but not chemically modified",,1514,III
151491,sous_position,"Vegetable oils; excluding low erucic acid rape or colza oil and its fractions, crude",,1514,III
151499,sous_position,"Vegetable oils; excluding low erucic acid rape or colza oil and its fractions, other than crude, but not chemically modified",,1514,III
1515,position,"Fixed vegetable or microbial fats and oils n.e.c. in chapter 15 (including jojoba oil) and their fractions, whether or not refined, but not chemically modified",,15,III
151511,sous_position,"Vegetable oils; linseed oil and its fractions, crude, not chemically modified",,1515,III
151519,sous_position,"Vegetable oils; linseed oil and its fractions, other than crude, whether or not refined, but not chemically modified",,1515,III
151521,sous_position,"Vegetable oils; maize (corn) oil and its fractions, crude, not chemically modified",,1515,III
151529,sous_position,"Vegetable oils; maize (corn) oil and its fractions, other than crude, whether or not refined, but not chemically modified",,1515,III
151530,sous_position,"Vegetable oils; castor oil and its fractions, whether or not refined, but not chemically modified",,1515,III
151550,sous_position,"Vegetable oils; sesame oil and its fractions, whether or not refined, but not chemically modified",,1515,III
151560,sous_position,"Vegetable oils; microbial fats and oils and their fractions, whether or not refined, but not chemically modified",,1515,III
151590,sous_position,"Fixed vegetable fats and oils and their fractions n.e.c. in heading 1515; other than linseed, maize (corn), castor, sesame, microbial oils, whether or not refined, but not chemically modified",,1515,III
1516,position,"Animal, vegetable or microbial fats and oils and their fractions, partly or wholly hydrogenated, inter-esterified, re-esterified or elaidinised, whether or not refined, but not further prepared",,15,III
151610,sous_position,"Animal fats and oils and their fractions; partly or wholly hydrogenated, inter-esterified, re-esterified or elaidinised, whether or not refined, but not further prepared",,1516,III
151620,sous_position,"Vegetable fats and oils and their fractions; partly or wholly hydrogenated, inter-esterified, re-esterified or elaidinised, whether or not refined, but not further prepared",,1516,III
151630,sous_position,"Microbial fats and oils and their fractions; partly or wholly hydrogenated, inter-esterified, re-esterified or elaidinised, whether or not refined, but not further prepared",,1516,III
1517,position,"Margarine; edible mixtures or preparations of animal, vegetable or microbial fats or oils or of fractions of different fats or oils of this Chapter, other than edible fats and oils or their fractions of heading 15.16",,15,III
151710,sous_position,Margarine; excluding liquid margarine,,1517,III
151790,sous_position,"Edible mixtures or preparations of animal, vegetable or microbial fats or oils or of fractions of different fats or oils of this Chapter, n.e.c. in heading 1517, other than edible fats and oils or their fractions of heading 15.16",,1517,III
1518,position,"Animal, vegetable or microbial fats, oils and their fractions; boiled, oxidised, dehydrated or otherwise chemically modified, excluding those of heading no. 1516, inedible mixtures or preparations of fats, oils or their fractions, n.e.c. in chapter 15",,15,III
151800,sous_position,"Animal, vegetable or microbial fats, oils and their fractions; boiled, oxidised, dehydrated or otherwise chemically modified, excluding those of heading no. 1516, inedible mixtures or preparations of fats, oils or their fractions, n.e.c. in chapter 15",,1518,III
1520,position,"Glycerol, crude; glycerol waters and glycerol lyes",,15,III
152000,sous_position,"Glycerol, crude; glycerol waters and glycerol lyes",,1520,III
1521,position,"Vegetable waxes (other than triglycerides), beeswax, other insect waxes and spermaceti; whether or not refined or coloured",,15,III
152110,sous_position,Vegetable waxes (other than triglycerides); whether or not refined or coloured,,1521,III
152190,sous_position,"Waxes, other than vegetable, n.e.c. in heading no. 1521; whether or not refined or coloured",,1521,III
1522,position,Degras; residues resulting from the treatment of fatty substances or animal or vegetable waxes,,15,III
152200,sous_position,Degras; residues resulting from the treatment of fatty substances or animal or vegetable waxes,,1522,III
16,chapitre,"Meat, fish, crustaceans, molluscs or other aquatic invertebrates, or insects; preparations thereof",,TOTAL,IV
1601,position,"Sausages and similar products, of meat, meat offal, blood or insects; food preparations based on these products",,16,IV
160100,sous_position,"Meat preparations; sausages and similar products, of meat, meat offal, blood or insects, and food preparations based on these products",,1601,IV
1602,position,"Prepared or preserved meat, meat offal, blood or insects",,16,IV
160210,sous_position,"Meat preparations; homogenised preparations of meat, meat offal blood or insects",,1602,IV
160220,sous_position,Meat preparations; of the prepared or preserved liver of any animal (excluding homogenised preparations),,1602,IV
160231,sous_position,"Meat preparations; of turkeys, prepared or preserved meat or meat offal (excluding livers and homogenised preparations)",,1602,IV
160232,sous_position,"Meat preparations; of the poultry of heading no. 0105, (i.e. of fowls of the species Gallus domesticus)",,1602,IV
160239,sous_position,"Meat preparations; of poultry (excluding turkeys), prepared or preserved meat or meat offal (excluding livers and homogenised preparations)",,1602,IV
160241,sous_position,"Meat preparations; of swine, hams and cuts thereof, prepared or preserved (excluding homogenised preparations)",,1602,IV
160242,sous_position,"Meat preparations; of swine, shoulders and cuts thereof, prepared or preserved (excluding homogenised preparations)",,1602,IV
160249,sous_position,"Meat preparations; of swine, meat or meat offal (including mixtures), prepared or preserved, n.e.c. in heading no. 1602",,1602,IV
160250,sous_position,"Meat preparations; of bovine animals, meat or meat offal, prepared or preserved (excluding livers and homogenised preparations)",,1602,IV
160290,sous_position,"Meat preparations; of meat, meat offal or the blood of any animal, n.e.c. in heading no. 1602",,1602,IV
1603,position,"Extracts and juices of meat, fish or crustaceans, molluscs or other aquatic invertebrates",,16,IV
160300,sous_position,"Extracts and juices; of meat, fish or crustaceans, molluscs or other aquatic invertebrates",,1603,IV
1604,position,Prepared or preserved fish; caviar and caviar substitutes prepared from fish eggs,,16,IV
160411,sous_position,"Fish preparations; salmon, prepared or preserved, whole or in pieces (but not minced)",,1604,IV
160412,sous_position,"Fish preparations; herrings, prepared or preserved, whole or in pieces (but not minced)",,1604,IV
160413,sous_position,"Fish preparations; sardines, sardinella and brisling or sprats, prepared or preserved, whole or in pieces (but not minced)",,1604,IV
160414,sous_position,"Fish preparations; tunas, skipjack tuna and bonito (Sarda spp.), prepared or preserved, whole or in pieces (but not minced)",,1604,IV
160415,sous_position,"Fish preparations; mackerel, prepared or preserved, whole or in pieces (but not minced)",,1604,IV
160416,sous_position,"Fish preparations; anchovies, prepared or preserved, whole or in pieces (but not minced)",,1604,IV
160417,sous_position,"Fish preparations; eels, prepared or preserved, whole or in pieces (but not minced)",,1604,IV
160418,sous_position,"Fish preparations; shark fins, prepared or preserved, whole or in pieces (but not minced)",,1604,IV
160419,sous_position,"Fish preparations; fish prepared or preserved, whole or in pieces (but not minced), n.e.c. in heading no. 1604",,1604,IV
160420,sous_position,"Fish preparations; fish minced or in forms n.e.c. in heading no. 1604, prepared or preserved",,1604,IV
160431,sous_position,Fish preparations; caviar,,1604,IV
160432,sous_position,"Fish preparations; caviar substitutes, prepared from fish eggs",,1604,IV
1605,position,"Crustaceans, molluscs and other aquatic invertebrates, prepared or preserved",,16,IV
160510,sous_position,"Crustacean preparations; crab, prepared or preserved",,1605,IV
160521,sous_position,"Crustacean preparations; shrimps and prawns, prepared or preserved, not in airtight containers",,1605,IV
160529,sous_position,"Crustacean preparations; shrimps and prawns, prepared or preserved, in airtight containers",,1605,IV
160530,sous_position,"Crustacean preparations; lobster, prepared or preserved",,1605,IV
160540,sous_position,"Crustacean preparations; other than crab, shrimps, prawns, and lobsters, prepared or preserved",,1605,IV
160551,sous_position,"Mollusc preparations; oysters, prepared or preserved",,1605,IV
160552,sous_position,"Mollusc preparations; scallops, including queen scallops, prepared or preserved",,1605,IV
160553,sous_position,"Mollusc preparations; mussels, prepared or preserved",,1605,IV
160554,sous_position,"Mollusc preparations; cuttle fish and squid, prepared or preserved",,1605,IV
160555,sous_position,"Mollusc preparations; octopus, prepared or preserved",,1605,IV
160556,sous_position,"Mollusc preparations; clams, cockles and arkshells, prepared or preserved",,1605,IV
160557,sous_position,"Mollusc preparations; abalone, prepared or preserved",,1605,IV
160558,sous_position,"Mollusc preparations; snails, other than sea snails, prepared or preserved",,1605,IV
160559,sous_position,"Mollusc preparations; n.e.c. in item no. 1605.5, preparations such as pastes, sausages, prepared meals and the like",,1605,IV
160561,sous_position,"Aquatic invertebrates; sea cucumbers, prepared or preserved",,1605,IV
160562,sous_position,"Aquatic invertebrates; sea urchins, prepared or preserved",,1605,IV
160563,sous_position,"Aquatic invertebrates; jellyfish, prepared or preserved",,1605,IV
160569,sous_position,"Aquatic invertebrates; other than crustaceans, molluscs, sea cucumbers, sea urchins, and jellyfish, prepared or preserved",,1605,IV
17,chapitre,Sugars and sugar confectionery,,TOTAL,IV
1701,position,"Cane or beet sugar and chemically pure sucrose, in solid form",,17,IV
170112,sous_position,"Sugars; beet sugar, raw, in solid form, not containing added flavouring or colouring matter",,1701,IV
170113,sous_position,"Sugars; cane sugar, raw, in solid form, as specified in Subheading Note 2 to this chapter, not containing added flavouring or colouring matter",,1701,IV
170114,sous_position,"Sugars; cane sugar, raw, in solid form, other than as specified in Subheading Note 2 to this chapter, not containing added flavouring or colouring matter",,1701,IV
170191,sous_position,"Sugars; sucrose, chemically pure, in solid form, containing added flavouring or colouring matter",,1701,IV
170199,sous_position,"Sugars; sucrose, chemically pure, in solid form, not containing added flavouring or colouring matter",,1701,IV
1702,position,"Sugars, including lactose, maltose, glucose or fructose in solid form; sugar syrups without added flavouring or colouring matter; artificial honey, whether or not mixed with natural honey; caramel",,17,IV
170211,sous_position,"Sugars; lactose and lactose syrup, containing by weight 99% or more lactose, expressed as anhydrous lactose, calculated on the dry matter",,1702,IV
170219,sous_position,"Sugars; lactose and lactose syrup, containing by weight less than 99% lactose, expressed as anhydrous lactose, calculated on the dry matter",,1702,IV
170220,sous_position,"Sugars; maple sugar, chemically pure, in solid form; maple syrup, not containing added flavouring or colouring matter",,1702,IV
170230,sous_position,"Sugars; glucose and glucose syrup, not containing fructose or containing in the dry state less than 20% by weight of fructose, the syrup not containing added flavouring or colouring matter",,1702,IV
170240,sous_position,"Sugars; glucose and glucose syrup, containing in the dry state at least 20% but less than 50% by weight of fructose, excluding invert sugar, the syrup not containing added flavouring or colouring matter",,1702,IV
170250,sous_position,"Sugars; fructose, chemically pure, in solid form",,1702,IV
170260,sous_position,"Sugars; fructose, other than chemically pure fructose, and fructose syrup (containing in the dry state more than 50% by weight of fructose), excluding invert sugar",,1702,IV
170290,sous_position,"Sugars; n.e.c. in heading no. 1702, including invert sugar and other sugar and sugar syrup blends containing, in the dry state, 50% by weight of fructose",,1702,IV
1703,position,Molasses; resulting from the extraction or refining of sugar,,17,IV
170310,sous_position,"Sugars; molasses, from sugar cane, resulting from the extraction or refining of sugar",,1703,IV
170390,sous_position,"Sugars; molasses, from sugar beet, resulting from the extraction or refining of sugar",,1703,IV
1704,position,"Sugar confectionery (including white chocolate), not containing cocoa",,17,IV
170410,sous_position,"Sugar confectionery; chewing gum, whether or not sugar-coated, not containing cocoa",,1704,IV
170490,sous_position,"Sugar confectionery; (excluding chewing gum, including white chocolate), not containing cocoa",,1704,IV
18,chapitre,Cocoa and cocoa preparations,,TOTAL,IV
1801,position,"Cocoa beans; whole or broken, raw or roasted",,18,IV
180100,sous_position,"Cocoa beans; whole or broken, raw or roasted",,1801,IV
1802,position,"Cocoa; shells, husks, skins and other cocoa waste",,18,IV
180200,sous_position,"Cocoa; shells, husks, skins and other cocoa waste",,1802,IV
1803,position,Cocoa; paste; whether or not defatted,,18,IV
180310,sous_position,"Cocoa; paste, not defatted",,1803,IV
180320,sous_position,"Cocoa; paste, wholly or partly defatted",,1803,IV
1804,position,"Cocoa; butter, fat and oil",,18,IV
180400,sous_position,"Cocoa; butter, fat and oil",,1804,IV
1805,position,"Cocoa; powder, not containing added sugar or other sweetening matter",,18,IV
180500,sous_position,"Cocoa; powder, not containing added sugar or other sweetening matter",,1805,IV
1806,position,Chocolate and other food preparations containing cocoa,,18,IV
180610,sous_position,"Cocoa; powder, containing added sugar or other sweetening matter",,1806,IV
180620,sous_position,"Chocolate & other food preparations containing cocoa; in blocks, slabs or bars weighing more than 2kg or in liquid, paste, powder, granular or other bulk form in containers or immediate packings, content exceeding 2kg",,1806,IV
180631,sous_position,"Chocolate and other food preparations containing cocoa; in blocks, slabs or bars, filled, weighing 2kg or less",,1806,IV
180632,sous_position,"Chocolate and other food preparations containing cocoa; in blocks, slabs or bars, (not filled), weighing 2kg or less",,1806,IV
180690,sous_position,Chocolate and other food preparations containing cocoa; n.e.c. in chapter 18,,1806,IV
19,chapitre,"Preparations of cereals, flour, starch or milk; pastrycooks' products",,TOTAL,IV
1901,position,"Malt extract; flour/groats/meal/starch/malt extract products, no cocoa (or less than 40% by weight) and food preparations of goods of headings 04.01 to 04.04, no cocoa (or less than 5% by weight), weights calculated on a totally defatted basis, n.e.c.",,19,IV
190110,sous_position,"Food preparations; of flour, meal, starch, malt extract or milk products, suitable for infants or young children, put up for retail sale",,1901,IV
190120,sous_position,"Food preparations; mixes and doughs for the preparation of bread, pastry, cakes, biscuits and other bakers' wares",,1901,IV
190190,sous_position,"Food preparations; of flour, meal, starch, malt extract or milk products, for uses n.e.c. in heading no. 1901",,1901,IV
1902,position,"Pasta; whether or not cooked or stuffed with meat or other substance, or otherwise prepared, egg spaghetti, macaroni, noodles, lasagne, gnocchi, ravioli, cannelloni; couscous, whether or not prepared",,19,IV
190211,sous_position,"Food preparations; pasta, containing eggs, uncooked, not stuffed or otherwise prepared",,1902,IV
190219,sous_position,"Food preparations; pasta, uncooked (excluding that containing eggs), not stuffed or otherwise prepared",,1902,IV
190220,sous_position,"Food preparations; pasta, stuffed (with meat or other substances), whether or not cooked or otherwise prepared",,1902,IV
190230,sous_position,"Food preparations; pasta (excluding stuffed), cooked or otherwise prepared",,1902,IV
190240,sous_position,Food preparations; couscous,,1902,IV
1903,position,"Tapioca and substitutes therefor prepared from starch; in the form of flakes, grains, pearls, siftings or similar forms",,19,IV
190300,sous_position,"Food preparations; tapioca and substitutes thereof, prepared from starch in the form of flakes, grains, pearls, siftings or similar",,1903,IV
1904,position,"Prepared foods obtained by swelling or roasting cereals or cereal products (e.g. corn flakes); cereals (other than maize (corn)) in grain form or in the form of flakes or other worked grains (not flour and meal), pre-cooked or otherwise prepared, n.e.c.",,19,IV
190410,sous_position,Food preparations; obtained by the swelling or roasting of cereals or cereal products,,1904,IV
190420,sous_position,Food preparations; obtained from unroasted cereal flakes or from mixtures of unroasted cereal flakes and roasted cereal flakes or swelled cereals,,1904,IV
190430,sous_position,"Prepared foods obtained by the swelling or roasting of cereals or cereal products (e.g. corn flakes); cereals, not maize (corn), in grain form or in the form of flakes or other worked grains, from bulgur wheat",,1904,IV
190490,sous_position,"Food preparations; cereal or cereal products (excluding maize), in grain form, pre-cooked or otherwise prepared",,1904,IV
1905,position,"Bread, pastry, cakes, biscuits, other bakers' wares, whether or not containing cocoa; communion wafers, empty cachets suitable for pharmaceutical use, sealing wafers, rice paper and similar products",,19,IV
190510,sous_position,"Food preparations; crispbread, whether or not containing cocoa",,1905,IV
190520,sous_position,"Food preparations; gingerbread and the like, whether or not containing cocoa",,1905,IV
190531,sous_position,"Food preparations; sweet biscuits, whether or not containing cocoa",,1905,IV
190532,sous_position,"Food preparations; waffles and wafers, whether or not containing cocoa",,1905,IV
190540,sous_position,"Food preparations; rusks, toasted bread and similar toasted products, whether or not containing cocoa",,1905,IV
190590,sous_position,"Food preparations; bakers' wares n.e.c. in heading no. 1605, whether or not containing cocoa; communion wafers, empty cachets suitable for pharmaceutical use, sealing wafers, rice papers and similar products",,1905,IV
20,chapitre,"Preparations of vegetables, fruit, nuts or other parts of plants",,TOTAL,IV
2001,position,"Vegetables, fruit, nuts and other edible parts of plants; prepared or preserved by vinegar or acetic acid",,20,IV
200110,sous_position,"Vegetable preparations; cucumbers and gherkins, prepared or preserved by vinegar or acetic acid",,2001,IV
200190,sous_position,"Vegetable preparations; vegetables, fruit, nuts and other edible parts of plants, prepared or preserved by vinegar or acetic acid (excluding cucumbers and gherkins)",,2001,IV
2002,position,Tomatoes; prepared or preserved otherwise than by vinegar or acetic acid,,20,IV
200210,sous_position,"Vegetable preparations; tomatoes, whole or in pieces, prepared or preserved otherwise than by vinegar or acetic acid",,2002,IV
200290,sous_position,"Vegetable preparations; tomatoes, (other than whole or in pieces), prepared or preserved otherwise than by vinegar or acetic acid",,2002,IV
2003,position,"Mushrooms and truffles, prepared or preserved other than by vinegar or acetic acid",,20,IV
200310,sous_position,"Vegetable preparations; mushrooms of the genus Agaricus, prepared or preserved otherwise than by vinegar or acetic acid",,2003,IV
200390,sous_position,"Vegetable preparations; mushrooms and truffles, other than mushrooms of the genus Agaricus, prepared or preserved otherwise than by vinegar or acetic acid",,2003,IV
2004,position,"Vegetables preparations n.e.c.; prepared or preserved otherwise than by vinegar or acetic acid, frozen, other than products of heading no. 2006",,20,IV
200410,sous_position,"Vegetable preparations; potatoes, prepared or preserved otherwise than by vinegar or acetic acid, frozen",,2004,IV
200490,sous_position,"Vegetable preparations; vegetables and mixtures of vegetables (excluding potatoes), prepared or preserved otherwise than by vinegar or acetic acid, frozen",,2004,IV
2005,position,"Vegetables preparations n.e.c.; prepared or preserved otherwise than by vinegar or acetic acid, not frozen, other than products of heading no. 2006",,20,IV
200510,sous_position,"Vegetable preparations; homogenised vegetables, prepared or preserved otherwise than by vinegar or acetic acid, not frozen",,2005,IV
200520,sous_position,"Vegetable preparations; potatoes, prepared or preserved otherwise than by vinegar or acetic acid, not frozen",,2005,IV
200540,sous_position,"Vegetable preparations; peas (pisum sativum), prepared or preserved otherwise than by vinegar or acetic acid, not frozen",,2005,IV
200551,sous_position,"Vegetable preparations; beans, shelled, prepared or preserved otherwise than by vinegar or acetic acid, not frozen",,2005,IV
200559,sous_position,"Vegetable preparations; beans, (not shelled), prepared or preserved otherwise than by vinegar or acetic acid, not frozen",,2005,IV
200560,sous_position,"Vegetable preparations; asparagus, prepared or preserved otherwise than by vinegar or acetic acid, not frozen",,2005,IV
200570,sous_position,"Vegetable preparations; olives, prepared or preserved otherwise than by vinegar or acetic acid, not frozen",,2005,IV
200580,sous_position,"Vegetable preparations; sweetcorn (zea mays var. saccharata), prepared or preserved otherwise than by vinegar or acetic acid, not frozen",,2005,IV
200591,sous_position,"Vegetable preparations; bamboo shoots, prepared or preserved otherwise than by vinegar or acetic acid, not frozen",,2005,IV
200599,sous_position,"Vegetable preparations; vegetables and mixtures of vegetables n.e.c. in heading no. 2005, prepared or preserved otherwise than by vinegar or acetic acid, not frozen",,2005,IV
2006,position,"Vegetables, fruit, nuts, fruit-peel and other parts of plants, preserved by sugar (drained, glace or crystallised)",,20,IV
200600,sous_position,"Vegetables, fruit, nuts, fruit-peel and other parts of plants, preserved by sugar (drained, glace or crystallised)",,2006,IV
2007,position,"Jams, fruit jellies, marmalades, fruit or nut puree and fruit or nut pastes, being cooked preparations; whether or not containing added sugar or other sweetening matter",,20,IV
200710,sous_position,"Jams, fruit jellies, marmalades, fruit or nut puree and fruit or nut pastes; homogenised, cooked preparations, whether or not containing added sugar or other sweetening matter",,2007,IV
200791,sous_position,"Jams, jellies, marmalades, purees and pastes; of citrus fruit, being cooked preparations (excluding homogenised), whether or not containing added sugar or other sweetening matter",,2007,IV
200799,sous_position,"Jams, fruit jellies, marmalades, purees and pastes; of fruit or nuts n.e.c. in heading no. 2007, cooked preparations (excluding homogenised), whether or not containing added sugar or other sweetening matter",,2007,IV
2008,position,"Fruit, nuts and other edible parts of plants; prepared or preserved in ways n.e.c., whether or not containing added sugar or other sweetening matter or spirit, not elsewhere specified or included",,20,IV
200811,sous_position,"Nuts; ground-nuts, whether or not containing added sugar, other sweetening matter or spirit",,2008,IV
200819,sous_position,"Nuts and other seeds; whether or not containing added sugar, other sweetening matter or spirit (excluding ground-nuts except in mixtures)",,2008,IV
200820,sous_position,"Fruit; pineapples, prepared or preserved in ways n.e.c. in heading no. 2007, whether or not containing added sugar, other sweetening matter or spirit",,2008,IV
200830,sous_position,"Fruit; citrus, prepared or preserved in ways n.e.c. in heading no. 2007, whether or not containing added sugar, other sweetening matter or spirit",,2008,IV
200840,sous_position,"Fruit; pears, prepared or preserved in ways n.e.c. in heading no. 2007, whether or not containing added sugar, other sweetening matter or spirit",,2008,IV
200850,sous_position,"Fruit; apricots, prepared or preserved in ways n.e.c. in heading no. 2007, whether or not containing added sugar, other sweetening matter or spirit",,2008,IV
200860,sous_position,"Fruit; cherries, prepared or preserved in ways n.e.c. in heading no. 2007, whether or not containing added sugar, other sweetening matter or spirit",,2008,IV
200870,sous_position,"Fruit; peaches, including nectarines, prepared or preserved in ways n.e.c. in heading no. 2007 and 2008, whether or not containing added sugar, other sweetening matter or spirit",,2008,IV
200880,sous_position,"Fruit; strawberries, prepared or preserved in ways n.e.c. in heading no. 2007, whether or not containing added sugar, other sweetening matter or spirit",,2008,IV
200891,sous_position,"Fruit, palm hearts; prepared or preserved, whether or not containing added sugar, other sweetening matter or spirit",,2008,IV
200893,sous_position,"Fruit; cranberries (Vaccinium macrocarpon, Vaccinium oxycoccos); Iingonberries (Vaccinium vitis-idaea), prepared or preserved, whether or not containing added sugar, other sweetening matter or spirit",,2008,IV
200897,sous_position,"Fruit, nuts and other edible parts of plants; mixtures (other than those of subheading no 2008.19); prepared or preserved in ways n.e.c. in headings 2007 and 2008, whether or not containing added sugar, or other sweetening matter or spirit, n.e.c.",,2008,IV
200899,sous_position,"Fruit, nuts and other edible parts of plants; prepared or preserved, whether or not containing added sugar, other sweetening matter or spirit, n.e.c. in heading no. 2008",,2008,IV
2009,position,"Fruit or nut juices (including grape must and coconut water) and vegetable juices, unfermented, not containing added spirit, whether or not containing added sugar or other sweetening matter",,20,IV
200911,sous_position,"Juice; orange, frozen, unfermented, (not containing added spirit), whether or not containing added sugar or other sweetening matter",,2009,IV
200912,sous_position,"Juice; orange, not frozen, of a Brix value not exceeding 20, unfermented, not containing added spirit, whether or not containing added sugar or other sweetening matter",,2009,IV
200919,sous_position,"Juice; orange, not frozen, of a Brix value exceeding 20, unfermented, not containing added spirit, whether or not containing added sugar or other sweetening matter",,2009,IV
200921,sous_position,"Juice; grapefruit or pomelo, of a Brix value not exceeding 20, unfermented, (not containing added spirit), whether or not containing added sugar or other sweetening matter",,2009,IV
200929,sous_position,"Juice; grapefruit or pomelo, of a Brix value exceeding 20, unfermented, not containing added spirit, whether or not containing added sugar or other sweetening matter",,2009,IV
200931,sous_position,"Juice; of single citrus fruit (excluding orange, grapefruit or pomelo), of a Brix value not exceeding 20, unfermented, not containing added spirit, whether or not containing added sugar or other sweetening matter",,2009,IV
200939,sous_position,"Juice; of single citrus fruit (excluding orange, grapefruit or pomelo), of a Brix value exceeding 20, unfermented, not containing added spirit, whether or not containing added sugar or other sweetening matter",,2009,IV
200941,sous_position,"Juice; pineapple, of a Brix value not exceeding 20, unfermented, (not containing added spirit), whether or not containing added sugar or other sweetening matter",,2009,IV
200949,sous_position,"Juice; pineapple, of a Brix value exceeding 20, unfermented, not containing added spirit, whether or not containing added sugar or other sweetening matter",,2009,IV
200950,sous_position,"Juice; tomato, unfermented, not containing added spirit, whether or not containing added sugar or other sweetening matter",,2009,IV
200961,sous_position,"Juice; grape, of a Brix value not exceeding 30, unfermented, (not containing added spirit), whether or not containing added sugar or other sweetening matter",,2009,IV
200969,sous_position,"Juice; grape, of a Brix value exceeding 30, unfermented, not containing added spirit, whether or not containing added sugar or other sweetening matter",,2009,IV
200971,sous_position,"Juice; apple, of a Brix value not exceeding 20, unfermented, (not containing added spirit), whether or not containing added sugar or other sweetening matter",,2009,IV
200979,sous_position,"Juice; apple, of a Brix value exceeding 20, unfermented, not containing added spirit, whether or not containing added sugar or other sweetening matter",,2009,IV
200981,sous_position,"Juice; cranberry (Vaccinium macrocarpon, Vaccinium oxycoccos); Iingonberry (Vaccinium vitis-idaea), unfermented, not containing added spirit, whether or not containing added sugar or other sweetening matter",,2009,IV
200989,sous_position,"Juice; of any single fruit, nut or vegetable n.e.c. in heading no. 2009, unfermented, not containing added spirit, whether or not containing added sugar or other sweetening matter",,2009,IV
200990,sous_position,"Juices; mixtures of fruits or vegetables (but not nut juice), unfermented, not containing added spirit, whether or not containing added sugar or other sweetening matter",,2009,IV
21,chapitre,Miscellaneous edible preparations,,TOTAL,IV
2101,position,"Extracts, essences, concentrates of coffee, tea or mate; preparations with a basis of these products or with a basis of coffee, tea or mate; roasted chicory and other roasted coffee substitutes and extracts, essences and concentrates thereof",,21,IV
210111,sous_position,"Extracts, essences and concentrates; of coffee, and preparations with a basis of these extracts, essences or concentrates or with a basis of coffee",,2101,IV
210112,sous_position,"Preparations with a basis of extracts, essences or concentrates or with a basis of coffee",,2101,IV
210120,sous_position,"Extracts, essences and concentrates; of tea or mate, and preparations with a basis of these extracts, essences or concentrates or with a basis of tea or mate",,2101,IV
210130,sous_position,"Chicory, roasted and other roasted coffee substitutes; extracts, essences and concentrates thereof",,2101,IV
2102,position,"Yeasts (active or inactive); other single-cell micro-organisms, dead (but not including vaccines of heading no. 3002); prepared baking powders",,21,IV
210210,sous_position,Yeasts; active,,2102,IV
210220,sous_position,"Yeasts; inactive, other single-cell micro-organisms, dead",,2102,IV
210230,sous_position,Baking powders; prepared,,2102,IV
2103,position,"Sauces and preparations therefor; mixed condiments and mixed seasonings, mustard flour and meal and prepared mustard",,21,IV
210310,sous_position,Sauces; soya,,2103,IV
210320,sous_position,Sauces; tomato ketchup and other tomato sauces,,2103,IV
210330,sous_position,Mustard flour and meal and prepared mustard,,2103,IV
210390,sous_position,Sauces and preparations therefor; mixed condiments and mixed seasonings,,2103,IV
2104,position,Soups and broths and preparations therefor; homogenised composite food preparations,,21,IV
210410,sous_position,Soups and broths and preparations therefor,,2104,IV
210420,sous_position,Homogenised composite food preparations,,2104,IV
2105,position,Ice cream and other edible ice; whether or not containing cocoa,,21,IV
210500,sous_position,Ice cream and other edible ice; whether or not containing cocoa,,2105,IV
2106,position,Food preparations not elsewhere specified or included,,21,IV
210610,sous_position,Protein; concentrates and textured protein substances,,2106,IV
210690,sous_position,Food preparations; n.e.c. in item no. 2106.10,,2106,IV
22,chapitre,"Beverages, spirits and vinegar",,TOTAL,IV
2201,position,"Waters, including natural or artificial mineral waters and aerated waters, not containing added sugar or other sweetening matter nor flavoured; ice and snow",,22,IV
220110,sous_position,"Waters; mineral and aerated, including natural or artificial, (not containing added sugar or other sweetening matter nor flavoured)",,2201,IV
220190,sous_position,"Waters; other than mineral and aerated, (not containing added sugar or other sweetening matter nor flavoured), ice and snow",,2201,IV
2202,position,"Waters, including mineral and aerated waters, containing added sugar or sweetening matter, flavoured; other non-alcoholic beverages, not including fruit, nut or vegetable juices of heading no. 2009",,22,IV
220210,sous_position,"Waters; including mineral and aerated, containing added sugar or other sweetening matter or flavoured",,2202,IV
220291,sous_position,Non-alcoholic beverages; non-alcoholic beer,,2202,IV
220299,sous_position,"Non-alcoholic beverages; other than non-alcoholic beer, n.e.c. in item no. 2202.10, not including fruit, nut or vegetable juices of heading no. 2009",,2202,IV
2203,position,Beer made from malt,,22,IV
220300,sous_position,Beer; made from malt,,2203,IV
2204,position,"Wine of fresh grapes, including fortified wines; grape must other than that of heading no. 2009",,22,IV
220410,sous_position,Wine; sparkling,,2204,IV
220421,sous_position,"Wine; still, in containers holding 2 litres or less",,2204,IV
220422,sous_position,"Wine; still, in containers holding more than 2 litres but not more than 10 litres",,2204,IV
220429,sous_position,"Wine; still, in containers holding more than 10 litres",,2204,IV
220430,sous_position,"Grape must; n.e.c. in heading no. 2009, n.e.c. in item no. 2204.2",,2204,IV
2205,position,"Vermouth and other wine of fresh grapes, flavoured with plants or aromatic substances",,22,IV
220510,sous_position,"Vermouth and other wine of fresh grapes, flavoured with plants or aromatic substances, in containers holding 2 litres or less",,2205,IV
220590,sous_position,"Vermouth and other wine of fresh grapes, flavoured with plants or aromatic substances, in containers holding more than 2 litres",,2205,IV
2206,position,"Fermented beverages, n.e.c. in chapter 22; (e.g. cider, perry, mead, sake)",,22,IV
220600,sous_position,"Beverages, fermented; (e.g. cider, perry, mead, sake)",,2206,IV
2207,position,"Ethyl alcohol, undenatured; of an alcoholic strength by volume of 80% vol. or higher; ethyl alcohol and other spirits, denatured, of any strength",,22,IV
220710,sous_position,Undenatured ethyl alcohol; of an alcoholic strength by volume of 80% vol. or higher,,2207,IV
220720,sous_position,"Ethyl alcohol and other spirits; denatured, of any strength",,2207,IV
2208,position,"Ethyl alcohol, undenatured; of an alcoholic strength by volume of less than 80% volume; spirits, liqueurs and other spirituous beverages",,22,IV
220820,sous_position,Spirits obtained by distilling grape wine or grape marc,,2208,IV
220830,sous_position,Whiskies,,2208,IV
220840,sous_position,Rum and other spirits obtained by distilling fermented sugar-cane products,,2208,IV
220850,sous_position,Gin and geneva,,2208,IV
220860,sous_position,Vodka,,2208,IV
220870,sous_position,Liqueurs and cordials,,2208,IV
220890,sous_position,"Spirits, liqueurs and other spirituous beverages; n.e.c. in heading no. 2208",,2208,IV
2209,position,Vinegar and substitutes for vinegar obtained from acetic acid,,22,IV
220900,sous_position,Vinegar and substitutes for vinegar; obtained from acetic acid,,2209,IV
23,chapitre,"Food industries, residues and wastes thereof; prepared animal fodder",,TOTAL,IV
2301,position,"Flours, meal and pellets, of meat or meat offal, of fish or of crustaceans, molluscs or other aquatic invertebrates, unfit for human consumption; greaves",,23,IV
230110,sous_position,"Flours, meals and pellets; of meat or meat offal, greaves",,2301,IV
230120,sous_position,"Flours, meals and pellets; of fish or of crustaceans, molluscs or other aquatic invertebrates",,2301,IV
2302,position,"Bran, sharps and other residues; whether or not in the form of pellets derived from the sifting, milling or other working of cereals or of leguminous plants",,23,IV
230210,sous_position,"Bran, sharps and other residues; of maize (corn), whether or not in the form of pellets, derived from the sifting, milling or other workings thereof",,2302,IV
230230,sous_position,"Bran, sharps and other residues; of wheat, whether or not in the form of pellets, derived from the sifting, milling or other workings thereof",,2302,IV
230240,sous_position,"Bran, sharps and other residues; of other cereals, whether or not in the form of pellets, derived from the sifting, milling or other workings thereof",,2302,IV
230250,sous_position,"Bran, sharps and other residues; of leguminous plants, whether or not in the form of pellets, derived from the sifting, milling or other workings thereof",,2302,IV
2303,position,"Residues of starch manufacture, similar residues; beet-pulp, bagasse and other waste of sugar manufacture, brewing or distilling dregs and waste, whether or not in the form of pellets",,23,IV
230310,sous_position,Residues of starch manufacture and similar residues; whether or not in the form of pellets,,2303,IV
230320,sous_position,"Beet-pulp, bagasse and other waste of sugar manufacture; whether or not in the form of pellets",,2303,IV
230330,sous_position,Brewing or distilling dregs and waste; whether or not in the form of pellets,,2303,IV
2304,position,"Oil-cake and other solid residues; whether or not ground or in the form of pellets, resulting from the extraction of soya-bean oil",,23,IV
230400,sous_position,"Oil-cake and other solid residues; whether or not ground or in the form of pellets, resulting from the extraction of soya-bean oil",,2304,IV
2305,position,"Oil-cake and other solid residues; whether or not ground or in the form of pellets, resulting from the extraction of ground-nut oil",,23,IV
230500,sous_position,"Oil-cake and other solid residues; whether or not ground or in the form of pellets, resulting from the extraction of ground-nut oil",,2305,IV
2306,position,"Oil-cake and other solid residues; whether or not ground or in the form of pellets, resulting from the extraction of vegetable or microbial fats or oils, other than those of heading no. 2304 or 2305",,23,IV
230610,sous_position,"Oil-cake and other solid residues; whether or not ground or in the form of pellets, resulting from the extraction of cotton seed oils",,2306,IV
230620,sous_position,"Oil-cake and other solid residues; whether or not ground or in the form of pellets, resulting from the extraction of linseed oils",,2306,IV
230630,sous_position,"Oil-cake and other solid residues; whether or not ground or in the form of pellets, resulting from the extraction of sunflower seed oils",,2306,IV
230641,sous_position,"Oil-cake and other solid residues; whether or not ground or in the form of pellets, resulting from the extraction of low erucic acid rape or colza seed oils",,2306,IV
230649,sous_position,"Oil-cake and other solid residues; whether or not ground or in the form of pellets, resulting from the extraction of rape seed oils (other than low erucic acid rape or colza)",,2306,IV
230650,sous_position,"Oil-cake and other solid residues; whether or not ground or in the form of pellets, resulting from the extraction of coconut or copra seed oils",,2306,IV
230660,sous_position,"Oil-cake and other solid residues; whether or not ground or in the form of pellets, resulting from the extraction of palm nuts or kernels oils",,2306,IV
230690,sous_position,"Oil-cake and other solid residues; whether or not ground or in the form of pellets, resulting from the extraction of oils, n.e.c. in heading no. 2306",,2306,IV
2307,position,Wine lees; argol,,23,IV
230700,sous_position,Wine lees; argol,,2307,IV
2308,position,"Vegetable materials and vegetable waste, vegetable residues and bi-products; whether or not in the form of pellets, of a kind used in animal feeding, not elsewhere specified or included",,23,IV
230800,sous_position,"Vegetable materials and vegetable waste, vegetable residues and by-products; whether or not in the form of pellets, of a kind used in animal feeding, not elsewhere specified or included",,2308,IV
2309,position,Preparations of a kind used in animal feeding,,23,IV
230910,sous_position,"Dog or cat food; put up for retail sale, used in animal feeding",,2309,IV
230990,sous_position,"Dog or cat food; (not put up for retail sale), used in animal feeding",,2309,IV
24,chapitre,"Tobacco and manufactured tobacco substitutes; products, whether or not containing nicotine, intended for inhalation without combustion; other nicotine containing products intended for the intake of nicotine into the human body",,TOTAL,IV
2401,position,"Tobacco, unmanufactured; tobacco refuse",,24,IV
240110,sous_position,"Tobacco, (not stemmed or stripped)",,2401,IV
240120,sous_position,Tobacco; partly or wholly stemmed or stripped,,2401,IV
240130,sous_position,Tobacco refuse,,2401,IV
2402,position,"Cigars, cheroots, cigarillos and cigarettes; of tobacco or of tobacco substitutes",,24,IV
240210,sous_position,"Cigars, cheroots and cigarillos; containing tobacco including the weight of every band, wrapper or attachment thereto",,2402,IV
240220,sous_position,Cigarettes; containing tobacco,,2402,IV
240290,sous_position,"Cigars, cigarillos and cheroots; containing tobacco substitutes including the weight of every band, wrapper or attachment thereto",,2402,IV
2403,position,Manufactured tobacco and manufactured tobacco substitutes n.e.c; homogenised or reconstituted tobacco; tobacco extracts and essences,,24,IV
240311,sous_position,"Tobacco; smoking, water pipe tobacco as specified in Subheading Note 1 to this Chapter, whether or not containing tobacco substitutes in any proportion",,2403,IV
240319,sous_position,"Tobacco; smoking, other than water pipe tobacco, whether or not containing tobacco substitutes in any proportion",,2403,IV
240391,sous_position,Tobacco; homogenised or reconstituted,,2403,IV
240399,sous_position,Tobacco; other than homogenised or reconstituted or smoking,,2403,IV
2404,position,"Products containing tobacco, reconstituted tobacco, nicotine, or tobacco or nicotine substitutes, intended for inhalation without combustion; other nicotine containing products intended for the intake of nicotine into the human body",,24,IV
240411,sous_position,"Products containing tobacco or reconstituted tobacco, intended for inhalation without combustion",,2404,IV
240412,sous_position,"Products containing nicotine, other than tobacco or reconstituted tobacco, intended for inhalation without combustion",,2404,IV
240419,sous_position,"Products containing tobacco or nicotine substitutes, intended for inhalation without combustion",,2404,IV
240491,sous_position,"Products n.e.c. in heading 2404, intended for the intake of nicotine into the human body, for oral application",,2404,IV
240492,sous_position,"Products n.e.c. in heading 2404, intended for the intake of nicotine into the human body, for transdermal application",,2404,IV
240499,sous_position,"Products n.e.c. in heading 2404, intended for the intake of nicotine into the human body, by ways other than inhalation, and other than oral or transdermal application",,2404,IV
25,chapitre,"Salt; sulphur; earths, stone; plastering materials, lime and cement",,TOTAL,V
2501,position,Salt (including table salt and denatured salt); pure sodium chloride whether or not in aqueous solution; sea water,,25,V
250100,sous_position,Salt (including table salt and denatured salt); pure sodium chloride whether or not in aqueous solution; sea water,,2501,V
2502,position,Iron pyrites; unroasted,,25,V
250200,sous_position,Iron pyrites; unroasted,,2502,V
2503,position,"Sulphur of all kinds; other than sublimed, precipitated and colloidal sulphur",,25,V
250300,sous_position,"Sulphur of all kinds; other than sublimed, precipitated and colloidal sulphur",,2503,V
2504,position,Graphite; natural,,25,V
250410,sous_position,"Graphite; natural, in powder or in flakes",,2504,V
250490,sous_position,"Graphite; natural, in other forms, excluding powder or flakes",,2504,V
2505,position,"Sands of all kinds; natural, whether or not coloured, other than metal-bearing sands of chapter 26",,25,V
250510,sous_position,"Sands; natural, silica and quartz sands, whether or not coloured",,2505,V
250590,sous_position,"Sands; natural, (other than silica and quartz sands), whether or not coloured, (other than metal-bearing sands of chapter 26)",,2505,V
2506,position,"Quartz; (other than natural sands), quartzite, whether or not roughly trimmed or merely cut, by sawing or otherwise, into blocks or slabs of a rectangular (including square) shape",,25,V
250610,sous_position,Quartz; other than natural sands,,2506,V
250620,sous_position,"Quartzite; whether or not roughly trimmed or merely cut, by sawing or otherwise, into blocks or slabs of a rectangular (including square) shape",,2506,V
2507,position,Kaolin and other kaolinic clays; whether or not calcined,,25,V
250700,sous_position,Kaolin and other kaolinic clays; whether or not calcined,,2507,V
2508,position,"Clays; (not including expanded clays of heading no. 6806), andalusite kyanite and sillimanite, whether or not calcined; mullite; chamotte or dinas earth",,25,V
250810,sous_position,"Clays (excluding expanded clays of heading no. 6806); bentonite, whether or not calcined",,2508,V
250830,sous_position,"Clays (excluding expanded clays of heading no. 6806); fireclay, whether or not calcined",,2508,V
250840,sous_position,"Clays (excluding expanded clays of heading no. 6806); n.e.c. in heading no. 2508, whether or not calcined",,2508,V
250850,sous_position,"Clays (excluding expanded clays of heading no. 6806); andalusite, kyanite and sillimanite, whether or not calcined",,2508,V
250860,sous_position,Clays (excluding expanded clays of heading no. 6806); mullite,,2508,V
250870,sous_position,Clays (excluding expanded clays of heading no. 6806); chamotte or dinas earths,,2508,V
2509,position,Chalk,,25,V
250900,sous_position,Chalk,,2509,V
2510,position,Natural calcium phosphates; natural aluminium calcium phosphates and phosphatic chalk,,25,V
251010,sous_position,"Natural calcium phosphates, natural aluminium calcium phosphates and phosphatic chalk; unground",,2510,V
251020,sous_position,"Natural calcium phosphates, natural aluminium calcium phosphates and phosphatic chalk; ground",,2510,V
2511,position,"Natural barium sulphate (barytes); natural barium carbonate, (witherite) whether or not calcined, other than barium oxide of heading no. 2816",,25,V
251110,sous_position,Barium sulphate (barytes); natural,,2511,V
251120,sous_position,"Barium carbonate (witherite); natural, whether or not calcined, other than barium oxide of heading no. 2816",,2511,V
2512,position,"Siliceous fossil meals (e.g. kieselguhr, tripolite and diatomite) and similar siliceous earths; whether or not calcined, of an apparent specific gravity of 1 or less",,25,V
251200,sous_position,"Siliceous fossil meals (e.g. kieselguhr, tripolite and diatomite) and similar siliceous earths; whether or not calcined, of an apparent specific gravity of 1 or less",,2512,V
2513,position,"Pumice stone; emery; natural corundum, natural garnet and other natural abrasives, whether or not heat treated",,25,V
251310,sous_position,"Pumice stone, whether or not heat treated",,2513,V
251320,sous_position,"Emery, natural corundum, natural garnet and other natural abrasives, whether or not heat-treated",,2513,V
2514,position,"Slate, whether or not roughly trimmed or merely cut, by sawing or otherwise, into blocks or slabs of a rectangular (including square) shape",,25,V
251400,sous_position,"Slate; whether or not roughly trimmed or merely cut, by sawing or otherwise, into blocks or slabs of a rectangular (including square) shape",,2514,V
2515,position,"Marble, travertine, ecaussine and other calcareous stone; of an apparent specific gravity of less than 2.5, alabaster, whether cut by sawing etc, into blocks, slabs of a rectangular (square) shape",,25,V
251511,sous_position,"Marble and travertine; having a specific gravity of 2.5 or more, crude or roughly trimmed by sawing or otherwise, into blocks or slabs of a rectangular (including square) shape",,2515,V
251512,sous_position,"Marble and travertine; merely cut, by sawing or otherwise, into blocks or slabs of a rectangular (including square) shape, having a specific gravity of 2.5 or more",,2515,V
251520,sous_position,"Ecaussine and other calcareous monumental or building stone; alabaster, having a specific gravity of 2.5 or more",,2515,V
2516,position,"Granite, porphyry, basalt, sandstone, other monumental and building stone, whether or not roughly trimmed, cut, by sawing etc, into blocks or slabs of a rectangular (including square) shape",,25,V
251611,sous_position,Granite; crude or roughly trimmed,,2516,V
251612,sous_position,"Granite; merely cut, by sawing or otherwise, into blocks or slabs of a rectangular (including square) shape",,2516,V
251620,sous_position,"Sandstone;. whether or not roughly trimmed, cut, by sawing etc, into blocks or slabs of a rectangular (including square) shape",,2516,V
251690,sous_position,"Monumental or building stone; n.e.c. in heading no. 2516, whether or not roughly trimmed or merely cut, by sawing or otherwise, into blocks or slabs of a rectangular (including square) shape",,2516,V
2517,position,"Pebbles, gravel, crushed stone for concrete aggregates for road or railway ballast, shingle or flint; macadam of slag, dross etc tarred granules, chippings, powder of stones of heading no. 2515 and 2516",,25,V
251710,sous_position,"Pebbles, gravel, broken or crushed stone; of a kind commonly used for concrete aggregates, for road metalling or for railway or other ballast, shingle and flint, whether or not heat-treated",,2517,V
251720,sous_position,"Macadam of slag, dross or similar industrial waste; whether or not incorporating the materials in Tariff item 2517.10.00",,2517,V
251730,sous_position,Tarred macadam,,2517,V
251741,sous_position,"Stones; of marble, in granules, chippings and powder, whether or not heat-treated",,2517,V
251749,sous_position,"Stones; of heading no. 2515 or 2516 (excluding marble), in granules, chippings and powder, whether or not heat-treated",,2517,V
2518,position,"Dolomite, whether or not calcined or sintered, including dolomite roughly trimmed or merely cut, by sawing or otherwise, into blocks or slabs of a rectangular (including square) shape",,25,V
251810,sous_position,"Dolomite, not calcined or sintered; including dolomite roughly trimmed, or merely cut by sawing or otherwise into blocks or slabs of rectangular (including square) shape",,2518,V
251820,sous_position,"Dolomite, calcined or sintered; including dolomite roughly trimmed, or merely cut by sawing or otherwise into blocks or slabs of rectangular (including square) shape",,2518,V
2519,position,"Natural magnesium carbonate (magnesite); fused magnesia; dead-burned (sintered) magnesia, whether or not containing small quantities of other oxides added before sintering; magnesium oxide, pure or not",,25,V
251910,sous_position,Magnesium carbonate (magnesite); natural,,2519,V
251990,sous_position,"Magnesia, fused or dead-burned (sintered); whether or not containing small quantities of other oxides added before sintering, other magnesium oxide, whether or not pure, (not natural magnesium carbonate)",,2519,V
2520,position,"Gypsum; anhydrite; plasters (consisting of calcined gypsum or calcium sulphate), coloured or not, with or without small quantities of accelerators or retarders",,25,V
252010,sous_position,Gypsum; anhydrite,,2520,V
252020,sous_position,"Plasters; (consisting of calcined gypsum or calcium sulphate), whether or not coloured, with or without small quantities of accelerators or retarders",,2520,V
2521,position,"Limestone flux; limestone and other calcareous stone, of a kind used for the manufacture of lime or cement",,25,V
252100,sous_position,"Limestone flux; limestone and other calcareous stone, of a kind used for the manufacture of lime or cement",,2521,V
2522,position,"Quicklime, slaked lime and hydraulic lime; other than calcium oxide and hydroxide of heading no. 2825",,25,V
252210,sous_position,Quicklime; excluding calcium oxide and hydroxide of heading no. 2825,,2522,V
252220,sous_position,Slaked lime; excluding calcium oxide and hydroxide of heading no. 2825,,2522,V
252230,sous_position,Hydraulic lime; excluding calcium oxide and hydroxide of heading no. 2825,,2522,V
2523,position,"Portland cement, aluminous cement (ciment fondu), slag cement, supersulphate cement and similar hydraulic cements, whether or not coloured or in the form of clinkers",,25,V
252310,sous_position,Cement clinkers (whether or not coloured),,2523,V
252321,sous_position,"Cement; portland, white, whether or not artificially coloured",,2523,V
252329,sous_position,"Cement; portland, other than white, whether or not artificially coloured",,2523,V
252330,sous_position,"Cement; aluminous (ciment fondu), whether or not coloured or in the form of clinkers",,2523,V
252390,sous_position,Cement; hydraulic kinds n.e.c. in heading no. 2523,,2523,V
2524,position,Asbestos,,25,V
252410,sous_position,Asbestos; crocidolite (blue asbestos),,2524,V
252490,sous_position,Asbestos; other than crocidolite (blue asbestos),,2524,V
2525,position,"Mica, including splittings; mica waste",,25,V
252510,sous_position,Mica; crude and rifted into sheets or splittings,,2525,V
252520,sous_position,Mica; powder,,2525,V
252530,sous_position,Mica; waste,,2525,V
2526,position,"Natural steatite; whether or not roughly trimmed or merely cut, by sawing or otherwise, into blocks or slabs of a rectangular (including square) shape; talc",,25,V
252610,sous_position,"Steatite; natural, (not crushed or powdered), whether or not roughly trimmed or merely cut, by sawing or otherwise, into blocks or slabs of a rectangular (including square) shape; talc",,2526,V
252620,sous_position,"Steatite; natural, crushed, powdered, whether or not roughly trimmed or merely cut, by sawing or otherwise, into blocks or slabs of a rectangular (including square) shape; talc",,2526,V
2528,position,"Natural borates and concentrates thereof (whether or not calcined), but not including borates separated from natural brine; natural boric acid containing not more than 85 % of H3BO3 calculated on the dry weight",,25,V
252800,sous_position,"Natural borates and concentrates thereof (whether or not calcined), but not including borates separated from natural brine; natural boric acid containing not more than 85 % of H3BO3 calculated on the dry weight",,2528,V
2529,position,Feldspar; leucite; nepheline and nepheline syenite; fluorspar,,25,V
252910,sous_position,Feldspar,,2529,V
252921,sous_position,Fluorspar; containing by weight 97% or less of calcium fluoride,,2529,V
252922,sous_position,Fluorspar; containing by weight more than 97% of calcium fluoride,,2529,V
252930,sous_position,Leucite; nepheline and nepheline syenite,,2529,V
2530,position,Mineral substances not elsewhere specified or included,,25,V
253010,sous_position,"Vermiculite, perlite and chlorites; unexpanded",,2530,V
253020,sous_position,"Kieserite, epsomite (natural magnesium sulphates)",,2530,V
253090,sous_position,Mineral substances; n.e.c. in chapter 25,,2530,V
26,chapitre,"Ores, slag and ash",,TOTAL,V
2601,position,Iron ores and concentrates; including roasted iron pyrites,,26,V
260111,sous_position,Iron ores and concentrates; non-agglomerated,,2601,V
260112,sous_position,Iron ores and concentrates; agglomerated (excluding roasted iron pyrites),,2601,V
260120,sous_position,Iron pyrites; roasted,,2601,V
2602,position,"Manganese ores and concentrates, including ferruginous manganese ores and concentrates with a manganese content of 20% or more, calculated on the dry weight",,26,V
260200,sous_position,"Manganese ores and concentrates, including ferruginous manganese ores and concentrates with a manganese content of 20% or more, calculated on the dry weight",,2602,V
2603,position,Copper ores and concentrates,,26,V
260300,sous_position,Copper ores and concentrates,,2603,V
2604,position,Nickel ores and concentrates,,26,V
260400,sous_position,Nickel ores and concentrates,,2604,V
2605,position,Cobalt ores and concentrates,,26,V
260500,sous_position,Cobalt ores and concentrates,,2605,V
2606,position,Aluminium ores and concentrates,,26,V
260600,sous_position,Aluminium ores and concentrates,,2606,V
2607,position,Lead ores and concentrates,,26,V
260700,sous_position,Lead ores and concentrates,,2607,V
2608,position,Zinc ores and concentrates,,26,V
260800,sous_position,Zinc ores and concentrates,,2608,V
2609,position,Tin ores and concentrates,,26,V
260900,sous_position,Tin ores and concentrates,,2609,V
2610,position,Chromium ores and concentrates,,26,V
261000,sous_position,Chromium ores and concentrates,,2610,V
2611,position,Tungsten ores and concentrates,,26,V
261100,sous_position,Tungsten ores and concentrates,,2611,V
2612,position,Uranium or thorium ores and concentrates,,26,V
261210,sous_position,Uranium ores and concentrates,,2612,V
261220,sous_position,Thorium ores and concentrates,,2612,V
2613,position,Molybdenum ores and concentrates,,26,V
261310,sous_position,Molybdenum ores and concentrates; roasted,,2613,V
261390,sous_position,Molybdenum ores and concentrates; other than roasted,,2613,V
2614,position,Titanium ores and concentrates,,26,V
261400,sous_position,Titanium ores and concentrates,,2614,V
2615,position,"Niobium, tantalum, vanadium or zirconium ores and concentrates",,26,V
261510,sous_position,Zirconium ores and concentrates,,2615,V
261590,sous_position,"Niobium, tantalum, vanadium ores and concentrates",,2615,V
2616,position,Precious metal ores and concentrates,,26,V
261610,sous_position,Silver ores and concentrates,,2616,V
261690,sous_position,Precious metal ores and concentrates; (excluding silver),,2616,V
2617,position,Ores and concentrates; n.e.c. in heading no. 2601,,26,V
261710,sous_position,Antimony ores and concentrates,,2617,V
261790,sous_position,Ores and concentrates n.e.c. in chapter 26; other than antimony,,2617,V
2618,position,Granulated slag (slag sand) from the manufacture of iron or steel,,26,V
261800,sous_position,"Slag, granulated (slag sand); from the manufacture or iron or steel",,2618,V
2619,position,"Slag, dross; (other than granulated slag), scalings and other waste from the manufacture of iron or steel",,26,V
261900,sous_position,"Slag, dross; (other than granulated slag), scalings and other waste from the manufacture of iron or steel",,2619,V
2620,position,"Slag, ash and residues; (not from the manufacture of iron or steel) containing metals, arsenic or their compounds",,26,V
262011,sous_position,"Slag, ash and residues; (not from the manufacture of iron or steel), containing mainly zinc, hard zinc spelter",,2620,V
262019,sous_position,"Slag, ash and residues; (not from the manufacture of iron or steel), containing mainly zinc, other than hard zinc spelter",,2620,V
262021,sous_position,"Slag, ash and residues; (not from the manufacture of iron or steel), containing mainly lead; leaded gasoline sludges and leaded anti-knock compound sludges",,2620,V
262029,sous_position,"Slag, ash and residues; (not from the manufacture of iron or steel), containing mainly lead; excluding leaded gasoline sludges and leaded anti-knock compound sludges",,2620,V
262030,sous_position,"Slag, ash and residues; (not from the manufacture of iron or steel), containing mainly copper",,2620,V
262040,sous_position,"Slag, ash and residues; (not from the manufacture of iron or steel), containing mainly aluminium",,2620,V
262060,sous_position,"Slag, ash and residues; (not from the manufacture of iron or steel), containing arsenic, mercury, thallium or their mixtures, of a kind used for the extraction of arsenic or those metals or for the manufacture of their chemical compounds",,2620,V
262091,sous_position,"Slag, ash and residues; (not from the manufacture of iron or steel), containing antimony, beryllium, cadmium, chromium or their mixtures",,2620,V
262099,sous_position,"Slag, ash and residues; (not from the manufacture of iron or steel), containing mainly metals or their compounds, n.e.c. in heading no. 2620",,2620,V
2621,position,Slag and ash n.e.c. in chapter 26; including seaweed ash (kelp) and ash and residues from the incineration of municipal waste,,26,V
262110,sous_position,Slag and ash; ash and residues from the incineration of municipal waste,,2621,V
262190,sous_position,Slag and ash n.e.c. in chapter 26; including seaweed ash (kelp) but excluding ash and residues from the incineration of municipal waste,,2621,V
27,chapitre,"Mineral fuels, mineral oils and products of their distillation; bituminous substances; mineral waxes",,TOTAL,V
2701,position,"Coal; briquettes, ovoids and similar solid fuels manufactured from coal",,27,V
270111,sous_position,"Coal; anthracite, whether or not pulverised, but not agglomerated",,2701,V
270112,sous_position,"Coal; bituminous, whether or not pulverised, but not agglomerated",,2701,V
270119,sous_position,"Coal; (other than anthracite and bituminous), whether or not pulverised but not agglomerated",,2701,V
270120,sous_position,"Briquettes, ovoids and similar solid fuels; manufactured from coal",,2701,V
2702,position,"Lignite; whether or not agglomerated, excluding jet",,27,V
270210,sous_position,"Lignite; whether or not pulverised, but not agglomerated, excluding jet",,2702,V
270220,sous_position,"Lignite; agglomerated, excluding jet",,2702,V
2703,position,"Peat; (including peat litter), whether or not agglomerated",,27,V
270300,sous_position,"Peat; (including peat litter), whether or not agglomerated",,2703,V
2704,position,"Coke and semi-coke; of coal, lignite or peat, whether or not agglomerated; retort carbon",,27,V
270400,sous_position,"Coke and semi-coke; of coal, lignite or peat, whether or not agglomerated; retort carbon",,2704,V
2705,position,"Coal gas, water gas, producer gas and similar gases, other than petroleum gases and other gaseous hydrocarbons",,27,V
270500,sous_position,"Gases; coal, water, producer and similar gases (excluding petroleum and other gaseous hydrocarbons)",,2705,V
2706,position,"Tar distilled from coal, from lignite, peat and other mineral tars, whether or not dehydrated or partially distilled; including reconstituted tars",,27,V
270600,sous_position,"Tar; distilled from coal, lignite or peat, and other mineral tars, whether or not dehydrated or partially distilled, including reconstituted tars",,2706,V
2707,position,Oils and other products of the distillation of high temperature coal tar; similar products in which the weight of the aromatic constituents exceeds that of the non-aromatic constituents,,27,V
270710,sous_position,Oils and products of the distillation of high temperature coal tar; benzol (benzene),,2707,V
270720,sous_position,Oils and products of the distillation of high temperature coal tar; toluol (toluene),,2707,V
270730,sous_position,Oils and products of the distillation of high temperature coal tar; xylol (xylenes),,2707,V
270740,sous_position,Oils and products of the distillation of high temperature coal tar; naphthalene,,2707,V
270750,sous_position,"Aromatic hydrocarbon mixtures; n.e.c. in heading no. 2707, of which 65% or more by volume (including losses) distils at 250 degrees Celsius by the ISO 3405 method (equivalent to the ASTM D 86 method)",,2707,V
270791,sous_position,Oils and other products of the distillation of high temperature coal tar; creosote oils,,2707,V
270799,sous_position,Oils and other products of the distillation of high temperature coal tar; n.e.c. in heading no. 2707,,2707,V
2708,position,Pitch and pitch coke; obtained from coal tar or from other mineral tars,,27,V
270810,sous_position,Pitch; obtained from coal tar or from other mineral tars,,2708,V
270820,sous_position,Pitch coke; obtained from coal tar or from other mineral tars,,2708,V
2709,position,Petroleum oils and oils obtained from bituminous minerals; crude,,27,V
270900,sous_position,"Oils; petroleum oils and oils obtained from bituminous minerals, crude",,2709,V
2710,position,"Petroleum oils and oils from bituminous minerals, not crude; preparations n.e.c, containing by weight 70% or more of petroleum oils or oils from bituminous minerals; these being the basic constituents of the preparations; waste oils",,27,V
271012,sous_position,"Petroleum oils and oils from bituminous minerals, not containing biodiesel, not crude, not waste oils; preparations n.e.c, containing by weight 70% or more of petroleum oils or oils from bituminous minerals; light oils and preparations",,2710,V
271019,sous_position,"Petroleum oils and oils from bituminous minerals, not containing biodiesel, not crude, not waste oils; preparations n.e.c, containing by weight 70% or more of petroleum oils or oils from bituminous minerals; not light oils and preparations",,2710,V
271020,sous_position,"Petroleum oils and oils from bituminous minerals, containing biodiesel, not crude, not waste oils; preparations n.e.c, containing by weight 70% or more of petroleum oils or oils from bituminous minerals",,2710,V
271091,sous_position,"Waste Oils; of petroleum or obtained from bituminous minerals, not crude; and preparations n.e.c., weight 70% or preparations of the same, containing polychlorinated biphenyls (PCBs), polychorinated terphenyls (PCTs) or polybrominated biphenyls (PBBs)",,2710,V
271099,sous_position,"Waste Oils; of petroleum or obtained from bituminous minerals, not crude and preparations n.e.c., weight 70% or preparations of the same, not containing polychlorinated biphenyls (PCBs), polychorinated terphenyls (PCTs) or polybrominated biphenyls (PBBs)",,2710,V
2711,position,Petroleum gases and other gaseous hydrocarbons,,27,V
271111,sous_position,"Petroleum gases and other gaseous hydrocarbons; liquefied, natural gas",,2711,V
271112,sous_position,"Petroleum gases and other gaseous hydrocarbons; liquefied, propane",,2711,V
271113,sous_position,"Petroleum gases and other gaseous hydrocarbons; liquefied, butanes",,2711,V
271114,sous_position,"Petroleum gases and other gaseous hydrocarbons; liquefied, ethylene, propylene, butylene and butadiene",,2711,V
271119,sous_position,"Petroleum gases and other gaseous hydrocarbons; liquefied, n.e.c. in heading no. 2711",,2711,V
271121,sous_position,"Petroleum gases and other gaseous hydrocarbons; in gaseous state, natural gas",,2711,V
271129,sous_position,"Petroleum gases and other gaseous hydrocarbons; in gaseous state, other than natural gas",,2711,V
2712,position,"Petroleum jelly; paraffin wax, micro-crystalline petroleum wax, slack wax, ozokerite, lignite wax, peat wax, other mineral waxes, similar products obtained by synthesis, other processes; coloured or not",,27,V
271210,sous_position,Petroleum jelly,,2712,V
271220,sous_position,"Paraffin wax; containing by weight less than 0.75% of oil, obtained by synthesis or by other processes, whether or not coloured",,2712,V
271290,sous_position,"Paraffin wax; containing by weight 0.75% or more of oil, obtained by synthesis or by other processes, whether or not coloured",,2712,V
2713,position,"Petroleum coke, petroleum bitumen; other residues of petroleum oils or oils obtained from bituminous minerals",,27,V
271311,sous_position,"Petroleum coke; (not calcined), obtained from bituminous minerals",,2713,V
271312,sous_position,"Petroleum coke; calcined, obtained from bituminous minerals",,2713,V
271320,sous_position,Petroleum bitumen; obtained from bituminous minerals,,2713,V
271390,sous_position,Residues; of petroleum oils or of oils obtained from bituminous minerals,,2713,V
2714,position,"Bitumen and asphalt, natural; bituminous or oil shale and tar sands; asphaltites and asphaltic rocks",,27,V
271410,sous_position,Bituminous or oil shale and tar sands,,2714,V
271490,sous_position,"Bitumen and asphalt, natural; asphaltites and asphaltic rock",,2714,V
2715,position,"Bituminous mixtures based on natural asphalt; on natural bitumen, on petroleum bitumen, on mineral tar or on mineral tar pitch (e.g. bituminous mastics, cut-backs)",,27,V
271500,sous_position,"Bituminous mixtures based on natural asphalt, on natural bitumen, on petroleum bitumen, on mineral tar or on mineral tar pitch (e.g. bituminous mastics, cut-backs)",,2715,V
2716,position,Electrical energy,,27,V
271600,sous_position,Electrical energy,,2716,V
28,chapitre,"Inorganic chemicals; organic and inorganic compounds of precious metals; of rare earth metals, of radio-active elements and of isotopes",,TOTAL,VI
2801,position,"Fluorine, chlorine, bromine and iodine",,28,VI
280110,sous_position,Chlorine,,2801,VI
280120,sous_position,Iodine,,2801,VI
280130,sous_position,Fluorine; bromine,,2801,VI
2802,position,"Sulphur; sublimed or precipitated, colloidal sulphur",,28,VI
280200,sous_position,"Sulphur; sublimed or precipitated, colloidal sulphur",,2802,VI
2803,position,Carbon; carbon blacks and other forms of carbon n.e.c.,,28,VI
280300,sous_position,Carbon; carbon blacks and other forms of carbon n.e.c.,,2803,VI
2804,position,"Hydrogen, rare gases and other non-metals",,28,VI
280410,sous_position,Hydrogen,,2804,VI
280421,sous_position,"Gases, rare; argon",,2804,VI
280429,sous_position,"Gases, rare; other than argon",,2804,VI
280430,sous_position,Nitrogen,,2804,VI
280440,sous_position,Oxygen,,2804,VI
280450,sous_position,Boron; tellurium,,2804,VI
280461,sous_position,Silicon; containing by weight not less than 99.99% of silicon,,2804,VI
280469,sous_position,Silicon; containing by weight less than 99.99% of silicon,,2804,VI
280470,sous_position,Phosphorus,,2804,VI
280480,sous_position,Arsenic,,2804,VI
280490,sous_position,Selenium,,2804,VI
2805,position,"Alkali or alkaline-earth metals; rare-earth metals, scandium and yttrium, whether or not intermixed or interalloyed; mercury",,28,VI
280511,sous_position,Alkali or alkali-earth metals; sodium,,2805,VI
280512,sous_position,Alkali or alkali-earth metals; calcium,,2805,VI
280519,sous_position,Alkali or alkali-earth metals; other than sodium and calcium,,2805,VI
280530,sous_position,"Earth-metals, rare; scandium and yttrium, whether or not intermixed or interalloyed",,2805,VI
280540,sous_position,Mercury,,2805,VI
2806,position,Hydrogen chloride (hydrochloric acid); chlorosulphuric acid,,28,VI
280610,sous_position,Hydrogen chloride (hydrochloric acid),,2806,VI
280620,sous_position,Chlorosulphuric acid,,2806,VI
2807,position,Sulphuric acid; oleum,,28,VI
280700,sous_position,Sulphuric acid; oleum,,2807,VI
2808,position,Nitric acid; sulphonitric acids,,28,VI
280800,sous_position,Nitric acid; sulphonitric acids,,2808,VI
2809,position,"Diphosphorus pentaoxide; phosphoric acid; polyphosphoric acids, whether or not chemically defined",,28,VI
280910,sous_position,Diphosphorus pentoxide,,2809,VI
280920,sous_position,Phosphoric acid and polyphosphoric acids,,2809,VI
2810,position,Oxides of boron; boric acids,,28,VI
281000,sous_position,Oxides of boron; boric acids,,2810,VI
2811,position,Inorganic acids and other inorganic oxygen compounds of non-metals; n.e.c. in heading no. 2806 to 2810,,28,VI
281111,sous_position,Hydrogen fluoride (hydrofluoric acid),,2811,VI
281112,sous_position,Hydrogen cyanide (hydrocyanic acid),,2811,VI
281119,sous_position,Inorganic acids; other than hydrogen fluoride,,2811,VI
281121,sous_position,Carbon dioxide,,2811,VI
281122,sous_position,Silicon dioxide,,2811,VI
281129,sous_position,"Inorganic oxygen compounds; of non-metals, n.e.c. in item no. 2811.2",,2811,VI
2812,position,Halides and halide oxides of non-metals,,28,VI
281211,sous_position,Carbonyl dichloride (phosgene),,2812,VI
281212,sous_position,Phosphorus oxychloride,,2812,VI
281213,sous_position,Phosphorus trichloride,,2812,VI
281214,sous_position,Phosphorus pentachloride,,2812,VI
281215,sous_position,Sulphur monochloride,,2812,VI
281216,sous_position,Sulphur dichloride,,2812,VI
281217,sous_position,Thionyl chloride,,2812,VI
281219,sous_position,"Arsenic trichloride and other chlorides and chloride oxides, n.e.c. in item no. 2812",,2812,VI
281290,sous_position,Halides and halide oxides of non-metals; excluding chloride,,2812,VI
2813,position,Sulphides of non-metals; commercial phosphorus trisulphide,,28,VI
281310,sous_position,Carbon disulphide,,2813,VI
281390,sous_position,"Sulphides of non-metals, (excluding carbon); commercial phosphorus trisulphide",,2813,VI
2814,position,Ammonia; anhydrous or in aqueous solution,,28,VI
281410,sous_position,Ammonia; anhydrous,,2814,VI
281420,sous_position,Ammonia; in aqueous solution,,2814,VI
2815,position,Sodium hydroxide (caustic soda); potassium hydroxide (caustic potash) peroxides of sodium or potassium,,28,VI
281511,sous_position,Sodium hydroxide (caustic soda); solid,,2815,VI
281512,sous_position,Sodium hydroxide (caustic soda); in aqueous solution (soda lye or liquid soda),,2815,VI
281520,sous_position,Potassium hydroxide (caustic potash),,2815,VI
281530,sous_position,Peroxides of sodium or potassium,,2815,VI
2816,position,"Hydroxide and peroxide of magnesium; oxides, hydroxides and peroxides of strontium or barium",,28,VI
281610,sous_position,Hydroxide and peroxide of magnesium,,2816,VI
281640,sous_position,"Oxides, hydroxides and peroxides, of strontium or barium",,2816,VI
2817,position,Zinc; oxide and peroxide,,28,VI
281700,sous_position,Zinc; oxide and peroxide,,2817,VI
2818,position,Aluminium oxide (including artificial corundum); aluminium hydroxide,,28,VI
281810,sous_position,Aluminium oxide; artificial corundum,,2818,VI
281820,sous_position,Aluminium oxide; other than artificial corundum,,2818,VI
281830,sous_position,Aluminium hydroxide,,2818,VI
2819,position,Chromium oxides and hydroxides,,28,VI
281910,sous_position,Chromium trioxide,,2819,VI
281990,sous_position,Chromium oxides and hydroxides; excluding chromium trioxide,,2819,VI
2820,position,Manganese oxides,,28,VI
282010,sous_position,Manganese dioxide,,2820,VI
282090,sous_position,Manganese oxides; excluding manganese dioxide,,2820,VI
2821,position,Iron oxides and hydroxides; earth colours containing 70% or more by weight of combined iron evaluated as Fe2o3,,28,VI
282110,sous_position,Iron oxides and hydroxides,,2821,VI
282120,sous_position,Earth colours; containing 70% or more by weight of combined iron evaluated as Fe2o3,,2821,VI
2822,position,Cobalt oxides and hydroxides; commercial cobalt oxides,,28,VI
282200,sous_position,Cobalt oxides and hydroxides; commercial cobalt oxides,,2822,VI
2823,position,Titanium oxides,,28,VI
282300,sous_position,Titanium oxides,,2823,VI
2824,position,Lead oxides; red lead and orange lead,,28,VI
282410,sous_position,"Lead; lead monoxide (litharge, massicot)",,2824,VI
282490,sous_position,Lead oxides; n.e.c. in heading no. 2824,,2824,VI
2825,position,"Hydrazine and hydroxylamine and their inorganic salts; other inorganic bases; other metal oxides, hydroxides and peroxides",,28,VI
282510,sous_position,Hydrazine and hydroxylamine and their inorganic salts,,2825,VI
282520,sous_position,Lithium oxide and hydroxide,,2825,VI
282530,sous_position,Vanadium oxides and hydroxides,,2825,VI
282540,sous_position,Nickel oxides and hydroxides,,2825,VI
282550,sous_position,Copper oxides and hydroxides,,2825,VI
282560,sous_position,Germanium oxides and zirconium dioxide,,2825,VI
282570,sous_position,Molybdenum oxides and hydroxides,,2825,VI
282580,sous_position,Antimony oxides,,2825,VI
282590,sous_position,"Inorganic bases, metal oxides, hydroxides and peroxides; n.e.c. in heading no. 2825",,2825,VI
2826,position,"Fluorides; fluorosilicates, fluoroaluminates and other complex fluorine salts",,28,VI
282612,sous_position,Fluorides; of aluminium,,2826,VI
282619,sous_position,Fluorides; other than of aluminium,,2826,VI
282630,sous_position,Sodium hexafluoroaluminate (synthetic cryolite),,2826,VI
282690,sous_position,"Fluorides; fluorosilicates, fluoroaluminates and other complex fluorine salts, n.e.c. in heading no. 2826",,2826,VI
2827,position,Chlorides; chloride oxides and chloride hydroxides; bromides and bromide oxides; iodides and iodide oxides,,28,VI
282710,sous_position,Chlorides; of ammonium,,2827,VI
282720,sous_position,Chlorides; of calcium,,2827,VI
282731,sous_position,Chlorides; of magnesium,,2827,VI
282732,sous_position,Chlorides; of aluminium,,2827,VI
282735,sous_position,Chlorides; of nickel,,2827,VI
282739,sous_position,"Chlorides; other than of ammonium, calcium, magnesium, aluminium and nickel",,2827,VI
282741,sous_position,Chloride oxides and chloride hydroxides; of copper,,2827,VI
282749,sous_position,Chloride oxides and chloride hydroxides; other than of copper,,2827,VI
282751,sous_position,Bromides; of sodium or of potassium,,2827,VI
282759,sous_position,Bromides and bromide oxides; other than item no. 2827.51,,2827,VI
282760,sous_position,Iodides and iodide oxides,,2827,VI
2828,position,Hypochlorites; commercial calcium hypochlorite; chlorites; hypobromites,,28,VI
282810,sous_position,Hypochlorites; commercial calcium hypochlorite and other calcium hypochlorites,,2828,VI
282890,sous_position,Hypochlorites; n.e.c. in heading no. 2828,,2828,VI
2829,position,Chlorates and perchlorates; bromates and perbromates; iodates and periodates,,28,VI
282911,sous_position,Chlorates; of sodium,,2829,VI
282919,sous_position,Chlorates; other than sodium,,2829,VI
282990,sous_position,Perchlorates; bromates and perbromates; iodates and periodates,,2829,VI
2830,position,Sulphides; polysulphides whether or not chemically defined,,28,VI
283010,sous_position,"Sulphides; of sodium, whether or not chemically defined",,2830,VI
283090,sous_position,"Sulphides and polysulphides; whether or not chemically defined, other than sulphides of sodium",,2830,VI
2831,position,Dithionites and sulphoxylates,,28,VI
283110,sous_position,Dithionites and sulphoxylates; of sodium,,2831,VI
283190,sous_position,Dithionites and sulphoxylates; other than sodium,,2831,VI
2832,position,Sulphites; thiosulphates,,28,VI
283210,sous_position,Sulphites; of sodium,,2832,VI
283220,sous_position,Sulphites; other than of sodium,,2832,VI
283230,sous_position,Thiosulphates,,2832,VI
2833,position,Sulphates; alums; peroxosulphates (persulphates),,28,VI
283311,sous_position,Sodium sulphates; disodium sulphate,,2833,VI
283319,sous_position,Sodium sulphates; other than disodium sulphate,,2833,VI
283321,sous_position,Sulphates; of magnesium,,2833,VI
283322,sous_position,Sulphates; of aluminium,,2833,VI
283324,sous_position,Sulphates; of nickel,,2833,VI
283325,sous_position,Sulphates; of copper,,2833,VI
283327,sous_position,Sulphates; of barium,,2833,VI
283329,sous_position,Sulphates; n.e.c. in item no. 2833.2,,2833,VI
283330,sous_position,Alums,,2833,VI
283340,sous_position,Peroxosulphates (persulphates),,2833,VI
2834,position,Nitrites; nitrates,,28,VI
283410,sous_position,Nitrites,,2834,VI
283421,sous_position,Nitrates; of potassium,,2834,VI
283429,sous_position,Nitrates; of other than potassium,,2834,VI
2835,position,"Phosphinates (hypophosphites), phosphonates (phosphites), and phosphates; and polyphosphates, whether or not chemically defined",,28,VI
283510,sous_position,"Phosphinates (hypophosphites) and phosphonates (phosphites), whether or not chemically defined",,2835,VI
283522,sous_position,"Phosphates; of mono- or disodium, whether or not chemically defined",,2835,VI
283524,sous_position,"Phosphates; of potassium, whether or not chemically defined",,2835,VI
283525,sous_position,"Phosphates; calcium hydrogenorthophosphate (dicalcium phosphate), whether or not chemically defined",,2835,VI
283526,sous_position,"Phosphates; of calcium n.e.c. in item no. 2835.25, whether or not chemically defined",,2835,VI
283529,sous_position,"Phosphates; (other than of mono- or disodium, other than of potassium or of calcium hydrogenorthophosphate (dicalcium phosphate) and excluding other phosphates of calcium), whether or not chemically defined",,2835,VI
283531,sous_position,"Polyphosphates; sodium triphosphate (sodium tripolyphosphate), whether or not chemically defined",,2835,VI
283539,sous_position,"Polyphosphates; other than sodium triphosphate (sodium tripolyphosphate), whether or not chemically defined",,2835,VI
2836,position,Carbonates; peroxocarbonates (percarbonates); commercial ammonium carbonate containing ammonium carbamate,,28,VI
283620,sous_position,Carbonates; disodium carbonate,,2836,VI
283630,sous_position,Carbonates; sodium hydrogen carbonate (sodium bicarbonate),,2836,VI
283640,sous_position,Carbonates; potassium carbonate,,2836,VI
283650,sous_position,Carbonates; calcium carbonate,,2836,VI
283660,sous_position,Carbonates; barium carbonate,,2836,VI
283691,sous_position,Carbonates; lithium carbonate,,2836,VI
283692,sous_position,Carbonates; strontium carbonate,,2836,VI
283699,sous_position,Carbonates; n.e.c. in heading no. 2836 and other than lithium or strontium,,2836,VI
2837,position,"Cyanides, cyanide oxides and complex cyanides",,28,VI
283711,sous_position,Cyanides and cyanide oxides; of sodium,,2837,VI
283719,sous_position,Cyanides and cyanide oxides; other than of sodium,,2837,VI
283720,sous_position,Complex cyanides,,2837,VI
2839,position,Silicates; commercial alkali metal silicates,,28,VI
283911,sous_position,Silicates; sodium metasilicates,,2839,VI
283919,sous_position,Silicates; of sodium (excluding sodium metasilicates),,2839,VI
283990,sous_position,"Silicates; commercial alkali metal silicates, other than of sodium",,2839,VI
2840,position,Borates; peroxoborates (perborates),,28,VI
284011,sous_position,"Borates; disodium tetraborate (refined borax), anhydrous",,2840,VI
284019,sous_position,"Borates; disodium tetraborate (refined borax), other than anhydrous",,2840,VI
284020,sous_position,Borates; n.e.c. in heading no. 2840,,2840,VI
284030,sous_position,Peroxoborates (perborates),,2840,VI
2841,position,Salts of oxometallic or peroxometallic acids,,28,VI
284130,sous_position,Salts; sodium dichromate,,2841,VI
284150,sous_position,"Salts; chromates, dichromates, peroxochromates; n.e.c. in heading no. 2841",,2841,VI
284161,sous_position,"Salts; of oxometallic or peroxometallic acids, manganites, manganates and permanganates, potassium permanganate",,2841,VI
284169,sous_position,"Salts; of oxometallic or peroxometallic acids, manganites, manganates and permanganates, other than potassium permanganate",,2841,VI
284170,sous_position,Salts; molybdates,,2841,VI
284180,sous_position,Salts; tungstates (wolframates),,2841,VI
284190,sous_position,Salts of oxometallic or peroxometallic acids; n.e.c. in heading no. 2841,,2841,VI
2842,position,"Salts of inorganic acids or peroxoacids, n.e.c. including aluminosilicates whether or not chemically defined, but excluding azides",,28,VI
284210,sous_position,"Salts of inorganic acids or peroxoacids, double or complex silicates, including aluminosilicates, whether or not chemically defined, excluding azides",,2842,VI
284290,sous_position,"Salts; of inorganic acids or peroxoacids, other than double or complex silicates, including aluminosilicates, whether or not chemically, excluding azides",,2842,VI
2843,position,"Colloidal precious metals; inorganic or organic compounds of precious metals, whether or not chemically defined; amalgams of precious metals",,28,VI
284310,sous_position,Colloidal precious metals; whether or not chemically defined,,2843,VI
284321,sous_position,Silver compounds; silver nitrates,,2843,VI
284329,sous_position,Silver compounds; excluding silver nitrates,,2843,VI
284330,sous_position,Gold compounds,,2843,VI
284390,sous_position,"Inorganic or organic compounds of precious metals, n.e.c.; amalgams",,2843,VI
2844,position,Radioactive chemical elements and radioactive isotopes (including the fissile or fertile chemical elements and isotopes); and their compounds; mixtures and residues containing these products,,28,VI
284410,sous_position,"Uranium; natural uranium and its compounds, alloys, dispersions (including cermets), ceramic products and mixtures containing natural uranium or natural uranium compounds",,2844,VI
284420,sous_position,"Uranium; enriched in U235, plutonium, their compounds, alloys dispersions (including cermets), ceramic products and mixtures containing uranium enriched in U235, plutonium or compounds of these products",,2844,VI
284430,sous_position,"Uranium; depleted in U235, thorium, their compounds, alloys, dispersions (including cermets), ceramic products and mixtures containing uranium depleted in U235, thorium; compounds of these products",,2844,VI
284441,sous_position,"Radioactive elements; tritium and its compounds; alloys, dispersions (including cermets), ceramic products and mixtures containing tritium or its compounds",,2844,VI
284442,sous_position,"Radioactive elements; actinium-225, 227, californium-253, curium-240, 241, 242, 243, 244, einsteinium-253, 254, gadolinium-148, polonium-208, 209, 210, radium-223, uranium-230 or 232, compounds; alloys, dispersions, ceramic products and mixtures",,2844,VI
284443,sous_position,"Radioactive elements, isotopes and compounds; other alloys, dispersions (including cermets), ceramic products and mixtures containing these elements, isotopes or compounds",,2844,VI
284444,sous_position,"Radioactive elements, isotopes, compounds n.e.c. in heading no. 2844, alloys, dispersions (including cermets), ceramic products, mixtures containing the elements, isotopes, compounds; radioactive residues",,2844,VI
284450,sous_position,Spent (irradiated) fuel elements (cartridges) of nuclear reactors,,2844,VI
2845,position,"Isotopes other than those of heading no. 2844; compounds, inorganic or organic, of such isotopes, whether or not chemically defined",,28,VI
284510,sous_position,Heavy water (deuterium oxide),,2845,VI
284520,sous_position,Boron enriched in boron-10 and its compounds,,2845,VI
284530,sous_position,Lithium enriched in lithium-6 and its compounds,,2845,VI
284540,sous_position,Helium-3,,2845,VI
284590,sous_position,"Isotopes other than those of heading no. 2844, 2845.20, 2845.30 or 2845.40; compounds, inorganic or organic, of such isotopes, whether or not chemically defined",,2845,VI
2846,position,"Compounds, inorganic or organic, of rare-earth metals; of yttrium or of scandium or of mixtures of these metals",,28,VI
284610,sous_position,Cerium compounds,,2846,VI
284690,sous_position,"Compounds, inorganic or organic (excluding cerium), of rare-earth metals, of yttrium, scandium or of mixtures of these metals",,2846,VI
2847,position,Hydrogen peroxide; whether or not solidified with urea,,28,VI
284700,sous_position,Hydrogen peroxide; whether or not solidified with urea,,2847,VI
2849,position,"Carbides, whether or not chemically defined",,28,VI
284910,sous_position,"Carbides; of calcium, whether or not chemically defined",,2849,VI
284920,sous_position,"Carbides; of silicon, whether or not chemically defined",,2849,VI
284990,sous_position,"Carbides; whether or not chemically defined, other than of calcium or silicon",,2849,VI
2850,position,"Hydrides, nitrides, azides, silicides and borides, whether or not chemically defined, other than compounds which are also carbides of heading no. 2849",,28,VI
285000,sous_position,"Hydrides, nitrides, azides, silicides and borides, whether or not chemically defined, other than compounds which are also carbides of heading no. 2849",,2850,VI
2852,position,"Inorganic or organic compounds of mercury, excluding amalgams, whether or not chemically defined",,28,VI
285210,sous_position,"Inorganic or organic compounds of mercury, excluding amalgams, chemically defined",,2852,VI
285290,sous_position,"Inorganic or organic compounds of mercury; excluding amalgams, not chemically defined,",,2852,VI
2853,position,"Phosphides, chemically defined or not, not ferrophosphorus; other inorganic compounds n.e.c. (including distilled, conductivity water and water of like purity); liquid air, rare gases removed or not; compressed air; amalgams, not precious metal amalgams",,28,VI
285310,sous_position,Inorganic compounds; cyanogen chloride (chlorcyan),,2853,VI
285390,sous_position,"Phosphides, chemically defined or not, not ferrophosphorus; other inorganic compounds n.e.c. (including distilled, conductivity water and water of like purity); liquid air, rare gases removed or not; compressed air; amalgams, not precious metal amalgams",,2853,VI
29,chapitre,Organic chemicals,,TOTAL,VI
2901,position,Acyclic hydrocarbons,,29,VI
290110,sous_position,Acyclic hydrocarbons; saturated,,2901,VI
290121,sous_position,"Acyclic hydrocarbons; unsaturated, ethylene",,2901,VI
290122,sous_position,"Acyclic hydrocarbons; unsaturated, propene (propylene)",,2901,VI
290123,sous_position,"Acyclic hydrocarbons; unsaturated, butene (butylene) and isomers thereof",,2901,VI
290124,sous_position,"Acyclic hydrocarbons; unsaturated, buta-1,3-diene and isoprene",,2901,VI
290129,sous_position,"Acyclic hydrocarbons; unsaturated, n.e.c. in heading no. 2901",,2901,VI
2902,position,Cyclic hydrocarbons,,29,VI
290211,sous_position,Cyclic hydrocarbons; cyclohexane,,2902,VI
290219,sous_position,"Cyclic hydrocarbons; cyclanes, cyclenes and cycloterpenes, excluding cyclohexane",,2902,VI
290220,sous_position,Cyclic hydrocarbons; benzene,,2902,VI
290230,sous_position,Cyclic hydrocarbons; toluene,,2902,VI
290241,sous_position,Cyclic hydrocarbons; o-xylene,,2902,VI
290242,sous_position,Cyclic hydrocarbons; m-xylene,,2902,VI
290243,sous_position,Cyclic hydrocarbons; p-xylene,,2902,VI
290244,sous_position,Cyclic hydrocarbons; mixed xylene isomers,,2902,VI
290250,sous_position,Cyclic hydrocarbons; styrene,,2902,VI
290260,sous_position,Cyclic hydrocarbons; ethylbenzene,,2902,VI
290270,sous_position,Cyclic hydrocarbons; cumene,,2902,VI
290290,sous_position,Cyclic hydrocarbons; n.e.c. in heading no. 2902,,2902,VI
2903,position,Halogenated derivatives of hydrocarbons,,29,VI
290311,sous_position,Saturated chlorinated derivatives of acyclic hydrocarbons; chloromethane (methyl chloride) and chloroethane (ethyl chloride),,2903,VI
290312,sous_position,Saturated chlorinated derivatives of acyclic hydrocarbons; dichloromethane (methylene chloride),,2903,VI
290313,sous_position,Saturated chlorinated derivatives of acyclic hydrocarbons; chloroform (trichloromethane),,2903,VI
290314,sous_position,Saturated chlorinated derivatives of acyclic hydrocarbons; carbon tetrachloride,,2903,VI
290315,sous_position,"Saturated chlorinated derivatives of acyclic hydrocarbons; ethylene dichloride (ISO) (1,2-dichloroethane)",,2903,VI
290319,sous_position,Saturated chlorinated derivatives of acyclic hydrocarbons; n.e.c. in item no. 2903.1,,2903,VI
290321,sous_position,Unsaturated chlorinated derivatives of acyclic hydrocarbons; vinyl chloride (chloroethylene),,2903,VI
290322,sous_position,Unsaturated chlorinated derivatives of acyclic hydrocarbons; trichloroethylene,,2903,VI
290323,sous_position,Unsaturated chlorinated derivatives of acyclic hydrocarbons; tetrachloroethylene (perchloroethylene),,2903,VI
290329,sous_position,Unsaturated chlorinated derivatives of acyclic hydrocarbons; n.e.c. in item no. 2903.2,,2903,VI
290341,sous_position,Saturated fluorinated derivatives of acyclic hydrocarbons; trifluoromethane (HFC-23),,2903,VI
290342,sous_position,Saturated fluorinated derivatives of acyclic hydrocarbons; difluoromethane (HFC-32),,2903,VI
290343,sous_position,"Saturated fluorinated derivatives of acyclic hydrocarbons; fluoromethane (HFC-41), 1,2-difluoroethane (HFC-152) and 1,1-difluoroethane (HFC-152a)",,2903,VI
290344,sous_position,"Saturated fluorinated derivatives of acyclic hydrocarbons; pentafluoroethane (HFC-125), 1,1,1-trifluoroethane (HFC-143a) and 1,1,2-trifluoroethane (HFC-143)",,2903,VI
290345,sous_position,"Saturated fluorinated derivatives of acyclic hydrocarbons; 1,1,1,2-tetrafluoroethane (HFC-134a) and 1,1,2,2-tetrafluoroethane (HFC-134)",,2903,VI
290346,sous_position,"Saturated fluorinated derivatives of acyclic hydrocarbons; 1,1,1,2,3,3,3-heptafluoropropane (HFC-227ea), 1,1,1,2,2,3-hexafluoropropane (HFC-236cb), 1,1,1,2,3,3-hexafluoropropane (HFC-236ea) and 1,1,1,3,3,3-hexafluoropropane (HFC-236fa)",,2903,VI
290347,sous_position,"Saturated fluorinated derivatives of acyclic hydrocarbons; 1,1,1,3,3-pentafluoropropane (HFC-245fa) and 1,1,2,2,3-pentafluoropropane (HFC-245ca)",,2903,VI
290348,sous_position,"Saturated fluorinated derivatives of acyclic hydrocarbons; 1,1,1,3,3-pentafluorobutane (HFC-365mfc) and 1,1,1,2,2,3,4,5,5,5-decafluoropentane (HFC-43-10mee)",,2903,VI
290349,sous_position,Saturated fluorinated derivatives of acyclic hydrocarbons; n.e.c. in item no 2903.4,,2903,VI
290351,sous_position,"Unsaturated fluorinated derivatives of acyclic hydrocarbons; 2,3,3,3-tetrafluoropropene (HFO-1234yf), 1,3,3,3-tetrafluoropropene (HFO-1234ze) and (Z)-1,1,1,4,4,4-hexafluoro-2-butene (HFO-1336mzz)",,2903,VI
290359,sous_position,Unsaturated fluorinated derivatives of acyclic hydrocarbons; n.e.c. in item no. 2903.5,,2903,VI
290361,sous_position,Brominated or iodinated derivatives of acyclic hydrocarbons; methyl bromide (bromomethane),,2903,VI
290362,sous_position,"Brominated or iodinated derivatives of acyclic hydrocarbons; ethylene dibromide (ISO) (1,2-dibromoethane)",,2903,VI
290369,sous_position,Brominated or iodinated derivatives of acyclic hydrocarbons; n.e.c. in item no. 2903.6,,2903,VI
290371,sous_position,Halogenated derivatives of acyclic hydrocarbons containing two or more different halogens; chlorodifluoromethane (HCFC-22),,2903,VI
290372,sous_position,Halogenated derivatives of acyclic hydrocarbons containing two or more different halogens; dichlorotrifluoroethane (HCFC-123),,2903,VI
290373,sous_position,"Halogenated derivatives of acyclic hydrocarbons containing two or more different halogens; dichlorofluoroethanes (HCFC-141, 141b)",,2903,VI
290374,sous_position,"Halogenated derivatives of acyclic hydrocarbons containing two or more different halogens; chlorodifluoroethanes HCFC-142, 142b)",,2903,VI
290375,sous_position,"Halogenated derivatives of acyclic hydrocarbons containing two or more different halogens; dichloropentafluoropropanes (HCFC-225, 225ca, 225cb)",,2903,VI
290376,sous_position,"Halogenated derivatives of acyclic hydrocarbons containing two or more different halogens; bromochlorodifluoromethane (Halon-1211), bromotrifluoromethane (Halon-1301), and dibromotetrafluoroethanes (Halon-2402)",,2903,VI
290377,sous_position,"Halogenated derivatives of acyclic hydrocarbons containing two or more different halogens; n.e.c. in headings 290371 to 290376, perhalogenated only with fluorine and chlorine",,2903,VI
290378,sous_position,"Halogenated derivatives of acyclic hydrocarbons containing two or more different halogens; perhalogenated derivatives, other than those only with fluorine and chlorine, n.e.c. in item no. 2903.71 to 2903.76",,2903,VI
290379,sous_position,Halogenated derivatives of acyclic hydrocarbons containing two or more different halogens; n.e.c. in item no. 2903.7,,2903,VI
290381,sous_position,"Halogenated derivatives of cyclanic, cyclenic or cycloterpenic hydrocarbons; 1,2,3,4,5,6-Hexachlorocyclohexane (HCH (ISO)), including lindane (ISO, INN)",,2903,VI
290382,sous_position,"Halogenated derivatives of cyclanic, cyclenic or cycloterpenic hydrocarbons; aldrin (ISO), chlordane (ISO), and heptachlor (ISO)",,2903,VI
290383,sous_position,"Halogenated derivatives of cyclanic, cyclenic or cycloterpenic hydrocarbons; mirex (ISO)",,2903,VI
290389,sous_position,"Halogenated derivatives of cyclanic, cyclenic or cycloterpenic hydrocarbons; n.e.c. in item no. 2903.8",,2903,VI
290391,sous_position,"Halogenated derivatives of aromatic hydrocarbons; chlorobenzene, o-dichlorobenzene, and p-dichlorobenzene",,2903,VI
290392,sous_position,"Halogenated derivatives of aromatic hydrocarbons; hexachlorobenzene (ISO) and DDT (ISO) (clofenotane (INN), and 1,1,1-trichloro-2,2-bis(p-chlorophenyl)ethane)",,2903,VI
290393,sous_position,Halogenated derivatives of aromatic hydrocarbons; pentachlorobenzene (ISO),,2903,VI
290394,sous_position,Halogenated derivatives of aromatic hydrocarbons; hexabromobiphenyls,,2903,VI
290399,sous_position,"Halogenated derivatives of aromatic hydrocarbons; n.e.c. in item no. 2903.91, 2903.92, 2903.93 and 2903.94",,2903,VI
2904,position,"Sulphonated, nitrated or nitrosated derivatives of hydrocarbons; whether or not halogenated",,29,VI
290410,sous_position,"Derivatives of hydrocarbons; containing only sulpho groups, their salts and ethyl esters, whether or not halogenated",,2904,VI
290420,sous_position,"Derivatives of hydrocarbons; containing only nitro or only nitroso groups, whether or not halogenated",,2904,VI
290431,sous_position,"Derivatives of hydrocarbons; perfluorooctane sulphonic acid, whether or not halogenated",,2904,VI
290432,sous_position,"Derivatives of hydrocarbons; ammonium perfluorooctane sulphonate, whether or not halogenated",,2904,VI
290433,sous_position,"Derivatives of hydrocarbons; lithium perfluorooctane sulphonate, whether or not halogenated",,2904,VI
290434,sous_position,"Derivatives of hydrocarbons; potassium perfluorooctane sulphonate, whether or not halogenated",,2904,VI
290435,sous_position,"Derivatives of hydrocarbons; salts of perfluorooctane sulphonic acid n.e.c in heading no. 2904, whether or not halogenated",,2904,VI
290436,sous_position,"Derivatives of hydrocarbons; perfluorooctane sulphonyl fluoride, whether or not halogenated",,2904,VI
290491,sous_position,"Derivatives of hydrocarbons; trichloronitromethane (chloropicrin), whether or not halogenated",,2904,VI
290499,sous_position,"Derivatives of hydrocarbons n.e.c. in heading no. 2904, whether or not halogenated",,2904,VI
2905,position,"Acyclic alcohols and their halogenated, sulphonated, nitrated or nitrosated derivatives",,29,VI
290511,sous_position,"Alcohols; saturated monohydric, methanol (methyl alcohol)",,2905,VI
290512,sous_position,"Alcohols; saturated monohydric, propan-1-ol (propyl alcohol) and propan-2-ol (isopropyl alcohol)",,2905,VI
290513,sous_position,"Alcohols; saturated monohydric, butan-1-ol (n-butyl alcohol)",,2905,VI
290514,sous_position,"Alcohols; saturated monohydric, butanols excluding item no. 2905.13",,2905,VI
290516,sous_position,"Alcohols; saturated monohydric, octanol (octyl alcohol) and isomers thereof",,2905,VI
290517,sous_position,"Alcohols; saturated monohydric, dodecan-1-ol (lauryl alcohol), hexadecan-1-ol (cetyl alcohol) and octadecan-1-ol (stearyl alcohol)",,2905,VI
290519,sous_position,"Alcohols; saturated monohydric, n.e.c. in item no. 2905.1",,2905,VI
290522,sous_position,"Alcohols; unsaturated monohydric, acyclic terpene alcohols",,2905,VI
290529,sous_position,"Alcohols; acyclic, unsaturated monohydric, (other than acyclic terpene alcohols)",,2905,VI
290531,sous_position,"Alcohols; acyclic, diols; ethylene glycol (ethanediol)",,2905,VI
290532,sous_position,"Alcohols; acyclic, diols; propylene glycol (propane-1, 2-diol)",,2905,VI
290539,sous_position,"Alcohols; acyclic, diols, other than ethylene glycol (ethandiol) or propylene glycol (propane-1,2-diol)",,2905,VI
290541,sous_position,"Alcohols; polyhydric, 2-ethyl-2- (hydroxymethyl) propane-1,3-diol (trimethylolpropane)",,2905,VI
290542,sous_position,"Alcohols; polyhydric, pentaerythritol",,2905,VI
290543,sous_position,"Alcohols; polyhydric, mannitol",,2905,VI
290544,sous_position,"Alcohols; polyhydric, d-glucitol (sorbitol)",,2905,VI
290545,sous_position,"Alcohols; polyhydric, glycerol",,2905,VI
290549,sous_position,"Alcohols; polyhydric, n.e.c. in item no. 2905.4",,2905,VI
290551,sous_position,"Alcohols; acyclic; halogenated, sulphonated, nitrated or nitrosated derivatives thereof, ethchlorvynol (INN)",,2905,VI
290559,sous_position,"Alcohols; acyclic; halogenated, sulphonated, nitrated or nitrosated derivatives thereof, other than ethchlorvynol (INN)",,2905,VI
2906,position,"Alcohols; cyclic, and their halogenated, sulphonated, nitrated or nitrosated derivatives",,29,VI
290611,sous_position,"Alcohols; cyclanic, cyclenic or cycloterpenic and derivatives, menthol",,2906,VI
290612,sous_position,"Alcohols; cyclanic, cyclenic or cycloterpenic and derivatives, cyclohexanol, methylcyclohexanols and dimethylcyclohexanols",,2906,VI
290613,sous_position,"Alcohols; cyclanic, cyclenic or cycloterpenic and derivatives, sterols and inositols",,2906,VI
290619,sous_position,"Alcohols; cyclanic, cyclenic or cycloterpenic and derivatives, n.e.c. in item no. 2906.1",,2906,VI
290621,sous_position,"Alcohols; aromatic alcohols and derivatives, benzyl alcohol",,2906,VI
290629,sous_position,"Alcohols; aromatic and derivatives, other than benzyl alcohol",,2906,VI
2907,position,"Phenols; monophenols, polyphenols, and phenol-alcohols",,29,VI
290711,sous_position,Monophenols; phenol (hydroxybenzene) and its salts,,2907,VI
290712,sous_position,Monophenols; cresols and their salts,,2907,VI
290713,sous_position,"Monophenols; octylphenol, nonylphenol and their isomers, salts thereof",,2907,VI
290715,sous_position,Monophenols; naphthols and their salts,,2907,VI
290719,sous_position,Monophenols; n.e.c. in item no. 2907.1,,2907,VI
290721,sous_position,Polyphenols; resorcinol and its salts,,2907,VI
290722,sous_position,Polyphenols; hydroquinone (quinol) and its salts,,2907,VI
290723,sous_position,"Polyphenols; 4,4'-isopropylidenediphenol (bisphenol A, diphenylolpropane) and its salts",,2907,VI
290729,sous_position,Phenol-alcohols and polyphenols n.e.c. in item number 2907.2,,2907,VI
2908,position,"Phenols or phenol-alcohols; halogenated, sulphonated, nitrated or nitrosated derivatives",,29,VI
290811,sous_position,Phenol or phenol-alcohol derivatives containing only halogen substituents and their salts; pentachlorophenol (ISO),,2908,VI
290819,sous_position,Phenol or phenol-alcohol derivatives containing only halogen substituents and their salts; other than pentachlorophenol (ISO),,2908,VI
290891,sous_position,"Phenol or phenol-alcohol derivatives, sulphonated, nitrated or nitrosated derivatives thereof; dinoseb (ISO) and its salts",,2908,VI
290892,sous_position,"Phenol or phenol-alcohol derivatives, sulphonated, nitrated or nitrosated derivatives thereof; 4,6-dinitro-o-cresol (DNOC (ISO)) and its salts",,2908,VI
290899,sous_position,"Phenol or phenol-alcohol derivatives, sulphonated, nitrated or nitrosated derivatives thereof; other than dinoseb (ISO), and 4,6-dinitro-o-cresol (DNOC (ISO)), and their salts",,2908,VI
2909,position,"Ethers, ether-alcohols, ether-phenols, ether-alcohol-phenols, alcohol peroxides, ether peroxides, acetal and hemiacetal peroxides, ketone peroxides (chemically defined or not), and their halogenated, sulphonated, nitrated or nitrosated derivatives",,29,VI
290911,sous_position,"Ethers; acyclic, and their halogenated, sulphonated, nitrated or nitrosated derivatives, diethyl ether",,2909,VI
290919,sous_position,"Ethers; acyclic, and their halogenated, sulphonated, nitrated or nitrosated derivatives, other than diethyl ether",,2909,VI
290920,sous_position,"Ethers; cyclanic, cyclenic or cycloterpenic and their halogenated, sulphonated, nitrated or nitrosated derivatives",,2909,VI
290930,sous_position,"Ethers; aromatic, and their halogenated, sulphonated, nitrated or nitrosated derivatives",,2909,VI
290941,sous_position,"Ether-alcohols and their halogenated, sulphonated, nitrated or nitrosated derivatives; 2,2-oxydiethanol (diethylene glycol, digol)",,2909,VI
290943,sous_position,"Ether-alcohols and their halogenated, sulphonated, nitrated or nitrosated derivatives; monobutyl ethers of ethylene glycol or of diethylene glycol",,2909,VI
290944,sous_position,"Ether-alcohols and their halogenated, sulphonated, nitrated or nitrosated derivatives; monoalkylethers of ethylene glycol or of diethylene glycol n.e.c. in heading no. 2909",,2909,VI
290949,sous_position,"Ether-alcohols and their halogenated, sulphonated, nitrated or nitrosated derivatives; n.e.c. in item no. 2909.4",,2909,VI
290950,sous_position,"Ether-phenols, ether-alcohol-phenols and their halogenated, sulphonated, nitrated or nitrosated derivatives",,2909,VI
290960,sous_position,"Alcohol peroxides, ether peroxides, acetal and hemiacetal peroxides, ketone peroxides and their halogenated, sulphonated, nitrated or nitrosated derivatives",,2909,VI
2910,position,"Epoxides, epoxyalcohols, epoxyphenols and epoxyethers; with a three-membered ring and their halogenated, sulphonated, nitrated or nitrosated derivatives",,29,VI
291010,sous_position,"Epoxides, epoxyalcohols, epoxyphenols and epoxyethers; with a three-membered ring and their halogenated, sulphonated, nitrated or nitrosated derivatives; oxirane (ethylene oxide)",,2910,VI
291020,sous_position,"Epoxides, epoxyalcohols, epoxyphenols and epoxyethers; with a three-membered ring and their halogenated, sulphonated, nitrated or nitrosated derivatives, methyloxirane (propylene oxide)",,2910,VI
291030,sous_position,"Epoxides, epoxyalcohols, epoxyphenols and epoxyethers; with a three-membered ring and their halogenated, sulphonated, nitrated or nitrosated derivatives, 1-chloro-2,3-epoxypropane (epichlorohydrin)",,2910,VI
291040,sous_position,"Epoxides, epoxyalcohols, epoxyphenols and epoxyethers; with a three-membered ring and their halogenated, sulphonated, nitrated or nitrosated derivatives, dieldrin (ISO, INN)",,2910,VI
291050,sous_position,"Epoxides, epoxyalcohols, epoxyphenols and epoxyethers; with a three-membered ring and their halogenated, sulphonated, nitrated or nitrosated derivatives, endrin (ISO)",,2910,VI
291090,sous_position,"Epoxides, epoxyalcohols, epoxyphenols and epoxyethers; with a three-membered ring and their halogenated, sulphonated, nitrated or nitrosated derivatives, n.e.c. in heading no. 2910",,2910,VI
2911,position,"Acetals and hemiacetals; whether or not with other oxygen function, and their halogenated, sulphonated, nitrated or nitrostated derivatives",,29,VI
291100,sous_position,"Acetals and hemiacetals; whether or not with other oxygen function, and their halogenated, sulphonated, nitrated or nitrosated derivatives",,2911,VI
2912,position,"Aldehydes, whether or not with other oxygen function; cyclic polymers of aldehydes; paraformaldehyde",,29,VI
291211,sous_position,"Aldehydes; acyclic, without other oxygen function, methanal (formaldehyde)",,2912,VI
291212,sous_position,"Aldehydes; acyclic, without other oxygen function, ethanal (acetaldehyde)",,2912,VI
291219,sous_position,"Aldehydes; acyclic, without other oxygen function, n.e.c. in item no. 2912.1",,2912,VI
291221,sous_position,"Aldehydes; cyclic, without other oxygen function, benzaldehyde",,2912,VI
291229,sous_position,"Aldehydes; cyclic, without other oxygen function, other than benzaldehyde",,2912,VI
291241,sous_position,"Aldehydes; aldehyde-ethers, aldehyde-phenols and aldehydes with other oxygen function, vanillin (4-hydroxy-3-methoxybenzaldehyde)",,2912,VI
291242,sous_position,"Aldehydes; aldehyde-ethers, aldehyde-phenols and aldehydes with other oxygen function, ethylvanillin (3-ethoxy-4-hydroxybenzaldehyde)",,2912,VI
291249,sous_position,"Aldehyde-alcohols, aldehyde-ethers, aldehyde-phenols and aldehydes with other oxygen function; other than vanillin (4-hydroxy-3-methoxybenzaldehyde) and ethylvanillin (3-ethoxy-4-hydroxybenzaldehyde)",,2912,VI
291250,sous_position,Aldehydes; cyclic polymers of aldehydes,,2912,VI
291260,sous_position,Paraformaldehyde,,2912,VI
2913,position,"Aldehydes; halogenated, sulphonated, nitrated or nitrosated derivatives of products of heading no. 2912",,29,VI
291300,sous_position,"Aldehydes; halogenated, sulphonated, nitrated or nitrosated derivatives of products of heading no. 2912",,2913,VI
2914,position,"Ketones and quinones; whether or not with other oxygen function, and their halogenated, sulphonated, nitrated or nitrostated derivatives",,29,VI
291411,sous_position,"Ketones; acyclic, without other oxygen function, acetone",,2914,VI
291412,sous_position,"Ketones; acyclic, without other oxygen function, butanone (methyl ethyl ketone)",,2914,VI
291413,sous_position,"Ketones; acyclic, without other oxygen function, 4-methylpentan-2-one (methyl isobutyl ketone)",,2914,VI
291419,sous_position,"Ketones; acyclic, without other oxygen function, n.e.c. in item no. 2914.1",,2914,VI
291422,sous_position,"Ketones; cyclanic, cyclenic or cycloterpenic, without other oxygen function, cyclohexanone and methylcyclohexanones",,2914,VI
291423,sous_position,"Ketones; cyclanic, cyclenic or cycloterpenic, without other oxygen function, ionones and methylionones",,2914,VI
291429,sous_position,"Ketones; cyclanic, cyclenic or cycloterpenic, without other oxygen function, other than cyclohexanone, methylcyclohexanones, ionones, and methylionones",,2914,VI
291431,sous_position,"Ketones; aromatic, (without other oxygen function), phenylacetone (phenylpropan-2-one)",,2914,VI
291439,sous_position,"Ketones; aromatic, (without other oxygen function), excluding phenylacetone (phenylpropan-2-one)",,2914,VI
291440,sous_position,Ketone-alcohols and ketone-aldehydes,,2914,VI
291450,sous_position,Ketone-phenols and ketones with other oxygen function,,2914,VI
291461,sous_position,Quinones; anthraquinone,,2914,VI
291462,sous_position,Quinones; coenzyme Q10 (ubidecarenone (INN)),,2914,VI
291469,sous_position,Quinones; other than anthraquinone and coenzyme Q10 (ubidecarenone (INN)),,2914,VI
291471,sous_position,"Ketones and quinones; halogenated, sulphonated, nitrated or nitrosated derivatives; chlordecone (ISO)",,2914,VI
291479,sous_position,"Ketones and quinones; halogenated, sulphonated, nitrated or nitrosated derivatives, other than chlordecone (ISO)",,2914,VI
2915,position,"Acids; saturated acyclic monocarboxylic acids and their anhydrides, halides, peroxides and peroxyacids; their halogenated, sulphonated, nitrated or nitrosated derivatives",,29,VI
291511,sous_position,Acids; saturated acyclic monocarboxylic acids; formic acid,,2915,VI
291512,sous_position,Acids; saturated acyclic monocarboxylic acids; salts of formic acids,,2915,VI
291513,sous_position,Acids; saturated acyclic monocarboxylic acids; esters of formic acid,,2915,VI
291521,sous_position,Acids; saturated acyclic monocarboxylic acids; acetic acid,,2915,VI
291524,sous_position,Acids; saturated acyclic monocarboxylic acids; acetic anhydride,,2915,VI
291529,sous_position,Acids; saturated acyclic monocarboxylic acids; acetic acid and its salts n.e.c. in item no. 2915.2,,2915,VI
291531,sous_position,Acids; saturated acyclic monocarboxylic acids; ethyl acetate,,2915,VI
291532,sous_position,Acids; saturated acyclic monocarboxylic acids; vinyl acetate,,2915,VI
291533,sous_position,Acids; saturated acyclic monocarboxylic acids; n-butyl acetate,,2915,VI
291536,sous_position,Acids; saturated acyclic monocarboxylic acids; dinoseb (ISO) acetate,,2915,VI
291539,sous_position,Acids; saturated acyclic monocarboxylic acids; esters of acetic acid n.e.c. in item no. 2915.3,,2915,VI
291540,sous_position,"Acids; saturated acyclic monocarboxylic acids; mono-, di- or trichloroacetic acids, their salts and esters",,2915,VI
291550,sous_position,"Acids; saturated acyclic monocarboxylic acids; propionic acid, its salts and esters",,2915,VI
291560,sous_position,"Acids; saturated acyclic monocarboxylic acids; butanoic acids, pentanoic acids, their salts and esters",,2915,VI
291570,sous_position,"Acids; saturated acyclic monocarboxylic acids; palmitic acid, stearic acid, their salts and esters",,2915,VI
291590,sous_position,"Acids; saturated acyclic monocarboxylic acids; anhydrides, halides, peroxides, peroxyacids and halogenated, sulphonated, nitrated or nitrosated derivatives, n.e.c. in heading no. 2915",,2915,VI
2916,position,"Acids; unsaturated acyclic monocarboxylic, cyclic monocarboxylic, their anhydrides, halides, peroxides and peroxyacids; their halogenated, sulphonated, nitrated or nitrosated derivatives",,29,VI
291611,sous_position,Acids; unsaturated acyclic monocarboxylic acids; acrylic acid and its salts,,2916,VI
291612,sous_position,Acids; unsaturated acyclic monocarboxylic acids; esters of acrylic acid,,2916,VI
291613,sous_position,Acids; unsaturated acyclic monocarboxylic acids; methacrylic acid and its salts,,2916,VI
291614,sous_position,Acids; unsaturated acyclic monocarboxylic acids; esters of methacrylic acid,,2916,VI
291615,sous_position,"Acids; unsaturated acyclic monocarboxylic acids; oleic, linoleic or linolenic acids, their salts and esters",,2916,VI
291616,sous_position,"Acids; unsaturated acyclic monocarboxylic, cyclic monocarboxylic, their anhydrides, halides, peroxides and peroxyacids; their halogenated, sulphonated, nitrated or nitrosated derivatives, binapacryl (ISO)",,2916,VI
291619,sous_position,"Acids; unsaturated acyclic monocarboxylic, cyclic monocarboxylic, their anhydrides, halides, peroxides and peroxyacids; their halogenated, sulphonated, nitrated or nitrosated derivatives, n.e.c. in item no. 2916.1",,2916,VI
291620,sous_position,"Acids; cyclanic, cyclenic or cycloterpenic monocarboxylic acids, their anhydrides, halides, peroxides, peroxyacids and their derivatives",,2916,VI
291631,sous_position,"Acids; aromatic monocarboxylic acids, benzoic acid, its salts and esters",,2916,VI
291632,sous_position,"Acids; aromatic monocarboxylic acids, benzoyl peroxide and benzoyl chloride",,2916,VI
291634,sous_position,"Acids; aromatic monocarboxylic acids, phenylacetic acid and its salts",,2916,VI
291639,sous_position,"Acids; aromatic monocarboxylic acids, and their anhydrides, halides, peroxides, peroxyacids and their derivatives, other than benzoic acid, its salts and esters, benzoyl peroxide and benzoyl chloride, phenylacetic acid and its salts",,2916,VI
2917,position,"Acids; polycarboxylic acids, their anhydrides, halides, peroxides and peroxy-acids; their halogenated, sulphonated, nitrated or nitrosated derivatives",,29,VI
291711,sous_position,"Acids; acyclic polycarboxylic acids; oxalic acid, its salts and esters",,2917,VI
291712,sous_position,"Acids; acyclic polycarboxylic acids; adipic acid, its salts and esters",,2917,VI
291713,sous_position,"Acids; acyclic polycarboxylic acids; azelaic acid, sebacic acid, their salts and esters",,2917,VI
291714,sous_position,Acids; acyclic polycarboxylic acids; maleic anhydride,,2917,VI
291719,sous_position,Acids; acyclic polycarboxylic acids; n.e.c. in item no. 2917.1,,2917,VI
291720,sous_position,"Acids; cyclanic, cyclenic or cycloterpenic polycarboxylic acids, their anhydrides, halides, peroxides, peroxyacids and derivatives",,2917,VI
291732,sous_position,Acids; aromatic polycarboxylic acids; dioctyl orthophthalates,,2917,VI
291733,sous_position,Acids; aromatic polycarboxylic acids; dinonyl or didecyl orthophthalates,,2917,VI
291734,sous_position,Acids; aromatic polycarboxylic acids; other esters of orthophthalic acids,,2917,VI
291735,sous_position,Acids; aromatic polycarboxylic acids; phthalic anhydride,,2917,VI
291736,sous_position,Acids; aromatic polycarboxylic acids; terephthalic acid and its salts,,2917,VI
291737,sous_position,Acids; aromatic polycarboxylic acids; dimethyl terephthalate,,2917,VI
291739,sous_position,Acids; aromatic polycarboxylic acids; n.e.c. in item no. 2917.3,,2917,VI
2918,position,"Acids; carboxylic acid with additional oxygen function and their anhydrides, halides, peroxides, peroxyacids; their halogenated, sulphonated, nitrated or nitrosated derivatives",,29,VI
291811,sous_position,"Acids; carboxylic acids, (with alcohol function but without other oxygen function), lactic acid, its salts and esters",,2918,VI
291812,sous_position,"Acids; carboxylic acids, (with alcohol function but without other oxygen function), tartaric acid",,2918,VI
291813,sous_position,"Acids; carboxylic acids, (with alcohol function but without other oxygen function); salts and esters of tartaric acid",,2918,VI
291814,sous_position,"Acids; carboxylic acids, (with alcohol function but without other oxygen function), citric acid",,2918,VI
291815,sous_position,"Acids; carboxylic acids, (with alcohol function but without other oxygen function), salts and esters of citric acid",,2918,VI
291816,sous_position,"Acids; carboxylic acids, (with alcohol function but without other oxygen function), gluconic acid, its salts and esters",,2918,VI
291817,sous_position,"Acids; carboxylic acids, (with alcohol function but without other oxygen function), 2,2-Diphenyl-2-hydroxyacetic acid (benzilic acid)",,2918,VI
291818,sous_position,"Acids; carboxylic acids, (with alcohol function but without other oxygen function), chlorobenzilate (ISO)",,2918,VI
291819,sous_position,"Acids; carboxylic acids, (with alcohol function but without other oxygen function), other than lactic, tartaric, citric, and gluconic acids and their salts and esters",,2918,VI
291821,sous_position,"Acids; carboxylic acids, (with phenol function but without other oxygen function), salicylic acid and its salts",,2918,VI
291822,sous_position,"Acids; carboxylic acids, (with phenol function but without other oxygen function), o-acetylsalicylic acid, its salts and esters",,2918,VI
291823,sous_position,"Acids; carboxylic acids, (with phenol function but without other oxygen function), other esters of salicylic acid and its salts n.e.c. in item no. 2918.2",,2918,VI
291829,sous_position,"Acids; carboxylic acids, (with phenol function but without other oxygen function), their anhydrides, halides, peroxides, peroxyacids and their derivatives, n.e.c. in item no. 2918.2",,2918,VI
291830,sous_position,"Acids; carboxylic acids, (with aldehyde or ketone function but without other oxygen function), their anhydrides, halides, peroxides, peroxyacids and their derivatives",,2918,VI
291891,sous_position,"Acids; carboxylic acids, with additional oxygen function (not alcohol, phenol, aldehyde or ketone) and their anhydrides, halides, peroxides and peroxyacids; 2,4,5-T (ISO) (2,4,5-trichlorophenoxyacetic acid), its salts and esters",,2918,VI
291899,sous_position,"Acids; carboxylic acids, with additional oxygen function (not alcohol, phenol, aldehyde or ketone) and their anhydrides, halides, peroxides and peroxyacids; their halogenated, sulphonated, nitrated or nitrosated derivatives; other than 2,4,5-T (ISO)",,2918,VI
2919,position,"Esters; phosphoric, and their salts, including lactophosphates, their halogenated, sulphonated, nitrated or nitrosated derivatives",,29,VI
291910,sous_position,"Esters; phosphoric, and their salts, including lactophosphates, their halogenated, sulphonated, nitrated or nitrosated derivatives; tris(2,3-dibromopropyl) phosphate",,2919,VI
291990,sous_position,"Esters; phosphoric, and their salts, including lactophosphates, their halogenated, sulphonated, nitrated or nitrosated derivatives; other than tris(2,3-dibromopropyl) phosphate",,2919,VI
2920,position,"Esters of other inorganic acids of non-metals (other than of hydrogen halides) and their salts, their halogenated, sulphonated, nitrated or nitrosated derivatives",,29,VI
292011,sous_position,"Esters; thiophosphoric esters (phosphorothioates) and their salts, their halogenated, sulphonated, nitrated or nitrosated derivatives, parathion (ISO) and parathion-methyl (ISO) (methyl-parathion)",,2920,VI
292019,sous_position,Esters; thiophosphoric esters (phosphorothioates) and their salts; other than parathion (ISO) and parathion-methyl (ISO) (methyl-parathion),,2920,VI
292021,sous_position,"Esters; phosphite esters and their salts; their halogenated, sulphonated, nitrated or nitrosated derivatives, dimethyl phosphite",,2920,VI
292022,sous_position,"Esters; phosphite esters and their salts; their halogenated, sulphonated, nitrated or nitrosated derivatives, diethyl phosphite",,2920,VI
292023,sous_position,"Esters; phosphite esters and their salts; their halogenated, sulphonated, nitrated or nitrosated derivatives, trimethyl phosphite",,2920,VI
292024,sous_position,"Esters; phosphite esters and their salts; their halogenated, sulphonated, nitrated or nitrosated derivatives, triethyl phosphite",,2920,VI
292029,sous_position,"Esters; phosphite esters and their salts; their halogenated, sulphonated, nitrated or nitrosated derivatives, n.e.c. in heading no. 2920",,2920,VI
292030,sous_position,"Esters; of other inorganic acids of non-metals (excluding esters of hydrogen halides) and their salts; their halogenated, sulphonated, nitrated or nitrosated derivatives, endosulfan (ISO)",,2920,VI
292090,sous_position,"Esters; other than thiophosphoric esters (phosphorothioates) and phosphite esters and their salts, their halogenated, sulphonated, nitrated or nitrosated derivatives, n.e.c. in heading no. 2920",,2920,VI
2921,position,Amine-function compounds,,29,VI
292111,sous_position,"Amine-function compounds; acyclic monoamines and their derivatives, methylamine, di- or trimethylamine and their salts",,2921,VI
292112,sous_position,"Amine-function compounds; acyclic monoamines and their derivatives, and salts thereof, 2-(N,N-Dimethylamino)ethylchloride hydrochloride",,2921,VI
292113,sous_position,"Amine-function compounds; acyclic monoamines and their derivatives, and salts thereof, 2-(N,N-Diethylamino)ethylchloride hydrochloride",,2921,VI
292114,sous_position,"Amine-function compounds; acyclic monoamines and their derivatives, and salts thereof, 2-(N,N-Diisopropylamino)ethylchloride hydrochloride",,2921,VI
292119,sous_position,"Amine-function compounds; acyclic monoamines and their derivatives, and salts thereof, n.e.c. in item no. 2921.1",,2921,VI
292121,sous_position,"Amine-function compounds; acyclic polyamines and their derivatives, ethylenediamine and its salts",,2921,VI
292122,sous_position,"Amine-function compounds; acyclic polyamines and their derivatives, hexamethylenediamine and its salts",,2921,VI
292129,sous_position,"Amine-function compounds; acyclic polyamines and their derivatives, and salts thereof, n.e.c. in item no. 2921.2",,2921,VI
292130,sous_position,"Amine-function compounds; cyclanic, cyclenic or cycloterpenic mono- or polyamines and their derivatives; salts thereof",,2921,VI
292141,sous_position,"Amine-function compounds; aromatic monoamines and their derivatives, aniline and its salts",,2921,VI
292142,sous_position,"Amine-function-compounds; aromatic monoamines and their derivatives, aniline derivatives and their salts",,2921,VI
292143,sous_position,"Amine-function compounds; aromatic monoamines and their derivatives, toluidines and their derivatives; salts thereof",,2921,VI
292144,sous_position,"Amine-function compounds; aromatic monoamines and their derivatives, diphenylamine and its derivatives; salts thereof",,2921,VI
292145,sous_position,"Amine-function compounds; aromatic monoamines and their derivatives; 1-naphthylamine (alpha-naphthylamine), 2-naphthylamine (beta-naphthaylamine) and their derivatives; salts thereof",,2921,VI
292146,sous_position,"Amine-function compounds; aromatic monoamines and derivatives; amfetamine (INN), benzfetamine (INN), dexamfetamine (INN), etilamfetamine (INN), fencamfamin (INN), lefetamine (INN), levamfetamine (INN), mefenorex (INN) and phentermine (INN); salts thereof",,2921,VI
292149,sous_position,Amine-function compounds; aromatic monoamines and their derivatives; salts thereof; n.e.c. in item no. 2921.4,,2921,VI
292151,sous_position,"Amine-function compounds; aromatic amines and their derivatives; o-, m-, p-phenylenediamine, diaminotoluenes and their derivatives; salts thereof",,2921,VI
292159,sous_position,"Amine-function compounds; aromatic polyamines and their derivatives, other than item no. 2921.51",,2921,VI
2922,position,Oxygen-function amino-compounds,,29,VI
292211,sous_position,"Amino-alcohols, other than those containing more than one kind of oxygen function; their ethers and esters; salts thereof, monoethanolamine and its salts",,2922,VI
292212,sous_position,"Amino-alcohols, other than those containing more than one kind of oxygen function; their ethers and esters; salts thereof, diethanolamine and its salts",,2922,VI
292214,sous_position,"Amino-alcohols, other than those containing more than one kind of oxygen function; their ethers and esters; salts thereof; dextropropoxyphene (INN) and its salts",,2922,VI
292215,sous_position,"Amino-alcohols, other than those containing more than one kind of oxygen function; their ethers and esters; salts thereof, triethanolamine",,2922,VI
292216,sous_position,"Amino-alcohols, other than those containing more than one kind of oxygen function; their ethers and esters; salts thereof, Diethanolammonium perfluorooctane sulphonate",,2922,VI
292217,sous_position,"Amino-alcohols, other than those containing more than one kind of oxygen function; their ethers and esters; salts thereof, Methyldiethanolamine and ethyldiethanolamine",,2922,VI
292218,sous_position,"Amino-alcohols, other than those containing more than one kind of oxygen function; their ethers and esters; salts thereof, 2-(N,N- Diisopropylamino)ethanol",,2922,VI
292219,sous_position,"Amino-alcohols, other than those containing more than one kind of oxygen function, their ethers and esters; salts thereof, n.e.c. in item no. 2922.1",,2922,VI
292221,sous_position,"Amino-naphthols and other amino-phenols, other than those containing more than one kind of oxygen function; their ethers and esters; salts thereof, aminohydroxynaphthalenesulphonic acids and their salts",,2922,VI
292229,sous_position,"Amino-naphthols and other amino-phenols, other than those containing more than one kind of oxygen function, their ethers and esters; salts thereof n.e.c. in item no. 2922.2",,2922,VI
292231,sous_position,"Amino-aldehydes, amino-ketones and amino-quinones; other than those containing more than one kind of oxygen function, salts thereof",,2922,VI
292239,sous_position,"Amino-aldehydes, amino-ketones and amino-quinones; other than those containing more than one kind of oxygen function; salts thereof, excluding amfepramone (INN), methadone (INN), and normethadone (INN) and salts thereof",,2922,VI
292241,sous_position,"Amino-acids, other than those containing more than one kind of oxygen function, and their esters; lysine and its esters; salts thereof",,2922,VI
292242,sous_position,"Amino-acids, other than those containing more than one kind of oxygen function, and their esters; glutamic acid and its esters; salts thereof",,2922,VI
292243,sous_position,"Amino-acids, other than those containing more than one kind of oxygen function, and their esters; anthranilic acid and its esters; salts thereof",,2922,VI
292244,sous_position,"Amino-acids, other than those containing more than one kind of oxygen function, and their esters; tilidine (INN) and its esters; salts thereof",,2922,VI
292249,sous_position,"Amino-acids, other than those containing more than one kind of oxygen function, their esters; salts thereof, excluding lysine, glutamic acid, anthranalic acid and tilidine, their esters and salts thereof",,2922,VI
292250,sous_position,"Amino-alcohol-phenols, amino-acid-phenols and other amino-compounds with oxygen function",,2922,VI
2923,position,"Quaternary ammonium salts and hydroxides; lecithins and other phosphoaminolipids, whether or not chemically defined",,29,VI
292310,sous_position,"Quaternary ammonium salts and hydroxides; choline and its salts, whether or not chemically defined",,2923,VI
292320,sous_position,"Lecithins and other phosphoaminolipids, whether or not chemically defined",,2923,VI
292330,sous_position,"Quaternary ammonium salts and hydroxides; tetraethylammonium perfluorooctane sulphonate, whether or not chemically defined",,2923,VI
292340,sous_position,"Quaternary ammonium salts and hydroxides; didecyldimethylammonium perfluorooctane sulphonate, whether or not chemically defined",,2923,VI
292390,sous_position,Quaternary ammonium salts and hydroxides; whether or not chemically defined n.e.c. in heading no. 2923,,2923,VI
2924,position,Carboxyamide-function compounds; amide-function compounds of carbonic acid,,29,VI
292411,sous_position,Acyclic amides (including acyclic carbamates) and their derivatives; salts thereof; meprobamate (INN),,2924,VI
292412,sous_position,"Acyclic amides (including acyclic carbamates) and their derivatives; salts thereof; fluoroacetamide (ISO), monocrotophos (ISO) and phosphamidon (ISO)",,2924,VI
292419,sous_position,"Acyclic amides (including acyclic carbamates) and their derivatives; salts thereof, other than meprobamate (INN), fluoroacetamide (ISO), monocrotophos (ISO) or phosphamidon (ISO)",,2924,VI
292421,sous_position,"Cyclic amides (including cyclic carbamates) and their derivatives, ureines and their derivatives; salts thereof",,2924,VI
292423,sous_position,Cyclic amides (including cyclic carbamates) and their derivatives; 2-acetamidobenzoic acid (N-acetylanthranillic acid) and its salts,,2924,VI
292424,sous_position,Cyclic amides (including cyclic carbamates) and their derivatives; ethinamate and its salts,,2924,VI
292425,sous_position,Cyclic amides (including cyclic carbamates) and their derivatives; alachlor (ISO) and its salts,,2924,VI
292429,sous_position,"Cyclic amides (including cyclic carbamates) and their derivatives; other than the derivatives and salts of ureines, 2-acetamidobenzoic acid (N-acetylanthancillic acid),ethinamate S, and alachlor (ISO) and their derivatives and salts",,2924,VI
2925,position,Carboxyimide-function compounds (including saccharin and its salts) and imine-function compounds,,29,VI
292511,sous_position,Imides and their derivatives; saccharin and its salts,,2925,VI
292512,sous_position,Imides and their derivatives; glutethimide (INN),,2925,VI
292519,sous_position,Imides and their derivatives; other than saccharin and glutethimide (INN),,2925,VI
292521,sous_position,Imines and their derivatives; salts thereof; chlordimeform (ISO),,2925,VI
292529,sous_position,Imines and their derivatives; salts thereof; other than chlordimeform (ISO),,2925,VI
2926,position,Nitrile-function compounds,,29,VI
292610,sous_position,Nitrile-function compounds; acrylonitrile,,2926,VI
292620,sous_position,Nitrile-function compounds; 1-cyanoguanidine (dicyandiamide),,2926,VI
292630,sous_position,"Nitrile-function compounds; fenproporex (INN) and its salts; methadone (INN) intermediate (4-cyano-2-dimethylamino-4,4-diphenylbutane)",,2926,VI
292640,sous_position,Nitrile-function compounds; alpha-phenylacetoacetonitrile,,2926,VI
292690,sous_position,Nitrile-function compounds; n.e.c. heading no. 2926,,2926,VI
2927,position,"Diazo-, azo- or azoxy-compounds",,29,VI
292700,sous_position,"Diazo-, azo- or azoxy compounds",,2927,VI
2928,position,Organic derivatives of hydrazine or of hydroxylamine,,29,VI
292800,sous_position,Organic derivatives of hydrazine or of hydroxylamine,,2928,VI
2929,position,"Nitrogen-function compounds, n.e.c. in chapter 29",,29,VI
292910,sous_position,"Nitrogen-function compounds; n.e.c. in chapter 29, isocyanates",,2929,VI
292990,sous_position,"Nitrogen-function compounds; n.e.c. in chapter 29, excluding isocyanates",,2929,VI
2930,position,Organo-sulphur compounds,,29,VI
293010,sous_position,"Organo-sulphur compounds; 2-(N,N-Diethylamino) ethanethiol",,2930,VI
293020,sous_position,Organo-sulphur compounds; thiocarbamates and dithiocarbamates,,2930,VI
293030,sous_position,"Organo-sulphur compounds; thiuram mono-, di- or tetrasulphides",,2930,VI
293040,sous_position,Organo-sulphur compounds; methionine,,2930,VI
293060,sous_position,"Organo-sulphur compounds; 2-(N,N-Diethylamino)ethanethiol",,2930,VI
293070,sous_position,Organo-sulphur compounds; bis(2-hydroxyethyl)sulfide (thiodiglycol (INN)),,2930,VI
293080,sous_position,"Organo-sulphur compounds; aldicarb (ISO), captafol (ISO) and methamidophos (ISO)",,2930,VI
293090,sous_position,Organo-sulphur compounds; n.e.c. in heading no. 2930,,2930,VI
2931,position,Other organo-inorganic compounds,,29,VI
293110,sous_position,Organo-inorganic compounds; tetramethyl lead and tetraethyl lead,,2931,VI
293120,sous_position,Organo-inorganic compounds; tributyltin compounds,,2931,VI
293141,sous_position,Non-halogenated organo-phosphorous derivatives; dimethyl methylphosphonate,,2931,VI
293142,sous_position,Non-halogenated organo-phosphorous derivatives; dimethyl propylphosphonate,,2931,VI
293143,sous_position,Non-halogenated organo-phosphorous derivatives; diethyl ethylphosphonate,,2931,VI
293144,sous_position,Non-halogenated organo-phosphorous derivatives; methylphosphonic acid,,2931,VI
293145,sous_position,Non-halogenated organo-phosphorous derivatives; salt of methylphosphonic acid and (aminominomethyl) urea (1:1),,2931,VI
293146,sous_position,"Non-halogenated organo-phosphorous derivatives; 2,4,6-tripropyl-1,3,5,2,4,6-trioxatriphosphinane 2,4,6-trioxide",,2931,VI
293147,sous_position,"Non-halogenated organo-phosphorous derivatives; (5-ethyl-2-methyl-2-oxido-1,3,2-dioxaphosphinan-5-yl) methyl methyl methylphosphonate",,2931,VI
293148,sous_position,"Non-halogenated organo-phosphorous derivatives; 3,9-dimethyl-2,4,8,10-tetraoxa-3,9-diphosphaspiro[5.5] undecane 3,9-dioxide",,2931,VI
293149,sous_position,"Non-halogenated organo-phosphorous derivatives; other non-halogenated organo-phosphorous derivatives, n.e.c. in item no. 2931.4",,2931,VI
293151,sous_position,Halogenated organo-phosphorous derivatives; methylphosphonic dichloride,,2931,VI
293152,sous_position,Halogenated organo-phosphorous derivatives; propylphosphonic dichloride,,2931,VI
293153,sous_position,Halogenated organo-phosphorous derivatives; O-(3-chloropropyl) O-[4-nitro-3-(trifluoromethyl)phenyl] methylphosphonothionate,,2931,VI
293154,sous_position,Halogenated organo-phosphorous derivatives; trichlorfon (ISO),,2931,VI
293159,sous_position,"Halogenated organo-phosphorous derivatives; other halogenated organo-phosphorous derivatives, n.e.c. in item no. 2931.5",,2931,VI
293190,sous_position,"Organo-inorganic compounds; other than tetramethyl lead, tetraethyl lead, tributyltin compounds, and other organo-phosphorous derivatives",,2931,VI
2932,position,Heterocyclic compounds with oxygen hetero-atom(s) only,,29,VI
293211,sous_position,"Heterocyclic compounds; with oxygen hetero-atom(s) only, containing an unfused furan ring (whether or not hydrogenated) in the structure, tetrahydrofuran",,2932,VI
293212,sous_position,"Heterocyclic compounds; with oxygen hetero-atom(s) only, containing an unfused furan ring (whether or not hydrogenated) in the structure, 2-furaldehyde (furfuraldehyde)",,2932,VI
293213,sous_position,"Heterocyclic compounds; with oxygen hetero-atom(s) only, containing an unfused furan ring (whether or not hydrogenated) in the structure, furfuryl alcohol and tetrahydrofurfuryl alcohol",,2932,VI
293214,sous_position,"Heterocyclic compounds; with oxygen hetero-atom(s) only, containing an unfused furan ring (whether or not hydrogenated) in the structure, sucralose",,2932,VI
293219,sous_position,"Heterocyclic compounds; with oxygen hetero-atom(s) only, containing an unfused furan ring (whether or not hydrogenated) in the structure, n.e.c. in item no. 2932.1",,2932,VI
293220,sous_position,"Heterocyclic compounds; with oxygen hetero-atom(s) only, containing an unfused furan ring (whether or not hydrogenated) in the structure, lactones",,2932,VI
293291,sous_position,"Heterocyclic compounds; with oxygen hetero-atom(s) only, (other than lactones or compounds containing an unfused furan ring (whether or not hydrogenated) in the structure), isosafrole",,2932,VI
293292,sous_position,"Heterocyclic compounds; with oxygen hetero-atom(s) only, (other than lactones or compounds containing an unfused furan ring (whether or not hydrogenated) in the structure), 1-(1,3-Benzodioxol-5-yl)propan-2-one",,2932,VI
293293,sous_position,"Heterocyclic compounds; with oxygen hetero-atom(s) only, (other than lactones or compounds containing an unfused furan ring (whether or not hydrogenated) in the structure), piperonal",,2932,VI
293294,sous_position,"Heterocyclic compounds; with oxygen hetero-atom(s) only, (other than lactones or compounds containing an unfused furan ring (whether or not hydrogenated) in the structure), safrole",,2932,VI
293295,sous_position,"Heterocyclic compounds; with oxygen hetero-atom(s) only, (other than lactones or compounds containing an unfused furan ring (whether or not hydrogenated) in the structure), tetrahydrocannabinols (all isomers)",,2932,VI
293296,sous_position,"Heterocyclic compounds; with oxygen hetero-atom(s) only, (other than lactones or compounds containing an unfused furan ring (whether or not hydrogenated) in the structure), carbofuran (ISO)",,2932,VI
293299,sous_position,"Heterocyclic compounds; with oxygen hetero-atom(s) only, no lactones or unfused furan rings in the structure, other than isosafrole, 1-(1,3-benzodiaxol-5-yl) propan-2-one, piperonal, safrole, tetrahydrocannabinols (all isomers), carbofuran (ISO)",,2932,VI
2933,position,Heterocyclic compounds with nitrogen hetero-atom(s) only,,29,VI
293311,sous_position,"Heterocyclic compounds; with nitrogen hetero-atom(s) only, containing an unfused pyrazole ring (whether or not hydrogenated) in the structure, phenazone (antipyrin) and its derivatives",,2933,VI
293319,sous_position,"Heterocyclic compounds; with nitrogen hetero-atom(s) only, containing an unfused pyrazole ring (whether or not hydrogenated) in the structure, other than henazone (antipyrin) and its derivatives",,2933,VI
293321,sous_position,"Heterocyclic compounds; with nitrogen hetero-atom(s) only, containing an unfused imidazole ring (whether or not hydrogenated) in the structure, hydantoin and its derivatives",,2933,VI
293329,sous_position,"Heterocyclic compounds; with nitrogen hetero-atom(s) only, containing an unfused imidazole ring (whether or not hydrogenated) in the structure, other than hydantoin and its derivatives",,2933,VI
293331,sous_position,"Heterocyclic compounds; containing an unfused pyridine ring (whether or not hydrogenated) in the structure, pyridine and its salts",,2933,VI
293332,sous_position,"Heterocyclic compounds; containing an unfused pyridine ring (whether or not hydrogenated) in the structure, piperidine and its salts",,2933,VI
293333,sous_position,"Heterocyclic compounds; containing an unfused pyridine ring (whether or not hydrogenated) in the structure, alfentanil (INN), anileridine (INN), bezitramide (INN), bromazepam (INN), carfentanil (INN), difenoxin (INN), diphenoxylate (INN), dipipanone (INN)",,2933,VI
293334,sous_position,"Heterocyclic compounds; containing an unfused pyridine ring (whether or not hydrogenated) in the structure, other fentanyls and their derivatives",,2933,VI
293335,sous_position,"Heterocyclic compounds; containing an unfused pyridine ring (whether or not hydrogenated) in the structure, 3-quinuclidinol",,2933,VI
293336,sous_position,"Heterocyclic compounds; containing an unfused pyridine ring (whether or not hydrogenated) in the structure, 4-anilino-N-phenethylpiperidine (ANPP)",,2933,VI
293337,sous_position,"Heterocyclic compounds; containing an unfused pyridine ring (whether or not hydrogenated) in the structure, N-phenethyl-4-piperdone (NPP)",,2933,VI
293339,sous_position,"Heterocyclic compounds; containing an unfused pyridine ring (whether or not hydrogenated) in the structure, n.e.c. in 2933.3",,2933,VI
293341,sous_position,"Heterocyclic compounds; containing a quinoline or isoquinoline ring-system (whether or not hydrogenated) in the structure, not further fused, levorphanol (INN) and its salts",,2933,VI
293349,sous_position,"Heterocyclic compounds; containing a quinoline or isoquinoline ring-system (whether or not hydrogenated) in the structure, not further fused, other than levorphanol (INN) and its salts",,2933,VI
293352,sous_position,"Heterocyclic compounds; containing a pyrimidine ring (whether or not hydrogenated) or piperazine ring in the structure, malonylurea (barbituric acid) and its salts",,2933,VI
293353,sous_position,"Allobarbital (INN), amobarbital (INN), barbital (INN), butalbital (INN), butobarbital, cyclobarbital (INN), methylphenobarbital (INN), pentobarbital (INN), phenobarbital (INN), secbutabarbital (INN), secobarbital (INN) and vinylbital (INN); salts thereof",,2933,VI
293354,sous_position,"Heterocyclic compounds; containing a pyrimidine ring (whether or not hydrogenated) or piperazine ring in the structure, other derivatives of malonylurea (barbituric acid) and salts thereof, n.e.c. in 2933.53",,2933,VI
293355,sous_position,"Heterocyclic compounds; containing a pyrimidine ring (whether or not hydrogenated) or piperazine ring in the structure; loprazolam (INN), mecloqualone (INN), methaqualone (INN), and zipeprol (INN); salts thereof",,2933,VI
293359,sous_position,"Heterocyclic compounds; containing a pyrimidine ring (whether or not hydrogenated) or piperazine ring in the structure, (other than malonylurea and its derivatives, loprazolam, mecloqualone, methaqualone, zipeprol, and salts thereof) n.e.c. in 2933.5",,2933,VI
293361,sous_position,"Heterocyclic compounds; containing an unfused triazine ring (whether or not hydrogenated) in the structure, melamine",,2933,VI
293369,sous_position,"Heterocyclic compounds; containing an unfused triazine ring (whether or not hydrogenated) in the structure, others excluding melamine",,2933,VI
293371,sous_position,Heterocyclic compounds; lactams; 6-hexanelactam (epsilon-caprolactam),,2933,VI
293372,sous_position,Heterocyclic compounds; lactams; clobazam (INN) and methyprylon (INN),,2933,VI
293379,sous_position,Heterocyclic compounds; lactams; other than 6-hexanelactam (epsilon caprolactam) and clobazam (INN) and methyprylon (INN),,2933,VI
293391,sous_position,"Heterocyclic compounds; alprazolam (INN), camazepam (INN), chlordiazepoxide (INN), clonazepam (INN), clorazepate, delorazepam (INN), diazepam (INN), estazolam (INN), ethyl loflazepate (INN), fludiazepam (INN), flunitrazepam (INN), (cont)",,2933,VI
293392,sous_position,Heterocyclic compounds; azinphos-methyl (ISO),,2933,VI
293399,sous_position,Heterocyclic compounds; n.e.c. in headings no. 2933,,2933,VI
2934,position,"Nucleic acids and their salts, whether or not chemically defined; other heterocyclic compounds",,29,VI
293410,sous_position,Heterocyclic compounds; containing an unfused thiazole ring (whether or not hydrogenated) in the structure,,2934,VI
293420,sous_position,"Heterocyclic compounds; containing in the structure, a benzothiazole ring-system (whether or not hydrogenated), not further fused",,2934,VI
293430,sous_position,"Heterocyclic compounds; containing in the structure, a phenothiazine ring-system (whether or not hydrogenated), not further fused",,2934,VI
293491,sous_position,"Heterocyclic compounds; other heterocyclic compounds, n.e.c. in 2934.1, 2934.2 and 2934.3",,2934,VI
293492,sous_position,"Heterocyclic compounds; other fentanyls n.e.c. in 2934, and their derivatives",,2934,VI
293499,sous_position,"Nucleic acids and their salts, other heterocyclic compounds, n.e.c. in heading number 2934",,2934,VI
2935,position,Sulphonamides,,29,VI
293510,sous_position,Sulphonamides; N-methylperfluorooctane sulphonamide,,2935,VI
293520,sous_position,Sulphonamides; N-ethylperfluorooctane sulphonamide,,2935,VI
293530,sous_position,Sulphonamides; N-ethyl-N-(2-hydroxyethyl) perfluorooctane sulphonamide,,2935,VI
293540,sous_position,Sulphonamides; N-(2-hydroxyethyl)-N-methylperfluorooctane sulphonamide,,2935,VI
293550,sous_position,Sulphonamides; other perfluorooctane sulphonamides,,2935,VI
293590,sous_position,Sulphonamides; n.e.c. in heading no. 2935,,2935,VI
2936,position,"Provitamins, vitamins; natural or reproduced by synthesis (including natural concentrates) derivatives thereof used as vitamins, and intermixtures of the fore-going, whether or not in any solvent",,29,VI
293621,sous_position,"Vitamins; vitamins A and their derivatives, unmixed",,2936,VI
293622,sous_position,"Vitamins; vitamin B1 and its derivatives, unmixed",,2936,VI
293623,sous_position,"Vitamins; vitamin B2 and its derivatives, unmixed",,2936,VI
293624,sous_position,"Vitamins; D- or DL-pantothenic acid (vitamin B5) and its derivatives, unmixed",,2936,VI
293625,sous_position,"Vitamins; vitamin B6 and its derivatives, unmixed",,2936,VI
293626,sous_position,"Vitamins; vitamin B12 and its derivatives, unmixed",,2936,VI
293627,sous_position,"Vitamins; vitamin C and its derivatives, unmixed",,2936,VI
293628,sous_position,"Vitamins; vitamin E and its derivatives, unmixed",,2936,VI
293629,sous_position,"Vitamins; n.e.c. in item no. 2936.2, and their derivatives, unmixed",,2936,VI
293690,sous_position,"Vitamins; n.e.c. in heading no. 2936, including natural concentrates",,2936,VI
2937,position,"Hormones, prostaglandins, thromboxanes and leukotrienes, natural or reproduced by synthesis; derivatives and structural analogues thereof, including chain modified polypeptides, used primarily as hormones.",,29,VI
293711,sous_position,"Polypeptide hormones, protein hormones and glycoprotein hormones, their derivatives and structural analogues; somatotropin, its derivatives and structural analogues",,2937,VI
293712,sous_position,"Polypeptide hormones, protein hormones and glycoprotein hormones, their derivatives and structural analogues; insulin and its salts",,2937,VI
293719,sous_position,"Polypeptide hormones, protein hormones and glycoprotein hormones, their derivatives and structural analogues; other than somatotropin, (its derivatives and structural anaologues) and insulin and its salts",,2937,VI
293721,sous_position,"Steroidal hormones, their derivatives and structural analogues; cortisone, hydrocortisone, prednisone (dehydrocortisone) and prednisolone (dehydrohydrocortisone)",,2937,VI
293722,sous_position,"Steroidal hormones, their derivatives and structural analogues; halogenated derivatives of corticosteroidal hormones",,2937,VI
293723,sous_position,"Steroidal hormones, their derivatives and structural analogues; oestrogens and progestogens",,2937,VI
293729,sous_position,"Steroidal hormones, their derivatives and structural analogues; other than cortisone, hydrocortisone, prednisone (dehydrocortisone), prednisolone (dehydrohydrocortisone), halogenated derivatives of corticosteroidal hormones, oestrogen and progestogens",,2937,VI
293750,sous_position,"Prostaglandins, thromboxanes and leukotrienes, their derivatives and structural analogues",,2937,VI
293790,sous_position,"Hormones, prostaglandins, thromboxanes and leukotrienes, natural or reproduced by synthesis; derivatives and structural analogues thereof, including chain modified polypeptides, used primarily as hormones, n.e.c. in heading 2937",,2937,VI
2938,position,"Glycosides, natural or reproduced by synthesis, and their salts, ethers, esters and other derivatives",,29,VI
293810,sous_position,Glycosides; rutoside (rutin) and its derivatives,,2938,VI
293890,sous_position,"Glycosides; natural or reproduced by synthesis, other than rutoside (rutin) and its derivatives",,2938,VI
2939,position,"Alkaloids; natural or reproduced by synthesis, and their salts, ethers, esters and other derivatives",,29,VI
293911,sous_position,Alkaloids; of opium and their derivatives; salts thereof,,2939,VI
293919,sous_position,"Alkaloids; of opium and their derivatives; other than in 2939.11, salts thereof",,2939,VI
293920,sous_position,Alkaloids; of cinchona and their derivatives; salts thereof,,2939,VI
293930,sous_position,Alkaloids; caffeine and its salts,,2939,VI
293941,sous_position,Alkaloids; of ephedrine and their derivatives; salts thereof,,2939,VI
293942,sous_position,Alkaloids; of ephedrine and their derivatives; pseudoephedrine (INN) and its salts,,2939,VI
293943,sous_position,Alkaloids; of ephedrine and their derivatives; cathine (INN) and its salts,,2939,VI
293944,sous_position,Alkaloids; of ephedrine and their derivatives; norephedrine and its salts,,2939,VI
293945,sous_position,"Alkaloids; of ephedrine and their derivatives; levometamfetamine, metamfetamine (INN), metamefetamine racemate and their salts",,2939,VI
293949,sous_position,"Alkaloids; of ephedrine and their derivatives; other than ephedrine, pseudoephedrine (INN), norephedrine, cathine (INN), levometamfetamine, metamfetamine (INN), metamefetamine racemate and their salts",,2939,VI
293951,sous_position,"Alkaloids; theophylline and aminophylline (theophylline-ethylenediamine) and their derivatives; salts thereof, fenetylline (INN) and its salts",,2939,VI
293959,sous_position,"Alkaloids; theophylline and aminophylline (theophylline-ethylenediamine) and their derivatives; salts thereof, other than fenetylline",,2939,VI
293961,sous_position,"Alkaloids; of rye ergot and their derivatives, ergometrine (INN) and its salts",,2939,VI
293962,sous_position,"Alkaloids; of rye ergot and their derivatives, ergotamine (INN) and its salts",,2939,VI
293963,sous_position,"Alkaloids; of rye ergot and their derivatives, lysergic acid and its salts",,2939,VI
293969,sous_position,"Alkaloids; of rye ergot and their derivatives, salts thereof, n.e.c. in item no. 2939.6",,2939,VI
293972,sous_position,"Alkaloids; of vegetal origin, cocaine, ecgonine; salts, esters and other derivatives thereof",,2939,VI
293979,sous_position,"Alkaloids; of vegetal origin, other than cocaine, ecgonine; salts, esters and other derivatives; n.e.c. in heading no. 2939",,2939,VI
293980,sous_position,"Alkaloids; natural or reproduced by synthesis, and their salts, esters and other derivatives n.e.c. in heading no. 2939",,2939,VI
2940,position,"Sugars, chemically pure, other than sucrose, lactose, maltose, glucose and fructose; sugar ethers, sugar acetals and sugar esters, and their salts, other than the products of heading 29.37, 29.38, or 29.39",,29,VI
294000,sous_position,"Sugars, chemically pure, other than sucrose, lactose, maltose, glucose and fructose; sugar ethers, sugar acetals and sugar esters, and their salts, other than the products of heading 29.37, 29.38, or 29.39",,2940,VI
2941,position,Antibiotics,,29,VI
294110,sous_position,Antibiotics; penicillins and their derivatives with a penicillanic acid structure; salts thereof,,2941,VI
294120,sous_position,Antibiotics; streptomycins and their derivatives; salts thereof,,2941,VI
294130,sous_position,Antibiotics; tetracyclines and their derivatives; salts thereof,,2941,VI
294140,sous_position,Antibiotics; chloramphenicol and its derivatives; salts thereof,,2941,VI
294150,sous_position,Antibiotics; erythromycin and its derivatives; salts thereof,,2941,VI
294190,sous_position,Antibiotics; n.e.c. in heading no. 2941,,2941,VI
2942,position,Organic compounds; n.e.c. in chapter 29,,29,VI
294200,sous_position,Organic compounds; n.e.c. in chapter 29,,2942,VI
30,chapitre,Pharmaceutical products,,TOTAL,VI
3001,position,"Glands and other organs (extracts, secretions thereof) for organo-therapeutic uses, dried, powdered or not; heparin and its salts; other human or animal substances for therapeutic or prophylactic uses n.e.c.",,30,VI
300120,sous_position,"Glands and other organs; extracts of glands or other organs or of their secretions, for organo-therapeutic uses",,3001,VI
300190,sous_position,"Glands and other organs; heparin and its salts; other human or animal substances prepared for therapeutic or prophylactic uses, n.e.c. in heading 3001",,3001,VI
3002,position,"Human blood; animal blood for therapeutic, prophylactic or diagnostic uses; antisera, other blood fractions, immunological products, modified or obtained by biotechnological processes; vaccines, toxins, cultures of micro-organisms (excluding yeasts) etc",,30,VI
300212,sous_position,"Blood, human or animal, antisera, other blood fractions and immunological products; antisera and other blood fractions",,3002,VI
300213,sous_position,"Blood, human or animal, antisera, other blood fractions and immunological products; immunological products, unmixed, not put up in measured doses or in forms or packings for retail sale",,3002,VI
300214,sous_position,"Blood, human or animal, antisera, other blood fractions and immunological products; immunological products, mixed, put up in measured doses or in forms or packings for retail sale",,3002,VI
300215,sous_position,"Blood, human or animal, antisera, other blood fractions and immunological products; immunological products, put up in measured doses or in forms or packings for retail sale",,3002,VI
300241,sous_position,"Vaccines, toxins, cultures of micro-organisms (excluding yeasts) and similar products; for human medicine",,3002,VI
300242,sous_position,"Vaccines, toxins, cultures of micro-organisms (excluding yeasts) and similar products; for veterinary medicine",,3002,VI
300249,sous_position,"Toxins, cultures of micro-organisms (excluding yeasts) and similar products; n.e.c. in item 3002.3",,3002,VI
300251,sous_position,"Cell cultures, whether or not modified; cell therapy products",,3002,VI
300259,sous_position,"Cell cultures, whether or not modified; other cell cultures not including cell therapy products",,3002,VI
300290,sous_position,"Toxins, cultures of micro-organisms (excluding yeasts) and similar products",,3002,VI
3003,position,"Medicaments; (not goods of heading no. 3002, 3005 or 3006) of two or more constituents mixed together for therapeutic or prophylactic use not in measured doses or in forms or packings for retail sale",,30,VI
300310,sous_position,"Medicaments; containing penicillins, streptomycins or their derivatives, for therapeutic or prophylactic uses, (not in measured doses, not packaged for retail sale)",,3003,VI
300320,sous_position,"Medicaments; containing antibiotics other than penicillins, streptomycins and their derivatives, for therapeutic or prophylactic uses, (not in measured doses, not packaged for retail sale)",,3003,VI
300331,sous_position,"Medicaments; containing insulin, for therapeutic or prophylactic uses, not packaged for retail sale",,3003,VI
300339,sous_position,"Medicaments; containing hormones (excluding insulin), (but not containing antibiotics), for therapeutic or prophylactic uses, not packaged for retail sale",,3003,VI
300341,sous_position,"Medicaments; containing alkaloids or their derivatives, containing ephedrine or its salts, for therapeutic or prophylactic uses, (not packaged for retail sale)",,3003,VI
300342,sous_position,"Medicaments; containing alkaloids or their derivatives, containing pseudoephedrine (INN) or its salts, for therapeutic or prophylactic uses, (not packaged for retail sale)",,3003,VI
300343,sous_position,"Medicaments; containing alkaloids or their derivatives, containing norephedrine or its salts, for therapeutic or prophylactic uses, (not packaged for retail sale)",,3003,VI
300349,sous_position,"Medicaments; containing alkaloids or their derivatives; other than ephedrine, pseudoephedrine (INN) or norephedrine or their salts; for therapeutic or prophylactic uses, (not packaged for retail sale)",,3003,VI
300360,sous_position,"Medicaments; containing antimalarial active principles described in subheading note 2 to this chapter, for therapeutic or prophylactic uses, (not packaged for retail sale)",,3003,VI
300390,sous_position,"Medicaments; (not containing antibiotics, hormones, alkaloids or their derivatives), for therapeutic or prophylactic uses, (not packaged for retail sale)",,3003,VI
3004,position,"Medicaments; (not goods of heading no. 3002, 3005 or 3006) consisting of mixed or unmixed products for therapeutic or prophylactic use, put up in measured doses (incl. those in the form of transdermal admin. systems) or packed for retail sale",,30,VI
300410,sous_position,"Medicaments; containing penicillins, streptomycins or their derivatives, for therapeutic or prophylactic uses, packaged for retail sale",,3004,VI
300420,sous_position,"Medicaments; containing antibiotics (other than penicillins, streptomycins or their derivatives), for therapeutic or prophylactic uses, packaged for retail sale",,3004,VI
300431,sous_position,"Medicaments; containing insulin, for therapeutic or prophylactic uses, packaged for retail sale",,3004,VI
300432,sous_position,"Medicaments; containing corticosteroid hormones, their derivatives or structural analogues (but not containing antibiotics), for therapeutic or prophylactic uses, packaged for retail sale",,3004,VI
300439,sous_position,"Medicaments; containing hormones (but not insulin), adrenal cortex hormones or antibiotics, for therapeutic or prophylactic uses, packaged for retail sale",,3004,VI
300441,sous_position,"Medicaments; containing alkaloids or their derivatives, containing ephedrine or its salts, for therapeutic or prophylactic uses, packaged for retail sale",,3004,VI
300442,sous_position,"Medicaments; containing alkaloids or their derivatives, containing pseudoephedrine (INN) or its salts, for therapeutic or prophylactic uses, packaged for retail sale",,3004,VI
300443,sous_position,"Medicaments; containing alkaloids or their derivatives, containing norephedrine or its salts, for therapeutic or prophylactic uses, packaged for retail sale",,3004,VI
300449,sous_position,"Medicaments; containing alkaloids or their derivatives; other than ephedrine, pseudoephedrine (INN) or norephedrine or their salts; for therapeutic or prophylactic uses, packaged for retail sale",,3004,VI
300450,sous_position,"Medicaments; containing vitamins or their derivatives, for therapeutic or prophylactic use, packaged for retail sale",,3004,VI
300460,sous_position,"Medicaments; containing antimalarial active principles described in Subheading Note 2 to this Chapter, for therapeutic or prophylactic uses, packaged for retail sale",,3004,VI
300490,sous_position,"Medicaments; consisting of mixed or unmixed products n.e.c. in heading no. 3004, for therapeutic or prophylactic uses, packaged for retail sale",,3004,VI
3005,position,"Wadding, gauze, bandages (dressings, adhesive plasters, poultices), impregnated or coated with pharmaceutical substances or in forms or packings for retail sale, for medical, surgical or veterinary use",,30,VI
300510,sous_position,"Dressings, adhesive; and other articles having an adhesive layer, packed for retail sale for medical, surgical, dental or veterinary purposes",,3005,VI
300590,sous_position,"Wadding, gauze, bandages and similar articles; (excluding adhesive dressings), impregnated or coated with pharmaceutical substances, packaged for retail sale",,3005,VI
3006,position,Pharmaceutical goods,,30,VI
300610,sous_position,"Pharmaceutical goods; sterile surgical catgut, suture materials, tissue adhesives, laminaria, laminaria tents, absorbable surgical or dental haemostatics, and surgical or dental adhesion barriers",,3006,VI
300630,sous_position,"Pharmaceutical goods; opacifying preparations for x-ray examinations, diagnostic reagents designed to be administered to the patient",,3006,VI
300640,sous_position,"Pharmaceutical goods; dental cements and other dental fillings, bone reconstruction cements",,3006,VI
300650,sous_position,Pharmaceutical goods; first aid boxes and kits,,3006,VI
300660,sous_position,"Pharmaceutical goods; chemical contraceptive preparations based on hormones, on other products of heading 2937 or on spermicides",,3006,VI
300670,sous_position,Pharmaceutical goods; Gel preparations designed to be used in human or veterinary medicine as a lubricant for parts of the body for surgical operations or physical examinations or as a coupling agent between the body and medical instruments,,3006,VI
300691,sous_position,Pharmaceutical goods; appliances identifiable for ostomy use,,3006,VI
300692,sous_position,Pharmaceutical goods; waste pharmaceuticals,,3006,VI
300693,sous_position,"Pharmaceutical goods; placebos and blinded (or double-blinded) clinical trial kits for a recognised clinical trial, put up in measured doses",,3006,VI
31,chapitre,Fertilizers,,TOTAL,VI
3101,position,"Fertilizers; animal or vegetable, whether or not mixed together or chemically treated; fertilizers produced by the mixing or chemical treatment of animal or vegetable products",,31,VI
310100,sous_position,"Fertilizers, animal or vegetable; whether or not mixed together or chemically treated; fertilizers, produced by the mixing or chemical treatment of animal or vegetable products",,3101,VI
3102,position,"Fertilizers; mineral or chemical, nitrogenous",,31,VI
310210,sous_position,"Fertilizers, mineral or chemical; nitrogenous, urea, whether or not in aqueous solution",,3102,VI
310221,sous_position,"Fertilizers, mineral or chemical; nitrogenous, ammonium sulphate",,3102,VI
310229,sous_position,"Fertilizers, mineral or chemical; nitrogenous, other than ammonium sulphate",,3102,VI
310230,sous_position,"Fertilizers, mineral or chemical; nitrogenous, ammonium nitrate, whether or not in aqueous solution",,3102,VI
310240,sous_position,"Fertilizers, mineral or chemical; ammonium nitrate with calcium carbonate or other inorganic non-fertilizing substances, mixtures thereof",,3102,VI
310250,sous_position,"Fertilizers, mineral or chemical; nitrogenous, sodium nitrate",,3102,VI
310260,sous_position,"Fertilizers, mineral or chemical; nitrogenous, double salts and mixtures of calcium nitrate and ammonium nitrate",,3102,VI
310280,sous_position,"Fertilizers, mineral or chemical; nitrogenous, mixtures of urea and ammonium nitrate in aqueous or ammoniacal solution",,3102,VI
310290,sous_position,"Fertilizers, mineral or chemical; nitrogenous, other kinds including mixtures not specified in the foregoing subheadings",,3102,VI
3103,position,"Fertilizers; mineral or chemical, phosphatic",,31,VI
310311,sous_position,"Fertilizers, mineral or chemical; phosphatic, superphosphates, containing by weight 35% or more of diphosphorus pentaoxide (P2O5)",,3103,VI
310319,sous_position,"Fertilizers, mineral or chemical; phosphatic, superphosphates, other than containing by weight 35% or more of diphosphorus pentaoxide (P2O5)",,3103,VI
310390,sous_position,"Fertilizers, mineral or chemical; phosphatic, n.e.c. in heading no. 3103",,3103,VI
3104,position,"Fertilizers; mineral or chemical, potassic",,31,VI
310420,sous_position,"Fertilizers, mineral or chemical; potassic, potassium chloride",,3104,VI
310430,sous_position,"Fertilizers, mineral or chemical; potassic, potassium sulphate",,3104,VI
310490,sous_position,"Fertilizers, mineral or chemical; potassic, n.e.c. in heading no. 3104",,3104,VI
3105,position,"Fertilizers; mineral or chemical, containing 2 or 3 of the elements nitrogen, phosphorus, potassium; other fertilisers; goods of chapter 31 in tablets or packages of gross weight not exceeding 10kg",,31,VI
310510,sous_position,"Fertilizers, mineral or chemical; in tablets or similar forms or in packages of a gross weight not exceeding 10kg",,3105,VI
310520,sous_position,"Fertilizers, mineral or chemical; containing the three fertilizing elements nitrogen, phosphorus and potassium",,3105,VI
310530,sous_position,"Fertilizers, mineral or chemical; diammonium hydrogenorthophosphate (diammonium phosphate)",,3105,VI
310540,sous_position,"Fertilizers, mineral or chemical; ammonium dihydrogenorthophosphate (monoammonium phosphate) and mixtures thereof with diammonium hydrogenorthophosphate (diammonium phosphate)",,3105,VI
310551,sous_position,"Fertilizers, mineral or chemical; containing nitrates and phosphates",,3105,VI
310559,sous_position,"Fertilizers, mineral or chemical; containing the two fertilizing elements nitrogen and phosphorus, other than nitrates and phosphates",,3105,VI
310560,sous_position,"Fertilizers, mineral or chemical; containing the two fertilizing elements phosphorus and potassium",,3105,VI
310590,sous_position,"Fertilizers, mineral or chemical; n.e.c. in heading no. 3105",,3105,VI
32,chapitre,"Tanning or dyeing extracts; tannins and their derivatives; dyes, pigments and other colouring matter; paints, varnishes; putty, other mastics; inks",,TOTAL,VI
3201,position,"Tanning extracts of vegetable origin; tannins and their salts, ethers, esters and other derivatives",,32,VI
320110,sous_position,Tanning extracts of vegetable origin; quebracho extract,,3201,VI
320120,sous_position,Tanning extracts of vegetable origin; wattle extract,,3201,VI
320190,sous_position,"Tanning extracts of vegetable origin; tannins and their salts, ethers, esters and other derivatives, (excluding quebracho or wattle extract)",,3201,VI
3202,position,"Tanning substances; synthetic organic or inorganic tanning substances; tanning preparations, whether or not containing natural tanning substances, enzymatic preparations for pre-tanning",,32,VI
320210,sous_position,Tanning substances; synthetic organic tanning substances,,3202,VI
320290,sous_position,"Tanning substances; inorganic tanning substances; tanning preparations, whether or not containing natural tanning substances; enzymatic preparations for pre- tanning",,3202,VI
3203,position,"Colouring matter of vegetable or animal origin (including dyeing extracts, not animal black); whether or not chemically defined; preparations based on colouring matter of vegetable or animal origin",,32,VI
320300,sous_position,"Colouring matter of vegetable or animal origin, including dyeing extracts not animal black, whether or not chemically defined; preparations based on colouring matter of vegetable or animal origin",,3203,VI
3204,position,Synthetic organic colouring matter and preparations based thereon; synthetic organic products used as fluorescent brightening agents or as luminophores; whether or not chemically defined,,32,VI
320411,sous_position,Dyes; disperse dyes and preparations based thereon,,3204,VI
320412,sous_position,"Dyes; acid, whether or not premetallised and preparations based thereon, mordant dyes and preparations based thereon",,3204,VI
320413,sous_position,Dyes; basic dyes and preparations based thereon,,3204,VI
320414,sous_position,Dyes; direct dyes and preparations based thereon,,3204,VI
320415,sous_position,Dyes; vat dyes (including those usable in that state as pigments) and preparations based thereon,,3204,VI
320416,sous_position,Dyes; reactive dyes and preparations based thereon,,3204,VI
320417,sous_position,Dyes; pigments and preparations based thereon,,3204,VI
320418,sous_position,Dyes; carotenoid colouring matters and preparations based thereon,,3204,VI
320419,sous_position,"Dyes; n.e.c., including mixtures of colouring matter of two or more of those from item no. 3204.11 to 3204.19",,3204,VI
320420,sous_position,Dyes; synthetic organic products of a kind used as fluorescent brightening agents,,3204,VI
320490,sous_position,"Dyes; synthetic organic products n.e.c. in heading no. 3204 (e.g. of a kind used as luminophores), whether or not chemically defined",,3204,VI
3205,position,Colour lakes; preparations based on colour lakes as specified in note 3 to this chapter,,32,VI
320500,sous_position,Colour lakes; preparations based on colour lakes as specified in note 3 to this chapter,,3205,VI
3206,position,"Colouring matter and preparations thereof n.e.c. in heading no. 3203, 3204, 3205; inorganic products, kind used as luminophores whether or not chemically defined",,32,VI
320611,sous_position,"Colouring matter; pigments and preparations based on titanium dioxide, containing 80% or more by weight of titanium dioxide calculated on the dry matter",,3206,VI
320619,sous_position,"Colouring matter; pigments and preparations based on titanium dioxide, containing less than 80% by weight of titanium dioxide calculated on the dry weight",,3206,VI
320620,sous_position,Colouring matter; pigments and preparations based on chromium compounds,,3206,VI
320641,sous_position,Colouring matter; ultramarine and preparations based thereon,,3206,VI
320642,sous_position,Colouring matter; lithopone and other pigments and preparations based on zinc sulphide,,3206,VI
320649,sous_position,Colouring matter; other preparations n.e.c. in item no. 3206.4,,3206,VI
320650,sous_position,Colouring matter; inorganic products of a kind used as luminophores,,3206,VI
3207,position,"Pigments, prepared; opacifiers, colours, vitrifiable enamels, glazes, engobes (slips), liquid lustres etc as used in the ceramic enamelling or glass industry; glass frit and powder, granules or flakes",,32,VI
320710,sous_position,"Pigments; prepared pigments, opacifiers, colours and similar preparations",,3207,VI
320720,sous_position,"Enamels and glazes; vitrifiable enamels and glazes, engobes (slips) and similar preparations",,3207,VI
320730,sous_position,Lustres; liquid lustres and similar preparations,,3207,VI
320740,sous_position,"Glass; glass frit and other glass, in the form of powder, granules or flakes",,3207,VI
3208,position,"Paints, varnishes; (enamels and lacquers) based on synthetic polymers or chemically modified natural polymers, dispersed or dissolved in a non-aqueous medium",,32,VI
320810,sous_position,"Paints and varnishes; based on polyesters, dispersed or dissolved in a non-aqueous medium",,3208,VI
320820,sous_position,"Paints and varnishes; based on acrylic or vinyl polymers, dispersed or dissolved in a non-aqueous medium",,3208,VI
320890,sous_position,"Paints and varnishes; based on polymers n.e.c. in heading no. 3208, dispersed or dissolved in a non-aqueous medium",,3208,VI
3209,position,"Paints and varnishes (including enamels and lacquers) based on synthetic or chemically modified natural polymers, dispersed or dissolved in an aqueous medium",,32,VI
320910,sous_position,"Paints and varnishes; based on acrylic or vinyl polymers, dispersed or dissolved in an aqueous medium",,3209,VI
320990,sous_position,"Paints and varnishes; (based on polymers other than acrylic or vinyl), dispersed or dissolved in an aqueous medium",,3209,VI
3210,position,"Paints and varnishes (including enamels, lacquers and distempers), excluding those of heading no. 3209, prepared water pigments of a kind used for finishing leather",,32,VI
321000,sous_position,"Paints and varnishes; (including enamels, lacquers and distempers), prepared water pigments of a kind used for finishing leather",,3210,VI
3211,position,Driers; prepared,,32,VI
321100,sous_position,Driers; prepared,,3211,VI
3212,position,"Pigments (metallic powders and flakes) dispersed in non-aqueous media in liquid or paste form, as used in manufacture of paints (including enamels); stamping foils, dyes etc in forms, packing for retail sale",,32,VI
321210,sous_position,"Pigments; of a kind used in the manufacture of paints, stamping foils",,3212,VI
321290,sous_position,"Pigments; of a kind used in the manufacture of paints, other than stamping foils",,3212,VI
3213,position,"Colours; artists, students, or signboard painters, modifying tints, amusement colours and the like; in tablets, tubes, jars, bottles, pan or in similar forms or packings",,32,VI
321310,sous_position,"Colours; in sets, of a kind used by artists, students or signboard painters",,3213,VI
321390,sous_position,"Colours; (other than in sets), of a kind used by artists, students or signboard painters",,3213,VI
3214,position,"Glaziers' putty, grafting putty, resin cements, caulking compounds and other mastics; painters' fillings; non-refractory surfacing preparations for facades, indoor walls, floors, ceilings or the like",,32,VI
321410,sous_position,Mastics; painters' fillings,,3214,VI
321490,sous_position,Mastics; n.e.c. in heading no. 3214,,3214,VI
3215,position,"Ink; printing, writing or drawing ink and other inks; whether or not concentrated or solid",,32,VI
321511,sous_position,"Ink; for printing, black, whether or not concentrated or solid",,3215,VI
321519,sous_position,"Ink; for printing, other than black, whether or not concentrated or solid",,3215,VI
321590,sous_position,"Ink; writing, drawing and other inks, n.e.c. in heading no. 3215, whether or not concentrated or solid",,3215,VI
33,chapitre,"Essential oils and resinoids; perfumery, cosmetic or toilet preparations",,TOTAL,VI
3301,position,"Oils; essential (concretes, absolutes); concentrates thereof in fats, fixed oils, waxes or the like (obtained by enfleurage or maceration); aqueous distillates, solutions and terpenic by-products thereof; resinoids; extracted oleoresins",,33,VI
330112,sous_position,"Oils, essential; of orange (terpeneless or not), including concretes and absolutes",,3301,VI
330113,sous_position,"Oils, essential; of lemon (terpeneless or not), including concretes and absolutes",,3301,VI
330119,sous_position,"Oils, essential; of citrus fruits n.e.c. in heading no. 3301 (terpeneless or not), including concretes and absolutes",,3301,VI
330124,sous_position,"Oils, essential; of peppermint (Mentha piperita), terpeneless or not, including concretes and absolutes",,3301,VI
330125,sous_position,"Oils, essential; of mints (excluding peppermint), terpeneless or not, including concretes and absolutes",,3301,VI
330129,sous_position,"Oils, essential; n.e.c. in heading no. 3301 (terpeneless or not), including concretes and absolutes",,3301,VI
330130,sous_position,Resinoids,,3301,VI
330190,sous_position,"Oils, essential; concentrates in fats, fixed oils, waxes and the like, terpenic by-products, aqueous distillates and solutions, extracted oleoresins, n.e.c. in heading no. 3301",,3301,VI
3302,position,"Odoriferous substances and mixtures (including alcoholic solutions) with a basis of one or more of these substances, of a kind used as raw materials in industry; other preparations based on odoriferous substances, of a kind used for beverage manufacture",,33,VI
330210,sous_position,Odoriferous substances and mixtures; of a kind used in the food or drink industries,,3302,VI
330290,sous_position,Odoriferous substances and mixtures; used as raw materials in industries other than the food or drink industries,,3302,VI
3303,position,Perfumes and toilet waters,,33,VI
330300,sous_position,Perfumes and toilet waters,,3303,VI
3304,position,"Cosmetic and toilet preparations; beauty, make-up and skin care preparations (excluding medicaments, including sunscreen or sun tan preparations), manicure or pedicure preparations",,33,VI
330410,sous_position,Cosmetic and toilet preparations; lip make-up,,3304,VI
330420,sous_position,Cosmetic and toilet preparations; eye make-up,,3304,VI
330430,sous_position,Cosmetic and toilet preparations; manicure or pedicure preparations,,3304,VI
330491,sous_position,"Cosmetic and toilet preparations; powders, whether or not compressed (excluding lip, eye, manicure or pedicure preparations)",,3304,VI
330499,sous_position,"Cosmetic and toilet preparations; n.e.c. in heading no. 3304, for the care of the skin (excluding medicaments, including sunscreen or sun tan preparations)",,3304,VI
3305,position,Hair preparations; for use on the hair,,33,VI
330510,sous_position,Hair preparations; shampoos,,3305,VI
330520,sous_position,Hair preparations; for permanent waving or straightening,,3305,VI
330530,sous_position,Hair preparations; lacquers,,3305,VI
330590,sous_position,Hair preparations; n.e.c. in heading no. 3305,,3305,VI
3306,position,"Oral or dental hygiene preparations; including fixative pastes and powders; yarn used to clean between the teeth (dental floss), in individual retail packages",,33,VI
330610,sous_position,Oral or dental hygiene preparations; dentifrices,,3306,VI
330620,sous_position,Oral or dental hygiene preparations; yarn used to clean between the teeth (dental floss),,3306,VI
330690,sous_position,Oral or dental hygiene preparations; other than dentifrices,,3306,VI
3307,position,"Perfumery, cosmetic or toilet preparations; pre-shave, shaving, after-shave, bath preparations; personal deodorants and depilatories; room deodorisers, perfumed or not with disinfectant properties or not",,33,VI
330710,sous_position,"Perfumery, cosmetic or toilet preparations; pre-shave, shaving or after-shave preparations",,3307,VI
330720,sous_position,"Perfumery, cosmetic or toilet preparations; personal deodorants and antiperspirants",,3307,VI
330730,sous_position,"Perfumery, cosmetic or toilet preparations; perfumed bath salts and other bath preparations",,3307,VI
330741,sous_position,"Perfumes and deodorizers; perfuming or deodorizing preparations for rooms, agarbatti and other odoriferous preparations which operate by burning (including those used during religious rites)",,3307,VI
330749,sous_position,"Perfumes and deodorizers; perfuming or deodorizing preparations for rooms, (excluding those which operate by burning)",,3307,VI
330790,sous_position,Perfumes and deodorizers; perfuming or deodorizing preparations n.e.c. in heading no. 3307,,3307,VI
34,chapitre,"Soap, organic surface-active agents; washing, lubricating, polishing or scouring preparations; artificial or prepared waxes, candles and similar articles, modelling pastes, dental waxes and dental preparations with a basis of plaster",,TOTAL,VI
3401,position,"Soap; organic surface-active preparations used as soap, skin washing, in bars, cakes, moulded pieces, shapes, liquid or cream, containing soap or not; for retail, paper, wadding, felt and nonwovens, impregnated, coated or covered with soap or detergent",,34,VI
340111,sous_position,"Soap and organic surface-active products; in the form of bars, cakes, moulded shapes, and paper, wadding, felt and nonwovens, impregnated, coated or covered with soap or detergent, for toilet use (including medicated products)",,3401,VI
340119,sous_position,"Soap and organic surface-active products; in the form of bars, cakes, moulded shapes, and paper, wadding, felt and nonwovens, impregnated, coated or covered with soap or detergent, not for toilet use",,3401,VI
340120,sous_position,Soap; in forms n.e.c. in item no. 3401.11,,3401,VI
340130,sous_position,"Organic surface-active products and preparations for washing the skin, in the form of liquid or cream and put up for retail sale, whether or not containing soap",,3401,VI
3402,position,"Organic surface-active agents (not soap); surface-active, washing (including auxiliary washing) and cleaning preparations, containing soap or not, excluding those of heading no. 3401",,34,VI
340231,sous_position,"Anionic organic surface-active agents (other than soap); linear alkylbenzene sulphonic acids and their salts, whether or not put up for retail sale",,3402,VI
340239,sous_position,"Anionic organic surface-active agents (other than soap); other than linear alkylbenzene sulphonic acids and their salts, whether or not put up for retail sale",,3402,VI
340241,sous_position,"Organic surface-active agents; cationic (other than soap), whether or not put up for retail sale",,3402,VI
340242,sous_position,"Organic surface-active agents; non-ionic (other than soap), whether or not put up for retail sale",,3402,VI
340249,sous_position,"Organic surface-active agents; whether or not put up for retail sale, n.e.c. in item no. 3402",,3402,VI
340250,sous_position,"Washing and cleaning preparations; powders, flakes and granules, surface-active, whether or not containing soap (excluding those of heading no. 3401), put up for retail sale",,3402,VI
340290,sous_position,"Washing and cleaning preparations; surface-active, whether or not containing soap (excluding those of heading no. 3401), including auxiliary washing preparations, not for retail sale",,3402,VI
3403,position,Lubricating preparations and those used in oil or grease treatment of textile and similar materials; excluding preparations containing 70% or more (by weight) of petroleum or bituminous mineral oils,,34,VI
340311,sous_position,"Lubricating preparations; for the treatment of textile and similar materials (leather, furskins etc), containing less than 70% (by weight) of petroleum oils or oils obtained from bituminous minerals",,3403,VI
340319,sous_position,"Lubricating preparations; (other than for the treatment of textile and similar materials), containing less than 70% (by weight) of petroleum oils or oils obtained from bituminous minerals",,3403,VI
340391,sous_position,"Lubricating preparations; for the treatment of textile and similar materials (leather, furskins etc), (not containing petroleum oils or oils obtained from bituminous minerals)",,3403,VI
340399,sous_position,"Lubricating preparations; other than for the treatment of textile and similar materials, not containing petroleum oils or oils obtained from bituminous minerals",,3403,VI
3404,position,"Waxes; artificial, prepared",,34,VI
340420,sous_position,"Waxes; artificial and prepared, of poly(oxyethylene) (polyethylene glycol)",,3404,VI
340490,sous_position,"Waxes; artificial and prepared, other than of polyethylene glycol",,3404,VI
3405,position,"Polishes, creams, scouring pastes, powders and similar; in any form, (including articles impregnated, coated or covered with such), for furniture, footwear, floors, coachwork, glass or metal",,34,VI
340510,sous_position,"Polishes, creams and similar preparations; for footwear or leather, excluding waxes of heading no. 3404",,3405,VI
340520,sous_position,"Polishes, creams and similar preparations; for the maintenance of wooden furniture, floors or other woodwork, excluding waxes of heading no. 3404",,3405,VI
340530,sous_position,"Polishes, creams and similar preparations; for coachwork, other than metal polishes, excluding waxes of heading no. 3404",,3405,VI
340540,sous_position,"Scouring pastes and powders and other scouring preparations; (whether or not in the form of paper, wadding, felt, nonwovens, cellular plastics, cellular rubber, impregnated, coated or covered)",,3405,VI
340590,sous_position,"Polishes, creams and similar preparations; n.e.c. in heading no. 3405, excluding waxes of heading no. 3404",,3405,VI
3406,position,"Candles, tapers and the like",,34,VI
340600,sous_position,"Candles, tapers and the like",,3406,VI
3407,position,"Modelling pastes, including those for children; dental wax, impression compounds, in sets or packings for retail sale or in plates and similar forms; dentistry preparations with plaster base",,34,VI
340700,sous_position,"Modelling pastes; preparations known as dental wax, put up in sets, in packings for retail sale or in plates, horseshoe shapes, sticks or similar forms, other preparations for use in dentistry",,3407,VI
35,chapitre,Albuminoidal substances; modified starches; glues; enzymes,,TOTAL,VI
3501,position,"Casein, caseinates and other casein derivatives; casein glues",,35,VI
350110,sous_position,Casein,,3501,VI
350190,sous_position,Caseinates and other casein derivatives; casein glues,,3501,VI
3502,position,"Albumins (including concentrates of two or more whey proteins, containing by weight more than 80% whey proteins, calculated on the dry matter), albuminates and other albumin derivatives",,35,VI
350211,sous_position,"Albumins; egg albumin, dried",,3502,VI
350219,sous_position,"Albumins; egg albumin, not dried",,3502,VI
350220,sous_position,"Albumins; milk albumin, including concentrates of two or more whey proteins",,3502,VI
350290,sous_position,"Albumins, albuminates and other albumin derivatives; other than egg or milk albumin, including concentrates of two or more whey proteins",,3502,VI
3503,position,"Gelatin (including gelatin in rectangular sheets, whether or not surface-worked or coloured) and gelatin derivatives; isinglass; other glues of animal origin, excluding casein glues of heading no. 3501",,35,VI
350300,sous_position,"Gelatin (including gelatin in rectangular sheets, whether or not surface-worked or coloured) and gelatin derivatives; isinglass; other glues of animal origin, excluding casein glues of heading no. 3501",,3503,VI
3504,position,"Peptones and their derivatives; other protein substances and their derivatives n.e.c. or included; hide powder, whether or not chromed",,35,VI
350400,sous_position,"Peptones and their derivatives; other protein substances and their derivatives n.e.c. or included, hide powder, whether or not chromed",,3504,VI
3505,position,Dextrins and other modified starches (e.g. pregelatinised or esterified starches); glues based on starches or on dextrins or other modified starches,,35,VI
350510,sous_position,Dextrins and other modified starches,,3505,VI
350520,sous_position,"Glues; based on starches, or on dextrins or other modified starches",,3505,VI
3506,position,"Prepared glues and other prepared adhesives, n.e.c. or included; products suitable for use as glues or adhesives, put up for retail sale as glues or adhesives, not exceeding 1kg net weight",,35,VI
350610,sous_position,"Glues or adhesives; prepared, products suitable for use as glues or adhesives, put up for retail sale as glues or adhesives, not exceeding a net weight of 1kg",,3506,VI
350691,sous_position,"Adhesives; prepared, based on polymers of heading 3901 to 3913 or on rubber",,3506,VI
350699,sous_position,"Glues and other adhesives; prepared, n.e.c. in heading no. 3506, not exceeding a net weight of 1kg",,3506,VI
3507,position,Enzymes; prepared enzymes not elsewhere specified or included,,35,VI
350710,sous_position,Enzymes; rennet and concentrates thereof,,3507,VI
350790,sous_position,Enzymes and prepared enzymes; other than rennet and concentrates thereof,,3507,VI
36,chapitre,Explosives; pyrotechnic products; matches; pyrophoric alloys; certain combustible preparations,,TOTAL,VI
3601,position,Explosives; propellent powders,,36,VI
360100,sous_position,Explosives; propellent powders,,3601,VI
3602,position,"Prepared explosives, other than propellent powders",,36,VI
360200,sous_position,"Explosives, prepared; other than propellent powders",,3602,VI
3603,position,Safety fuses; detonating cords; percussion or detonating caps; igniters; electric detonators,,36,VI
360310,sous_position,Safety fuses,,3603,VI
360320,sous_position,Detonating cords,,3603,VI
360330,sous_position,Percussion caps,,3603,VI
360340,sous_position,Detonating caps,,3603,VI
360350,sous_position,Igniters,,3603,VI
360360,sous_position,Electric detonators,,3603,VI
3604,position,"Fireworks, signalling flares, rain rockets, fog signals and other pyrotechnic articles",,36,VI
360410,sous_position,Pyrotechnic products; fireworks,,3604,VI
360490,sous_position,"Pyrotechnic products; signalling flares, rain rockets, fog signals and other pyrotechnic articles (excluding fireworks)",,3604,VI
3605,position,Matches; other than pyrotechnic articles of heading no. 3604,,36,VI
360500,sous_position,Matches; other than pyrotechnic articles of heading no. 3604,,3605,VI
3606,position,Ferro-cerium and other pyrophoric alloys in all forms; articles of combustible materials n.e.c. in chapter 36,,36,VI
360610,sous_position,"Fuels; liquid or liquefied-gas, in containers, of a kind used for filling or refilling cigarette or similar lighters and of a capacity not exceeding 300cm3",,3606,VI
360690,sous_position,Ferro-cerium and other pyrophoric alloys in all forms; articles of combustible materials n.e.c. in chapter 36,,3606,VI
37,chapitre,Photographic or cinematographic goods,,TOTAL,VI
3701,position,"Photographic plates and film in the flat, sensitised, unexposed, of any material other than paper, paperboard or textiles; instant print film in the flat, sensitised, unexposed, whether or not in packs",,37,VI
370110,sous_position,"Photographic plates and film; for x-ray, in the flat, sensitised, unexposed, of any material other than paper, paperboard or textiles",,3701,VI
370120,sous_position,"Photographic plates and film; instant print film, in the flat, sensitised, unexposed, whether or not in packs",,3701,VI
370130,sous_position,"Photographic plates and film; in the flat, sensitised, unexposed, with any side exceeding 225mm, of any materials other than paper, paperboard or textiles",,3701,VI
370191,sous_position,"Photographic plates and film; for colour photography (polychrome), in the flat, sensitised, unexposed, with no side exceeding 255mm, of any material other than paper, paperboard or textiles",,3701,VI
370199,sous_position,"Photographic plates and film; (for other than colour photography), in the flat, sensitised, unexposed, with no side exceeding 255mm, of any material other than paper, paperboard or textiles",,3701,VI
3702,position,"Photographic film in rolls, sensitised, unexposed, of any material other than paper, paperboard or textiles; instant print film in rolls, sensitised, unexposed",,37,VI
370210,sous_position,"Photographic film; for x-rays, in rolls, sensitised and unexposed (other than of paper, paperboard or textiles)",,3702,VI
370231,sous_position,"Photographic film; for colour photography (polychrome), in rolls, sensitised, unexposed, without sprocket holes, of a width not exceeding 105mm (other than of paper, paperboard or textiles)",,3702,VI
370232,sous_position,"Photographic film; in rolls, with silver halide emulsion, sensitised, unexposed, without sprocket holes, of a width not exceeding 105mm (other than of paper, paperboard or textiles)",,3702,VI
370239,sous_position,"Photographic film; in rolls, (other than with silver halide emulsion and for colour photography), sensitised, unexposed, without sprocket holes, of a width not exceeding 105mm (other than of paper, paperboard or textiles)",,3702,VI
370241,sous_position,"Photographic film; for colour photography (polychrome), in rolls, sensitised, unexposed, without sprocket holes, of a width exceeding 610mm and of a length exceeding 200m (other than of paper, paperboard or textiles)",,3702,VI
370242,sous_position,"Photographic film; in rolls, (other than for colour photography), sensitised, unexposed, without sprocket holes, of a width exceeding 610mm and of a length exceeding 200m (other than of paper, paperboard or textiles)",,3702,VI
370243,sous_position,"Photographic film; in rolls, sensitised, unexposed, without sprocket holes, of a width exceeding 610mm and of a length not exceeding 200m (other than of paper, paperboard or textiles)",,3702,VI
370244,sous_position,"Photographic film; in rolls, sensitised, unexposed, without sprocket holes, of a width exceeding 105mm but not exceeding 610mm (other than of paper, paperboard or textiles)",,3702,VI
370252,sous_position,"Photographic film; for colour photography (polychrome), in rolls, sensitised, unexposed, of a width not exceeding 16mm (other than of paper, paperboard or textiles)",,3702,VI
370253,sous_position,"Photographic film; for colour photography (polychrome) slides, in rolls, sensitised, unexposed, of a width exceeding 16mm but not exceeding 35mm and of a length not exceeding 30m (other than of paper, paperboard or textiles)",,3702,VI
370254,sous_position,"Photographic film; for colour photography (polychrome), in rolls, sensitised, unexposed, of a width exceeding 16mm but not 35mm and of a length not exceeding 30m, excluding film for slides (other than of paper, paperboard or textiles)",,3702,VI
370255,sous_position,"Photographic film; for colour photography (polychrome), in rolls, sensitised, unexposed, of a width exceeding 16mm but not 35mm and of a length exceeding 30m (other than of paper, paperboard or textiles)",,3702,VI
370256,sous_position,"Photographic film; for colour photography (polychrome), in rolls, sensitised, unexposed, of a width exceeding 35mm (other than of paper, paperboard or textiles)",,3702,VI
370296,sous_position,"Photographic film; other than for colour photography, in rolls, sensitised, unexposed, of a width not exceeding 35mm and of a length not exceeding 30m (other than of paper, paperboard or textiles)",,3702,VI
370297,sous_position,"Photographic film; other than for colour photography, in rolls, sensitised, unexposed, of a width not exceeding 35mm and of a length exceeding 30m (other than paper, paperboard or textiles)",,3702,VI
370298,sous_position,"Photographic film; other than for colour photography, in rolls, sensitised, unexposed, of a width exceeding 35mm (other than of paper, paperboard or textiles)",,3702,VI
3703,position,"Photographic paper, paperboard and textiles; sensitised, unexposed",,37,VI
370310,sous_position,"Photographic paper, paperboard and textiles; in rolls, sensitised, unexposed, of a width exceeding 610mm",,3703,VI
370320,sous_position,"Photographic paper, paperboard and textiles; for colour photography (polychrome), (other than in rolls of a width exceeding 610mm), sensitised, unexposed",,3703,VI
370390,sous_position,"Photographic paper, paperboard and textiles; (for other than colour photography, other than in rolls of a width exceeding 610mm), sensitised, unexposed",,3703,VI
3704,position,"Photographic plates, film, paper, paperboard and textiles, exposed but not developed",,37,VI
370400,sous_position,"Photographic plates, film, paper, paperboard and textiles; exposed but not developed",,3704,VI
3705,position,"Photographic plates and film; exposed and developed, other than cinematographic film",,37,VI
370500,sous_position,"Photographic plates and film; exposed and developed, other than cinematographic film",,3705,VI
3706,position,"Cinematographic film; exposed and developed, whether or not incorporating sound track or consisting only of sound track",,37,VI
370610,sous_position,"Cinematographic film; exposed and developed, whether or not incorporating sound track or consisting only of sound track, of a width of 35cm or more",,3706,VI
370690,sous_position,"Cinematographic film; exposed and developed, whether or not incorporating a sound track or consisting only of sound track, of a width less than 35mm",,3706,VI
3707,position,"Chemical preparations for photographic uses (other than varnishes, glues, adhesives and similar preparations); unmixed products for photographic uses, put up in measured portions or for retail sale",,37,VI
370710,sous_position,"Photographic goods; sensitised emulsions, put up in measured portions or put up for retail sale in a form ready for use",,3707,VI
370790,sous_position,"Photographic goods; chemical preparations other than sensitised emulsions, put up in measured portions or put up for retail sale in a form ready for use",,3707,VI
38,chapitre,Chemical products n.e.c.,,TOTAL,VI
3801,position,"Artificial graphite; colloidal or semi-colloidal graphite; preparations based on graphite or other carbon in the form of pastes, blocks, plates or other semi-manufactures",,38,VI
380110,sous_position,Graphite; artificial,,3801,VI
380120,sous_position,Graphite; colloidal or semi-colloidal,,3801,VI
380130,sous_position,Carbonaceous pastes; for electrodes and similar pastes for furnace linings,,3801,VI
380190,sous_position,"Graphite or other carbon based preparations; in the form of pastes, blocks, plates or other semi-manufactures",,3801,VI
3802,position,"Activated carbon; activated natural mineral products; animal black, including spent animal black",,38,VI
380210,sous_position,Carbon; activated,,3802,VI
380290,sous_position,"Chemical products; activated natural mineral products, animal black, including spent animal black",,3802,VI
3803,position,"Tall oil, whether or not refined",,38,VI
380300,sous_position,"Chemical products; tall oil, whether or not refined",,3803,VI
3804,position,"Residual lyes from the manufacture of wood pulp, whether or not concentrated, desugared or chemically treated, including lignin sulphonates, but excluding tall oil of heading no. 3803",,38,VI
380400,sous_position,"Lyes, residual; from the manufacture of wood pulp, whether or not concentrated, desugared or chemically treated, including lignin sulphonates but excluding tall oil of heading no. 3803",,3804,VI
3805,position,"Gum, wood or sulphate turpentine, other terpenic oils; crude dipentene; sulphite turpentine, other crude para-cymene; pine oil containing alpha-terpineol as the main constituent",,38,VI
380510,sous_position,"Terpenic oils; gum, wood or sulphate turpentine oils",,3805,VI
380590,sous_position,"Terpenic oils; produced by the treatment of coniferous woods, crude dipentene, sulphite turpentine and other crude para-cymene, n.e.c. in heading no. 3805",,3805,VI
3806,position,Rosin and resin acids and derivatives thereof; rosin spirit and rosin oils; run gums,,38,VI
380610,sous_position,Rosin and resin acids,,3806,VI
380620,sous_position,"Rosin and resin; salts of rosin, of resin acids or of derivatives of rosin or resin acids, other than salts of rosin adducts",,3806,VI
380630,sous_position,Ester gums,,3806,VI
380690,sous_position,"Rosin; spirit and oils, n.e.c. in heading no. 3806",,3806,VI
3807,position,"Wood tar; wood tar oils; wood creosote; wood naphtha; vegetable pitch; brewers' pitch and similar preparations based on rosin, resin acids or on vegetable pitch",,38,VI
380700,sous_position,"Wood tar; wood tar oils; wood creosote; wood naphtha; vegetable pitch; brewers' pitch and similar preparations based on rosin, resin acids or on vegetable pitch",,3807,VI
3808,position,"Insecticides, rodenticides, fungicides, herbicides, anti-sprouting products, plant growth regulators, disinfectants and the like, put up in forms or packings for retail sale or as preparations or articles",,38,VI
380852,sous_position,"Insecticides and the like; containing goods specified in Subheading Note 1 to this Chapter; for retail sale or as preparations or articles; DDT (ISO) (clofenotane (INN)), in packings of 300g or less",,3808,VI
380859,sous_position,"Insecticides, rodenticides, fungicides, disinfectants, herbicides and the like; containing goods specified in Subheading Note 1 to this Chapter; not DDT (ISO) (clofenotane (INN)), put up in forms or packings for retail sale or as preparations or articles",,3808,VI
380861,sous_position,Insecticides and the like; containing goods specified in Subheading Note 2 to this Chapter; in packings of a net weight content not exceeding 300g; for retail sale or as preparations or articles,,3808,VI
380862,sous_position,"Insecticides; containing goods specified in Subheading Note 2 to this Chapter; put up in forms or packings for retail sale or as preparations or articles, in packings of a net weight content exceeding 300g but not exceeding 7.5kg",,3808,VI
380869,sous_position,"Insecticides; containing goods named in Subheading Note 2 to this Chapter, put up in forms or packings for retail sale or as preparations or articles, in packings of a net weight content exceeding 7.5kg",,3808,VI
380891,sous_position,Insecticides; other than containing goods specified in Subheading Notes 1 & 2 to this Chapter; put up in forms or packings for retail sale or as preparations or articles,,3808,VI
380892,sous_position,Fungicides; other than containing goods specified in Subheading Note 1 to this Chapter; put up in forms or packings for retail sale or as preparations or articles,,3808,VI
380893,sous_position,"Herbicides, anti-sprouting products and plant-growth regulators; other than containing goods of Subheading Note 1 to this Chapter; put up in forms or packings for retail sale or as preparations or articles",,3808,VI
380894,sous_position,Disinfectants; other than containing goods specified in Subheading Note 1 in this Chapter; put up in forms or packings for retail sale or as preparations or articles,,3808,VI
380899,sous_position,"Rodenticides and other similar products n.e.c. in heading no. 3808.9; other than containing goods specified in Subheading Note 1 in this Chapter, put up in forms or packings for retail sale or as preparations or articles",,3808,VI
3809,position,"Finishing agents, dye carriers to accelerate the dyeing, fixing of dyestuffs, other products and preparations, of a kind used in the textile, paper, leather or like industries, n.e.c. or included",,38,VI
380910,sous_position,"Finishing agents and dye carriers; to accelerate dyeing or fixing of dye-stuffs, other products and preparations, used in textile, paper, leather etc industries, with basis of amylaceous substances, n.e.c.",,3809,VI
380991,sous_position,"Finishing agents and dye carriers; to accelerate dyeing or fixing of dye-stuffs, other products and preparations, used in the textile industry (excluding those with a basis of amylaceous substances)",,3809,VI
380992,sous_position,"Finishing agents and dye carriers; to accelerate dyeing or fixing of dye-stuffs, other products and preparations, used in the paper industry (excluding those with a basis of amylaceous substances)",,3809,VI
380993,sous_position,"Finishing agents and dye carriers; to accelerate dyeing or fixing of dye-stuffs, other products and preparations, used in the leather or like (excluding paper and textile) industries, (excluding those with a basis of amylaceous substances)",,3809,VI
3810,position,"Metal-pickling preparations; fluxes etc for soldering, brazing; welding powders, pastes of metal and other materials; preparations used as cores or coatings for welding electrodes or rods",,38,VI
381010,sous_position,"Pickling preparations for metal surfaces; soldering, brazing or welding powders and pastes consisting of metal and other materials",,3810,VI
381090,sous_position,"Fluxes and other auxiliary preparations; for soldering, brazing or welding, or preparations used as cores or coatings for welding electrodes or rods",,3810,VI
3811,position,"Anti-knock preparations, oxidation and gum inhibitors, viscosity improvers, anti-corrosive preparations and the like, for mineral oils (including gasoline) or other liquids used for the same purposes",,38,VI
381111,sous_position,Anti-knock preparations; based on lead compounds,,3811,VI
381119,sous_position,Anti-knock preparations; other than those based on lead compounds,,3811,VI
381121,sous_position,Lubricating oil additives; containing petroleum oils or oils obtained from bituminous minerals,,3811,VI
381129,sous_position,Lubricating oil additives; not containing petroleum oils or oils obtained from bituminous minerals,,3811,VI
381190,sous_position,"Oxidation and gum inhibitors, viscosity improvers, anti-corrosive preparations, other prepared additives for mineral oils or liquids used as mineral oils (including gasoline), n.e.c. in heading no. 3811",,3811,VI
3812,position,"Prepared rubber accelerators; compound plasticisers for rubber or plastics, n.e.c. or included; anti-oxidising preparations and other compound stabilisers for rubber or plastics",,38,VI
381210,sous_position,Rubber accelerators; prepared,,3812,VI
381220,sous_position,"Plasticisers, compound; for rubber or plastics",,3812,VI
381231,sous_position,"Anti-oxidising preparations and other compound stabilisers; for rubber or plastics, mixtures of oligomers of 2,2,4-trimethyl-1,2-dihydroquinoline (TMQ)",,3812,VI
381239,sous_position,"Anti-oxidising preparations and other compound stabilisers; for rubber or plastics, other than mixtures of oligomers of 2,2,4-trimethyl-1,2-dihydroquinoline (TMQ)",,3812,VI
3813,position,Preparations and charges for fire extinguishers; charged fire-extinguishing grenades,,38,VI
381300,sous_position,Fire-extinguishers; preparations and charges and charged fire-extinguishing grenades,,3813,VI
3814,position,"Organic composite solvents and thinners, not elsewhere specified or included; prepared paint or varnish removers",,38,VI
381400,sous_position,"Solvents and thinners; organic composite solvents and thinners, n.e.c. or included, prepared paint or varnish removers",,3814,VI
3815,position,"Reaction initiators, reaction accelerators and catalytic preparations n.e.c. or included",,38,VI
381511,sous_position,"Catalysts, supported; reaction initiators, reaction accelerators and catalytic preparations, with nickel or nickel compounds as the active substance, n.e.c. or included",,3815,VI
381512,sous_position,"Catalysts, supported; reaction initiators, reaction accelerators and catalytic preparations, with precious metal or precious metal compounds as the active substance, n.e.c. or included",,3815,VI
381519,sous_position,"Catalysts, supported; reaction initiators, reaction accelerators and catalytic preparations, with an active substance other than nickel or precious metals or their compounds, n.e.c. or included",,3815,VI
381590,sous_position,"Reaction initiators, reaction accelerators and catalytic preparations, unsupported, n.e.c. or included",,3815,VI
3816,position,"Refractory cements, mortars, concretes and similar compositions, including dolomite ramming mix, other than products of heading 38.01",,38,VI
381600,sous_position,"Refractory cements, mortars, concretes and similar compositions, including dolomite ramming mix, other than products of heading 38.01",,3816,VI
3817,position,"Mixed alkylbenzenes and mixed alkylnaphthalenes, other than those of heading no. 2707 or 2902",,38,VI
381700,sous_position,"Mixed alkylbenzenes and mixed alkylnaphthalenes, other than those of heading no. 2707 or 2902",,3817,VI
3818,position,"Chemical elements doped for use in electronics, in the form of discs, wafers or similar forms; chemical compounds doped for use in electronics",,38,VI
381800,sous_position,"Chemical elements; doped for use in electronics, in the form of discs, wafers or similar forms; chemical compounds doped for use in electronics",,3818,VI
3819,position,"Hydraulic brake fluids and other prepared liquids for hydraulic transmission, not containing or containing less than 70% by weight of petroleum oils or oils obtained from bituminous minerals",,38,VI
381900,sous_position,"Hydraulic fluids; for brakes and other prepared liquids for hydraulic transmission, not containing or containing less than 70% by weight of petroleum oils or oils obtained from bituminous minerals",,3819,VI
3820,position,Anti-freezing preparations and prepared de-icing fluids,,38,VI
382000,sous_position,Anti-freezing preparations and prepared de-icing fluids,,3820,VI
3821,position,"Prepared culture media for the development or maintenance of micro-organisms (including viruses and the like) or of plant, human or animal cells",,38,VI
382100,sous_position,"Prepared culture media for the development or maintenance of micro-organisms (including viruses and the like) or of plant, human or animal cells",,3821,VI
3822,position,"Reagents; diagnostic or laboratory reagents on a backing, prepared diagnostic or laboratory reagents whether or not on a backing, whether or not put up in the form of kits, other than those of heading 30.06; certified reference materials",,38,VI
382211,sous_position,"Reagents; diagnostic or laboratory reagents on a backing, prepared diagnostic or laboratory reagents whether or not on a backing, whether or not put up in the form of kits; for malaria",,3822,VI
382212,sous_position,"Reagents; diagnostic or laboratory reagents on a backing, prepared diagnostic or laboratory reagents whether or not on a backing, whether or not put up in the form of kits; for zika and other diseases transmitted by mosquitoes of the genus Aedes",,3822,VI
382213,sous_position,"Reagents; diagnostic or laboratory reagents on a backing, prepared diagnostic or laboratory reagents whether or not on a backing, whether or not put up in the form of kits; for blood grouping",,3822,VI
382219,sous_position,"Reagents; diagnostic or laboratory reagents on a backing, prepared diagnostic or laboratory reagents whether or not on a backing, whether or not put up in the form of kits; n.e.c.in item 3822.1",,3822,VI
382290,sous_position,"Reagents; diagnostic or laboratory reagents on a backing, prepared diagnostic or laboratory reagents whether or not on a backing, or put up in the form of kits, other than those of heading 30.06; certified reference materials, n.e.c. in heading 3822",,3822,VI
3823,position,Industrial monocarboxylic fatty acids; acid oils from refining; industrial fatty alcohols,,38,VI
382311,sous_position,"Industrial monocarboxylic fatty acids, acid oils from refining; stearic acid",,3823,VI
382312,sous_position,"Industrial monocarboxylic fatty acids, acid oils from refining; oleic acid",,3823,VI
382313,sous_position,"Industrial monocarboxylic fatty acids, acid oils from refining; tall oil fatty acids",,3823,VI
382319,sous_position,"Industrial monocarboxylic fatty acids; acid oils from refining; (other than stearic acid, oleic acid or tall oil fatty acids)",,3823,VI
382370,sous_position,Industrial fatty alcohols,,3823,VI
3824,position,"Prepared binders for foundry moulds or cores; chemical products and preparations of the chemical or allied industries (including those consisting of mixtures of natural products), not elsewhere specified or included",,38,VI
382410,sous_position,"Binders, prepared; for foundry moulds or cores",,3824,VI
382430,sous_position,"Metal carbides, non-agglomerated; mixed together or with metallic binders",,3824,VI
382440,sous_position,"Cements, mortars or concretes; their prepared additives",,3824,VI
382450,sous_position,Mortars and concretes; non-refractory,,3824,VI
382460,sous_position,Sorbitol; other than that of subheading no. 2905.44,,3824,VI
382481,sous_position,"Chemical products, mixtures and preparations; containing goods specified in Subheading Note 3 to this Chapter; containing oxirane (ethylene oxide)",,3824,VI
382482,sous_position,"Chemical products, mixtures and preparations; containing goods specified in Subheading Note 3 to this Chapter; containing polychlorinated biphenyls (PCBs), polychlorinated terphenyls (PCTs) or polybrominated biphenyls (PBBs)",,3824,VI
382483,sous_position,"Chemical products, mixtures and preparations; containing goods specified in Subheading Note 3 to this Chapter; containing tris(2,3-dibromopropyl) phosphate",,3824,VI
382484,sous_position,"Chemical products, mixtures and preparations; containing aldrin, camphechlor (toxaphene), chlordane, chlordecone, DDT (chlorfenotane, 1,1,1-trichloro-2,2-bis(p-chlorophenyl)ethane), dieldrin, endosulfan, endrin, heptachlor or mirex",,3824,VI
382485,sous_position,"Chemical products, mixtures and preparations; containing goods specified in Subheading Note 3 to this Chapter; containing 1,2,3,4,5,6-hexachlorocyclohexane (HCH (ISO)), including lindane (ISO, INN)",,3824,VI
382486,sous_position,"Chemical products, mixtures and preparations; containing goods specified in Subheading Note 3 to this Chapter; containing pentachlorobenzene (ISO) or hexachlorobenzene (ISO)",,3824,VI
382487,sous_position,"Chemical products, mixtures and preparations; containing goods specified in Subheading Note 3 to this Chapter; containing perfluorooctane sulphonic acid, its salts, perfluorooctane sulphonamides, or perfluorooctane sulphonyl fluoride",,3824,VI
382488,sous_position,"Chemical products, mixtures and preparations; containing goods specified in Subheading Note 3 to this Chapter; containing tetra-, penta-, hexa-, hepta- or octabromodiphenyl ethers",,3824,VI
382489,sous_position,"Chemical products, mixtures and preparations; containing goods specified in Subheading Note 3 to this Chapter; containing short-chain chlorinated paraffins",,3824,VI
382491,sous_position,"Chemical products, mixtures and preparations; consisting mainly of (5-ethyl-2-methyl-2-oxido-1,3,2-dioxaphosphinan-5-yl)methyl methyl methylphosphonate and bis[(5-ethyl-2-methyl-2-oxido-1,3,2-dioxaphosphinan-5-yl)methyl] methylphosphonate",,3824,VI
382492,sous_position,"Chemical products, mixtures and preparations; polyglycol esters of methylphosphonic acid",,3824,VI
382499,sous_position,"Chemical products, mixtures and preparations; n.e.c. heading 3824",,3824,VI
3825,position,"Residual products of the chemical or allied industries, not elsewhere specified or included; municipal waste; sewage sludge; other residual products.",,38,VI
382510,sous_position,"Residual products of the chemical or allied industries, not elsewhere specified or included; municipal waste",,3825,VI
382520,sous_position,"Residual products of the chemical or allied industries, not elsewhere specified or included; sewage sludge",,3825,VI
382530,sous_position,"Residual products of the chemical or allied industries, not elsewhere specified or included; clinical waste",,3825,VI
382541,sous_position,"Residual products of the chemical or allied industries, not elsewhere specified or included; halogenated waste organic solvents",,3825,VI
382549,sous_position,"Residual products of the chemical or allied industries, not elsewhere specified or included; waste organic solvents, other than halogenated",,3825,VI
382550,sous_position,"Residual products of chemical or allied industries, not elsewhere specified or included; wastes of metal pickling liquors, hydraulic fluids, brake fluids and anti-freeze fluids",,3825,VI
382561,sous_position,"Residual products of the chemical or allied industries, not elsewhere specified or included; (other than sewage sludge, municipal waste or waste covered in 27.10); other wastes n.e.c. in 3825; those mainly containing organic constituents",,3825,VI
382569,sous_position,"Residual products of the chemical or allied industries, not elsewhere specified or included; (other than sewage sludge, municipal waste or waste covered by 27.10); other wastes n.e.c. in 3825; except those mainly containing organic constituents",,3825,VI
382590,sous_position,"Residual products of the chemical or allied industries, not elsewhere specified or included; n.e.c. in 3825 or 27.10",,3825,VI
3826,position,Biodiesel and mixtures thereof; not containing or containing less than 70% by weight of petroleum oils or oils obtained from bituminous minerals,,38,VI
382600,sous_position,Biodiesel and mixtures thereof; not containing or containing less than 70% by weight of petroleum oils or oils obtained from bituminous minerals,,3826,VI
3827,position,"Mixtures containing halogenated derivatives of methane, ethane or propane, not elsewhere specified or included",,38,VI
382711,sous_position,"Mixtures containing halogenated derivatives of methane, ethane or propane, not elsewhere specified or included; containing chlorofluorocarbons (CFCs), whether or not containing hydrochlorofluorocarbons (HCFCs), perfluorocarbons (PFCs) or hydrofluorocarbon",,3827,VI
382712,sous_position,"Mixtures containing halogenated derivatives of methane, ethane or propane, not elsewhere specified or included; containing hydrobromofluorocarbons (HBFCs)",,3827,VI
382713,sous_position,"Mixtures containing halogenated derivatives of methane, ethane or propane, not elsewhere specified or included; containing carbon tetrachloride",,3827,VI
382714,sous_position,"Mixtures containing halogenated derivatives of methane, ethane or propane, not elsewhere specified or included; containing 1,1,1-trichloroethane (methyl chloroform)",,3827,VI
382720,sous_position,"Mixtures containing halogenated derivatives of methane, ethane or propane, not elsewhere specified or included; containing bromochlorodifluoromethane (Halon-1211), bromotrifluoromethane (Halon-1301) or dibromotetrafluoroethanes (Halon-2402)",,3827,VI
382731,sous_position,"Mixtures containing halogenated derivatives of methane, ethane or propane; containing hydrochlorofluorocarbons (HCFCs), perfluorocarbons (PFCs) or hydrofluorocarbons (HFCs) or not, but not containing chlorofluorocarbons (CFCs); containing substances of su",,3827,VI
382732,sous_position,"Mixtures containing halogenated methane, ethane, propane; containing hydrochlorofluorocarbons (HCFCs), perfluorocarbons (PFCs) or hydrofluorocarbons (HFCs) or not, not chlorofluorocarbons (CFCs); containing substances of subheadings 2903.71 to 2903.75",,3827,VI
382739,sous_position,"Mixtures containing halogenated methane, ethane, or propane; containing hydrochlorofluorocarbons (HCFCs), perfluorocarbons (PFCs) or hydrofluorocarbons (HFCs) or not, but not chlorofluorocarbons (CFCs); n.e.c. in subheading 3827.3",,3827,VI
382740,sous_position,"Mixtures containing halogenated derivatives of methane, ethane or propane; containing hydrochlorofluorocarbons (HCFCs), perfluorocarbons (PFCs) or hydrofluorocarbons (HFCs) or not, but not containing chlorofluorocarbons (CFCs); containing bromomethane (me",,3827,VI
382751,sous_position,"Mixtures containing halogenated derivatives of methane, ethane or propane; containing trifluoromethan (HFC-23) or perfluorocarbons (PFCs) but not containing chlorofluorocarbons (CFCs) or hydrochlorofluorocarbons (HCFCs); containing trifluoromethane (HFC-2",,3827,VI
382759,sous_position,"Mixtures containing halogenated derivatives of methane, ethane or propane; containing trifluoromethan (HFC-23) or perfluorocarbons (PFCs) not containing chlorofluorocarbons (CFCs) or hydrochlorofluorocarbons (HCFCs); other mixtures n.e.c. in subheading 38",,3827,VI
382761,sous_position,"Mixtures containing halogenated derivatives of methane, ethane or propane; containing other hydrofluorocarbons (HFCs) but not containing chlorofluorocarbons (CFCs) or hydrochlorofluorocarbons (HCFCs); containing 15% or more by mass of 1,1,1-trifluoroethan",,3827,VI
382762,sous_position,"Mixtures containing halogenated derivatives of methane, ethane or propane; containing other hydrofluorocarbons (HFCs) but not containing chlorofluorocarbons (CFCs) or hydrochlorofluorocarbons (HCFCs); other mixtures, not included in the subheading above, ",,3827,VI
382763,sous_position,"Mixtures containing halogenated derivatives of methane, ethane or propane; containing other hydrofluorocarbons (HFCs) but not containing chlorofluorocarbons (CFCs) or hydrochlorofluorocarbons (HCFCs); other mixtures not included in the subheadings above, ",,3827,VI
382764,sous_position,"Mixtures containing halogenated derivatives of methane, ethane or propane; containing other hydrofluorocarbons (HFCs) but not containing chlorofluorocarbons (CFCs) or hydrochlorofluorocarbons (HCFCs); other mixtures, not included in the subheadings above,",,3827,VI
382765,sous_position,"Mixtures containing halogenated derivatives of methane, ethane or propane; containing other hydrofluorocarbons (HFCs) but not containing chlorofluorocarbons (CFCs) or hydrochlorofluorocarbons (HCFCs); other mixtures, not included in the subheadings above,",,3827,VI
382768,sous_position,"Mixtures containing halogenated derivatives of methane, ethane or propane; containing other hydrofluorocarbons (HFCs) but not containing chlorofluorocarbons (CFCs) or hydrochlorofluorocarbons (HCFCs); other mixtures, not included in the subheadings above,",,3827,VI
382769,sous_position,"Mixtures containing halogenated derivatives of methane, ethane or propane; containing other hydrofluorocarbons (HFCs) but not containing chlorofluorocarbons (CFCs) or hydrochlorofluorocarbons (HCFCs); n.e.c. in items no. 3827.5 and 3827.6, not containing ",,3827,VI
382790,sous_position,"Mixtures containing halogenated derivatives of methane, ethane or propane; n.e.c. in subheading no 3827",,3827,VI
39,chapitre,Plastics and articles thereof,,TOTAL,VII
3901,position,"Polymers of ethylene, in primary forms",,39,VII
390110,sous_position,"Ethylene polymers; in primary forms, polyethylene having a specific gravity of less than 0.94",,3901,VII
390120,sous_position,"Ethylene polymers; in primary forms, polyethylene having a specific gravity of 0.94 or more",,3901,VII
390130,sous_position,"Ethylene polymers; in primary forms, ethylene-vinyl acetate copolymers",,3901,VII
390140,sous_position,"Ethylene polymers; in primary forms, ethylene-alpha-olefin copolymers, having a specific gravity of less than 0.94",,3901,VII
390190,sous_position,"Ethylene polymers; in primary forms, n.e.c. in heading no. 3901",,3901,VII
3902,position,"Polymers of propylene or of other olefins, in primary forms",,39,VII
390210,sous_position,"Propylene, other olefin polymers; polypropylene in primary forms",,3902,VII
390220,sous_position,"Propylene, other olefin polymers; polyisobutylene in primary forms",,3902,VII
390230,sous_position,"Propylene, other olefin polymers; propylene copolymers in primary forms",,3902,VII
390290,sous_position,"Propylene, other olefin polymers; n.e.c. in heading no. 3902, in primary forms",,3902,VII
3903,position,"Polymers of styrene, in primary forms",,39,VII
390311,sous_position,"Styrene polymers; expansible polystyrene, in primary forms",,3903,VII
390319,sous_position,"Styrene polymers; (other than expansible polystyrene), in primary forms",,3903,VII
390320,sous_position,"Styrene polymers; styrene-acrylonitrile (SAN) copolymers, in primary forms",,3903,VII
390330,sous_position,"Styrene polymers; acrylonitrile-butadiene-styrene (ABS) copolymers, in primary forms",,3903,VII
390390,sous_position,"Styrene polymers; in primary forms, n.e.c. in heading no. 3903",,3903,VII
3904,position,"Polymers of vinyl chloride or of other halogenated olefins, in primary forms",,39,VII
390410,sous_position,"Vinyl chloride, other halogenated olefin polymers; poly(vinyl chloride), not mixed with any other substances, in primary forms",,3904,VII
390421,sous_position,"Vinyl chloride, other halogenated olefin polymers; non-plasticised poly(vinyl chloride), in primary forms, mixed with other substances",,3904,VII
390422,sous_position,"Vinyl chloride, other halogenated olefin polymers; plasticised poly(vinyl chloride), in primary forms, mixed with other substances",,3904,VII
390430,sous_position,"Vinyl chloride, other halogenated olefin polymers; vinyl chloride-vinyl acetate copolymers, in primary forms",,3904,VII
390440,sous_position,"Vinyl chloride, other halogenated olefin polymers; vinyl chloride copolymers, in primary forms n.e.c. in heading no. 3904",,3904,VII
390450,sous_position,"Vinyl chloride, other halogenated olefin polymers; vinylidene chloride polymers, in primary forms",,3904,VII
390461,sous_position,"Halogenated olefin polymers; fluoro-polymers, polytetrafluoroethylene, in primary forms",,3904,VII
390469,sous_position,"Halogenated olefin polymers; fluoro-polymers (other than polytetrafluoroethylene), in primary forms",,3904,VII
390490,sous_position,"Vinyl chloride, other halogenated olefin polymers; n.e.c. in heading no. 3904",,3904,VII
3905,position,"Polymers of vinyl acetate or of other vinyl esters, in primary forms; other vinyl polymers in primary forms",,39,VII
390512,sous_position,"Poly(vinyl acetate); in aqueous dispersion, in primary forms",,3905,VII
390519,sous_position,"Poly(vinyl acetate); (other than in aqueous dispersion), in primary forms",,3905,VII
390521,sous_position,"Vinyl acetate copolymers; in aqueous dispersion, in primary forms",,3905,VII
390529,sous_position,"Vinyl acetate copolymers; (other than in aqueous dispersion), in primary forms",,3905,VII
390530,sous_position,Poly(vinyl alcohol); whether or not containing unhydrolysed acetate groups,,3905,VII
390591,sous_position,"Vinyl acetate, vinyl ester polymers, vinyl polymers; n.e.c. in heading no. 3905, in primary forms, copolymers",,3905,VII
390599,sous_position,"Vinyl acetate, vinyl ester polymers, vinyl polymers; n.e.c. in heading no. 3905, in primary forms, other than copolymers",,3905,VII
3906,position,Acrylic polymers in primary forms,,39,VII
390610,sous_position,"Acrylic polymers; poly(methyl methacrylate), in primary forms",,3906,VII
390690,sous_position,"Acrylic polymers; (other than polymethyl methacrylate), in primary forms",,3906,VII
3907,position,"Polyacetals, other polyethers and epoxide resins, in primary forms; polycarbonates, alkyd resins, polyallyl esters and other polyesters, in primary forms",,39,VII
390710,sous_position,Polyacetals; in primary forms,,3907,VII
390721,sous_position,"Polyethers other than polyacetals; in primary forms, bis(polyoxyethylene) methylphosphonate",,3907,VII
390729,sous_position,"Polyethers other than polyacetals, and bis(polyoxyethylene) methylphosphonate; in primary forms",,3907,VII
390730,sous_position,Epoxide resins; in primary forms,,3907,VII
390740,sous_position,Polycarbonates; in primary forms,,3907,VII
390750,sous_position,Alkyd resins; in primary forms,,3907,VII
390761,sous_position,"Poly(ethylene terephthalate); in primary forms, having a viscosity of 78ml/g or higher",,3907,VII
390769,sous_position,"Poly(ethylene terephthalate); in primary forms, having a viscosity of less than 78ml/g",,3907,VII
390770,sous_position,Poly(lactic acid); in primary forms,,3907,VII
390791,sous_position,"Polyesters; n.e.c. in heading no. 3907, unsaturated, in primary forms",,3907,VII
390799,sous_position,"Polyesters; n.e.c. in heading no. 3907, saturated, in primary forms",,3907,VII
3908,position,Polyamides in primary forms,,39,VII
390810,sous_position,"Polyamides; polyamide-6, -11, -12, -6,6, -6,9, -6,10 or -6,12, in primary forms",,3908,VII
390890,sous_position,"Polyamides; n.e.c. in heading no. 3908, in primary forms",,3908,VII
3909,position,"Amino-resins, phenolic resins and polyurethanes, in primary forms",,39,VII
390910,sous_position,"Amino-resins; urea and thiourea resins, in primary forms",,3909,VII
390920,sous_position,"Amino-resins; melamine resins, in primary forms",,3909,VII
390931,sous_position,"Amino-resins; n.e.c. in heading no. 3909, in primary forms, poly(methylene phenyl isocyanate) (Crude MDI, polymeric MDI)",,3909,VII
390939,sous_position,"Amino-resins; n.e.c. in heading no. 3909, in primary forms, other than poly(methylene phenyl isocyanate) (Crude MDI, polymeric MDI)",,3909,VII
390940,sous_position,Phenolic resins; in primary forms,,3909,VII
390950,sous_position,Polyurethanes; in primary forms,,3909,VII
3910,position,Silicones in primary forms,,39,VII
391000,sous_position,Silicones; in primary forms,,3910,VII
3911,position,"Petroleum resins, coumarone-indene resins, polyterpenes, polysulphides, polysulphones and similar products of chemical synthesis n.e.c. in chapter 39, in primary forms",,39,VII
391110,sous_position,"Petroleum resins, coumarone, indene or coumarone-indene resins and polyterpenes; in primary forms",,3911,VII
391120,sous_position,"Petroleum resins, poly(1,3-phenylene methylphosphonate), in primary forms",,3911,VII
391190,sous_position,"Polysulphides, polysulphones and similar products of chemical synthesis n.e.c. in chapter 39; in primary forms",,3911,VII
3912,position,"Cellulose and its chemical derivatives, n.e.c. or included, in primary forms",,39,VII
391211,sous_position,"Cellulose acetates; non-plasticised, in primary forms",,3912,VII
391212,sous_position,"Cellulose acetates; plasticised, in primary forms",,3912,VII
391220,sous_position,Cellulose nitrates (including collodions); in primary forms,,3912,VII
391231,sous_position,"Cellulose ethers; carboxymethylcellulose and its salts, in primary forms",,3912,VII
391239,sous_position,"Cellulose ethers; (other than carboxymethylcellulose and its salts), in primary forms",,3912,VII
391290,sous_position,"Cellulose and its chemical derivatives; n.e.c. in item no. 3912, in primary forms",,3912,VII
3913,position,"Natural polymers (e.g. alginic acid) and modified natural polymers (e.g. hardened proteins, chemical derivatives of natural rubber), n.e.c. or included, in primary forms",,39,VII
391310,sous_position,"Polymers, natural; alginic acid, its salts and esters, in primary forms",,3913,VII
391390,sous_position,"Polymers, natural and modified natural; in primary forms (excluding alginic acid, its salts and esters)",,3913,VII
3914,position,"Ion-exchangers; based on polymers of heading no. 3901 to 3913, in primary forms",,39,VII
391400,sous_position,"Ion-exchangers; based on polymers of heading no. 3901 to 3913, in primary forms",,3914,VII
3915,position,"Waste, parings and scrap, of plastics",,39,VII
391510,sous_position,"Ethylene polymers; waste, parings and scrap",,3915,VII
391520,sous_position,"Styrene polymers; waste, parings and scrap",,3915,VII
391530,sous_position,"Vinyl chloride polymers; waste, parings and scrap",,3915,VII
391590,sous_position,"Plastics n.e.c. in heading no. 3915; waste, parings and scrap",,3915,VII
3916,position,"Monofilament of which any cross-sectional dimension exceeds 1mm, rods, sticks and profile shapes, whether or not surface-worked but not otherwise worked, of plastics",,39,VII
391610,sous_position,"Ethylene polymers; monofilament, of which any cross-sectional dimension exceeds 1mm, rods, sticks and profile shapes, whether or not surface-worked but not otherwise worked",,3916,VII
391620,sous_position,"Vinyl chloride polymers; monofilament, of which any cross-sectional dimension exceeds 1mm, rods, sticks and profile shapes, whether or not surface-worked but not otherwise worked",,3916,VII
391690,sous_position,"Plastics; monofilament, of plastics n.e.c. in heading no. 3916, cross-sectional dimension exceeds 1mm, rods, sticks and profile shapes, whether or not surface-worked but not otherwise worked",,3916,VII
3917,position,"Tubes, pipes and hoses and fittings thereof (for example, joints, elbows, flanges), of plastics",,39,VII
391710,sous_position,Plastics; artificial guts (sausage casings) of hardened protein or of cellulosic materials,,3917,VII
391721,sous_position,"Plastics; tubes, pipes and hoses thereof, rigid, of polymers of ethylene",,3917,VII
391722,sous_position,"Plastics; tubes, pipes and hoses thereof, rigid, of polymers of propylene",,3917,VII
391723,sous_position,"Plastics; tubes, pipes and hoses thereof, rigid, of polymers of vinyl chloride",,3917,VII
391729,sous_position,"Plastics; tubes, pipes and hoses thereof, rigid, of plastics n.e.c. in heading no. 3917",,3917,VII
391731,sous_position,"Plastics; tubes, pipes and hoses thereof, flexible, having a minimum burst pressure of 27.6MPa",,3917,VII
391732,sous_position,"Plastics; tubes, pipes and hoses thereof, other than those of item no. 3917.31, not reinforced or otherwise combined with other materials, without fittings",,3917,VII
391733,sous_position,"Plastics; tubes, pipes and hoses thereof, other than those of item no. 3917.31, not reinforced or otherwise combined with other materials, with fittings",,3917,VII
391739,sous_position,"Plastics; tubes, pipes and hoses thereof, n.e.c. in item no. 3917.30",,3917,VII
391740,sous_position,"Plastics; tube, pipe and hose fittings (e.g. joints, elbows, flanges)",,3917,VII
3918,position,"Floor coverings of plastics, self-adhesive or not, in rolls or tiles; wall or ceiling coverings of plastics, in rolls of a width not less than 45cm",,39,VII
391810,sous_position,"Floor, wall or ceiling coverings; of polymers of vinyl chloride, whether or not self-adhesive, in rolls or in the form of tiles",,3918,VII
391890,sous_position,"Floor, wall or ceiling coverings; of plastics (excluding polymers of vinyl chloride), whether or not self-adhesive, in rolls or in the form of tiles",,3918,VII
3919,position,"Self-adhesive plates, sheets, film, foil, tape, strip and other flat shapes, of plastics, whether or not in rolls",,39,VII
391910,sous_position,"Plastics; plates, sheets, film, foil, tape, strip, other flat shapes thereof, self-adhesive, in rolls of a width not exceeding 20cm",,3919,VII
391990,sous_position,"Plastics; plates, sheets, film, foil, tape, strip, other flat shapes thereof, self-adhesive, other than in rolls of a width not exceeding 20cm",,3919,VII
3920,position,"Plastics; plates, sheets, film, foil and strip (not self-adhesive); non-cellular and not reinforced, laminated, supported or similarly combined with other materials, n.e.c. in chapter 39",,39,VII
392010,sous_position,"Plastics; plates, sheets, film, foil and strip (not self-adhesive), of polymers of ethylene, non-cellular and not reinforced, laminated, supported or similarly combined with other materials",,3920,VII
392020,sous_position,"Plastics; of polymers of propylene, plates, sheets, film, foil and strip (not self-adhesive), non-cellular and not reinforced, laminated, supported or similarly combined with other materials",,3920,VII
392030,sous_position,"Plastics; of polymers of styrene, plates, sheets, film, foil and strip (not self-adhesive), non-cellular and not reinforced, laminated, supported or similarly combined with other materials",,3920,VII
392043,sous_position,"Plastics; polymers of vinyl chloride, containing by weight not less than 6% of plasticisers; plates, sheets, film, foil and strip (not self-adhesive), non-cellular and not reinforced, laminated, supported or similarly combined with other materials",,3920,VII
392049,sous_position,"Plastics; polymers of vinyl chloride, containing by weight, less than 6% of plasticisers; plates, sheets, film, foil and strip (not self-adhesive), non-cellular and not reinforced, laminated, supported or similarly combined with other materials",,3920,VII
392051,sous_position,"Plastics; of acrylic polymers, polymethyl methacrylate, plates, sheets, film, foil and strip (not self-adhesive), non-cellular and not reinforced, laminated, supported or similarly combined with other materials",,3920,VII
392059,sous_position,"Plastics; of acrylic polymers (excluding polymethyl methacrylate), plates, sheets, film, foil and strip (not self-adhesive), non-cellular and not reinforced, laminated, supported or similarly combined with other materials",,3920,VII
392061,sous_position,"Plastics; plates, sheets, film, foil and strip (not self-adhesive), of polycarbonates, non-cellular and not reinforced, laminated, supported or similarly combined with other materials",,3920,VII
392062,sous_position,"Plastics; plates, sheets, film, foil and strip (not self-adhesive), of poly(ethylene terephthalate), non-cellular and not reinforced, laminated, supported or similarly combined with other materials",,3920,VII
392063,sous_position,"Plastics; plates, sheets, film, foil and strip (not self-adhesive), of unsaturated polyesters, non-cellular and not reinforced, laminated, supported or similarly combined with other materials",,3920,VII
392069,sous_position,"Plastics; plates, sheets, film, foil and strip (not self-adhesive), of polyesters n.e.c. in heading no. 3920, non-cellular and not reinforced, laminated, supported or similarly combined with other materials",,3920,VII
392071,sous_position,"Plastics; plates, sheets, film, foil and strip (not self-adhesive), of regenerated cellulose; non-cellular and not reinforced, laminated, supported or similarly combined with other materials",,3920,VII
392073,sous_position,"Plastics; plates, sheets, film, foil and strip (not self-adhesive), of cellulose acetate, non-cellular and not reinforced, laminated, supported or similarly combined with other materials",,3920,VII
392079,sous_position,"Plastics; plates, sheets, film, foil and strip (not self-adhesive), of cellulose derivatives n.e.c. in heading no. 3920, non-cellular and not reinforced, laminated, supported or similarly combined with other materials",,3920,VII
392091,sous_position,"Plastics; plates, sheets, film, foil and strip (not self-adhesive), of poly(vinyl butyral), non-cellular and not reinforced, laminated, supported or similarly combined with other materials",,3920,VII
392092,sous_position,"Plastics; plates, sheets, film, foil and strip (not self-adhesive), of polyamides, non-cellular and not reinforced, laminated, supported or similarly combined with other materials",,3920,VII
392093,sous_position,"Plastics; plates, sheets, film, foil and strip (not self-adhesive), of amino-resins, non-cellular and not reinforced, laminated, supported or similarly combined with other materials",,3920,VII
392094,sous_position,"Plastics; plates, sheets, film, foil and strip (not self-adhesive), of phenolic resins, non-cellular and not reinforced, laminated, supported or similarly combined with other materials",,3920,VII
392099,sous_position,"Plastics; plates, sheets, film, foil and strip (not self-adhesive), of plastics n.e.c. in heading no. 3920, non-cellular and not reinforced, laminated, supported or similarly combined with other materials",,3920,VII
3921,position,"Plastic plates, sheets, film, foil and strip n.e.c. in chapter 39",,39,VII
392111,sous_position,"Plastics; plates, sheets, film, foil and strip, of polymers of styrene, cellular",,3921,VII
392112,sous_position,"Plastics; plates, sheets, film, foil and strip, of polymers of vinyl chloride, cellular",,3921,VII
392113,sous_position,"Plastics; plates, sheets, film, foil and strip, of polyurethanes, cellular",,3921,VII
392114,sous_position,"Plastics; plates, sheets, film, foil and strip, of regenerated cellulose, cellular",,3921,VII
392119,sous_position,"Plastics; plates, sheets, film, foil and strip, of plastics n.e.c. in heading no. 3921, cellular",,3921,VII
392190,sous_position,"Plastics; plates, sheets, film, foil and strip, other than cellular",,3921,VII
3922,position,"Sanitary ware; baths, shower-baths, sinks, wash-basins, bidets, lavatory pans, seats and covers, flushing cisterns and sanitary ware, of plastics",,39,VII
392210,sous_position,"Plastics; baths, shower-baths, sinks and wash-basins",,3922,VII
392220,sous_position,Plastics; lavatory seats and covers,,3922,VII
392290,sous_position,"Plastics; bidets, lavatory pans, flushing cisterns and similar sanitary ware n.e.c. in heading no. 3922",,3922,VII
3923,position,"Plastic articles for the conveyance or packing of goods; stoppers, lids, caps and other closures of plastics",,39,VII
392310,sous_position,"Plastics; boxes, cases, crates and similar articles for the conveyance or packing of goods",,3923,VII
392321,sous_position,"Ethylene polymers; sacks and bags (including cones), for the conveyance or packing of goods",,3923,VII
392329,sous_position,"Plastics; sacks and bags (including cones), for the conveyance or packing of goods, of plastics other than ethylene polymers",,3923,VII
392330,sous_position,"Plastics; carboys, bottles, flasks and similar articles, for the conveyance or packing of goods",,3923,VII
392340,sous_position,"Plastics; spools, cops, bobbins and similar supports, for the conveyance or packing of goods",,3923,VII
392350,sous_position,"Plastics; stoppers, lids, caps and other closures, for the conveyance or packing of goods",,3923,VII
392390,sous_position,Plastics; articles for the conveyance or packing of goods n.e.c. in heading no. 3923,,3923,VII
3924,position,"Tableware, kitchenware, other household articles and hygienic or toilet articles, of plastics",,39,VII
392410,sous_position,Plastics; tableware and kitchenware,,3924,VII
392490,sous_position,Plastics; household articles and hygienic or toilet articles,,3924,VII
3925,position,Plastics; builders' wares n.e.c. or included,,39,VII
392510,sous_position,"Plastics; builders' ware, reservoirs, tanks, vats and similar containers of a capacity exceeding 300 litres",,3925,VII
392520,sous_position,"Plastics; builders' ware, doors, windows and their frames and thresholds for doors",,3925,VII
392530,sous_position,"Plastics; builders' ware, shutters, blinds (including venetian blinds) and similar articles and parts thereof",,3925,VII
392590,sous_position,"Plastics; builders' ware, n.e.c. or included in heading no. 3925",,3925,VII
3926,position,"Articles of plastics and articles of other materials of heading no. 3901 to 3914, n.e.c. in chapter 39",,39,VII
392610,sous_position,Plastics; office or school supplies,,3926,VII
392620,sous_position,"Plastics; articles of apparel and clothing accessories (including gloves, mittens and mitts)",,3926,VII
392630,sous_position,"Plastics; fittings for furniture, coachwork or the like",,3926,VII
392640,sous_position,Plastics; statuettes and other ornamental articles,,3926,VII
392690,sous_position,Plastics; other articles n.e.c. in chapter 39,,3926,VII
40,chapitre,Rubber and articles thereof,,TOTAL,VII
4001,position,"Natural rubber, balata, gutta-percha, guayule, chicle and similar gums; in primary forms or in plates, sheets or strip",,40,VII
400110,sous_position,"Rubber; natural rubber latex, whether or not pre-vulcanised, in primary forms or in plates, sheets or strip",,4001,VII
400121,sous_position,"Rubber; natural (excluding latex), in smoked sheets",,4001,VII
400122,sous_position,"Rubber; technically specified natural rubber (TSNR), in primary forms or in plates, sheets or strip (excluding latex and smoked sheets)",,4001,VII
400129,sous_position,"Rubber; natural (excluding latex, technically specified natural rubber and smoked sheets), in primary forms or in plates, sheets or strip",,4001,VII
400130,sous_position,"Balata, gutta-percha, guayule, chicle and similar natural gums; in primary forms or in plates, sheets or strip",,4001,VII
4002,position,"Synthetic rubber and factice derived from oils, in primary forms or in plates, sheets or strip; mixtures of heading no. 4001 and 4002, in primary forms or in plates, sheets or strip",,40,VII
400211,sous_position,"Rubber; synthetic, styrene-butadiene rubber (SBR) and carboxylated styrene-butadiene rubber (XSBR) latex, in primary forms or in plates, sheets or strip",,4002,VII
400219,sous_position,"Rubber; synthetic, styrene-butadiene rubber (SBR) and carboxylated styrene-butadiene rubber (XSBR), (other than latex), in primary forms or in plates, sheets or strip",,4002,VII
400220,sous_position,"Rubber; synthetic, butadiene rubber (BR), in primary forms or in plates, sheets or strip",,4002,VII
400231,sous_position,"Rubber; synthetic, isobutene-isoprene (butyl) rubber (IIR), in primary forms or in plates, sheets or strip",,4002,VII
400239,sous_position,"Rubber; synthetic, halo-isobutene-isoprene rubber (CIIR or BIIR), in primary forms or in plates, sheets or strip",,4002,VII
400241,sous_position,"Rubber; synthetic, chloroprene (chlorobutadiene) rubber (CR), latex, in primary forms or in plates, sheets or strip",,4002,VII
400249,sous_position,"Rubber; synthetic, chloroprene (chlorobutadiene) rubber (CR), (other than latex), in primary forms or in plates, sheets or strip",,4002,VII
400251,sous_position,"Rubber; synthetic, acrylonitrile-butadiene rubber (NBR), latex, in primary forms or in plates, sheets or strip",,4002,VII
400259,sous_position,"Rubber; synthetic, acrylonitrile-butadiene rubber (NBR), (other than latex), in primary forms or in plates, sheets or strip",,4002,VII
400260,sous_position,"Rubber; synthetic, isoprene rubber (IR), in primary forms or in plates, sheets or strip",,4002,VII
400270,sous_position,"Rubber; synthetic, ethylene-propylene-non-conjugated diene rubber (EPDM), in primary forms or in plates, sheets or strip",,4002,VII
400280,sous_position,"Rubber; mixtures of natural and synthetic rubbers of heading no. 4001 and 4002, in primary forms or in plates, sheets or strip",,4002,VII
400291,sous_position,"Rubber; synthetic, n.e.c. in heading 4002, latex, in primary forms or in plates, sheets or strip",,4002,VII
400299,sous_position,"Rubber; synthetic, n.e.c. in heading 4002, (other than latex), in primary forms or in plates, sheets or strip",,4002,VII
4003,position,"Reclaimed rubber in primary forms or in plates, sheets or strip",,40,VII
400300,sous_position,"Rubber; reclaimed rubber, in primary forms or in plates, sheets or strip",,4003,VII
4004,position,"Waste, parings and scrap of rubber (other than hard rubber) and powders and granules obtained therefrom",,40,VII
400400,sous_position,"Rubber; waste, parings and scrap of rubber (other than hard rubber) and powders and granules obtained therefrom",,4004,VII
4005,position,"Compounded rubber, unvulcanised, in primary forms or in plates, sheets or strip",,40,VII
400510,sous_position,"Rubber; unvulcanised, compounded with carbon black or silica, in primary forms or in plates, sheets or strip",,4005,VII
400520,sous_position,"Rubber; unvulcanised, compounded, solutions and dispersions other than those of item no. 4005.10",,4005,VII
400591,sous_position,"Rubber; unvulcanised, (compounded other than with carbon black or silica), in plates, sheets and strip",,4005,VII
400599,sous_position,"Rubber; unvulcanised, (compounded other than with carbon black or silica), in primary forms, (other than plates, sheets, strip, solutions or dispersions)",,4005,VII
4006,position,"Unvulcanised rubber in other forms (e.g. rods, tubes and profile shapes) and articles (e.g. discs and rings)",,40,VII
400610,sous_position,"Rubber; unvulcanised, camel-back strips for retreading rubber tyres",,4006,VII
400690,sous_position,"Rubber; unvulcanised, other than camel back strips for retreading rubber tyres",,4006,VII
4007,position,Vulcanised rubber thread and cord,,40,VII
400700,sous_position,"Rubber; vulcanised, thread and cord",,4007,VII
4008,position,"Plates, sheets, strip, rods and profile shapes, of vulcanised rubber other than hard rubber",,40,VII
400811,sous_position,"Rubber; vulcanised (other than hard rubber), in plates, sheets and strip of cellular rubber",,4008,VII
400819,sous_position,"Rubber; vulcanised (other than hard rubber), cellular rubber, (other than in plates, sheets or strip)",,4008,VII
400821,sous_position,"Rubber; vulcanised (other than hard rubber), in plates, sheets and strip, of non-cellular rubber",,4008,VII
400829,sous_position,"Rubber; vulcanised (other than hard rubber), non-cellular rubber, in forms other than plates, sheets or strip",,4008,VII
4009,position,"Tubes, pipes and hoses, of vulcanised rubber (other than hard rubber), with or without their fittings (e.g. joints, elbows, flanges)",,40,VII
400911,sous_position,"Rubber; vulcanised (other than hard rubber), tubing, piping and hoses, not reinforced or otherwise combined with other materials, without fittings",,4009,VII
400912,sous_position,"Rubber; vulcanised (other than hard rubber), tubing, piping and hoses, not reinforced or otherwise combined with other materials, with fittings",,4009,VII
400921,sous_position,"Rubber; vulcanised (other than hard rubber), tubing, piping and hoses, reinforced or otherwise combined only with metal, without fittings",,4009,VII
400922,sous_position,"Rubber; vulcanised (other than hard rubber), tubing, piping and hoses, reinforced or otherwise combined only with metal, with fittings",,4009,VII
400931,sous_position,"Rubber; vulcanised (other than hard rubber), tubing, piping and hoses, reinforced or otherwise combined only with textile materials, without fittings",,4009,VII
400932,sous_position,"Rubber; vulcanised (other than hard rubber), tubing, piping and hoses, reinforced or otherwise combined only with textile materials, with fittings",,4009,VII
400941,sous_position,"Rubber; vulcanised (other than hard rubber), tubing, piping and hoses, reinforced or otherwise combined with materials other than metal or textiles, without fittings",,4009,VII
400942,sous_position,"Rubber; vulcanised (other than hard rubber), tubing, piping and hoses, reinforced or otherwise combined with materials other than metal or textiles, with fittings",,4009,VII
4010,position,"Conveyor or transmission belts or belting, of vulcanised rubber",,40,VII
401011,sous_position,"Rubber; vulcanised, conveyor belts or belting, reinforced only with metal",,4010,VII
401012,sous_position,"Rubber; vulcanised, conveyor belts or belting, reinforced only with textile materials",,4010,VII
401019,sous_position,"Rubber; vulcanised, conveyor belts or belting, (reinforced with other than metal only or textile materials only)",,4010,VII
401031,sous_position,"Rubber; vulcanised, endless transmission belts of trapezoidal cross-section (V-belts), V-ribbed, of an outside circumference exceeding 60cm but not exceeding 180 cm",,4010,VII
401032,sous_position,"Rubber; vulcanised, endless transmission belts of trapezoidal cross-section (V-belts), other than V-ribbed, of an outside circumference exceeding 60cm but not exceeding 180 cm",,4010,VII
401033,sous_position,"Rubber; vulcanised, endless transmission belts of trapezoidal cross-section (V-belts), V-ribbed, of an outside circumference exceeding 180cm but not exceeding 240 cm",,4010,VII
401034,sous_position,"Rubber; vulcanised, endless transmission belts of trapezoidal cross-section (V-belts), other than V-ribbed, of an outside circumference exceeding 180cm but not exceeding 240 cm",,4010,VII
401035,sous_position,"Rubber; vulcanised, endless synchronous belts, of an outside circumference exceeding 60 cm but not exceeding 150 cm",,4010,VII
401036,sous_position,"Rubber; vulcanised, endless synchronous belts, of an outside circumference exceeding 150 cm but not exceeding 198 cm",,4010,VII
401039,sous_position,"Rubber; vulcanised, conveyor or transmission belts or belting, n.e.c. in heading no. 4010",,4010,VII
4011,position,"New pneumatic tyres, of rubber",,40,VII
401110,sous_position,"Rubber; new pneumatic tyres, of a kind used on motor cars (including station wagons and racing cars)",,4011,VII
401120,sous_position,"Rubber; new pneumatic tyres, of a kind used on buses or lorries",,4011,VII
401130,sous_position,"Rubber; new pneumatic tyres, of a kind used on aircraft",,4011,VII
401140,sous_position,"Rubber; new pneumatic tyres, of a kind used on motorcycles",,4011,VII
401150,sous_position,"Rubber; new pneumatic tyres, of a kind used on bicycles",,4011,VII
401170,sous_position,"Rubber; new pneumatic tyres, of a kind used on agricultural or forestry vehicles and machines",,4011,VII
401180,sous_position,"Rubber; new pneumatic tyres, of a kind used on construction, mining or industrial handling vehicles and machines",,4011,VII
401190,sous_position,"Rubber; new pneumatic tyres, of a kind used on light commercial vehicles",,4011,VII
4012,position,"Retreaded or used pneumatic tyres of rubber; solid or cushion tyres, tyre treads and tyre flaps, of rubber",,40,VII
401211,sous_position,Retreaded tyres; of a kind used on motor cars (including station wagons and racing cars),,4012,VII
401212,sous_position,Retreaded tyres; of a kind used on motor buses or lorries,,4012,VII
401213,sous_position,Retreaded tyres; of a kind used on aircraft,,4012,VII
401219,sous_position,"Retreaded tyres; other than of a kind used on motor cars (including station wagons and racing cars), buses and lorries and aircraft",,4012,VII
401220,sous_position,Rubber; used pneumatic tyres,,4012,VII
401290,sous_position,Rubber; tyres n.e.c. in heading no. 4012,,4012,VII
4013,position,"Inner tubes, of rubber",,40,VII
401310,sous_position,"Rubber; inner tubes, of a kind used on motorcars (including station wagons and racing cars), buses and lorries",,4013,VII
401320,sous_position,"Rubber; inner tubes, of a kind used on bicycles",,4013,VII
401390,sous_position,"Rubber; inner tubes, n.e.c. in heading no. 4013",,4013,VII
4014,position,"Hygienic or pharmaceutical articles (including teats), of vulcanised rubber other than hard rubber, with or without fittings of hard rubber",,40,VII
401410,sous_position,"Rubber; vulcanised (other than hard rubber), sheath contraceptives",,4014,VII
401490,sous_position,"Rubber; vulcanised (other than hard rubber), hygienic or pharmaceutical articles (excluding sheath contraceptives), with or without fittings of hard rubber",,4014,VII
4015,position,"Articles of apparel and clothing accessories (including gloves, mittens and mitts), for all purposes, of vulcanised rubber other than hard rubber",,40,VII
401512,sous_position,"Rubber; vulcanised (other than hard rubber), gloves, of a kind used for medical, surgical, dental or veterinary purposes",,4015,VII
401519,sous_position,"Rubber; vulcanised (other than hard rubber), gloves, mittens and mitts other than surgical gloves",,4015,VII
401590,sous_position,"Rubber; vulcanised (other than hard rubber), articles of apparel and clothing accessories (other than gloves, mittens and mitts)",,4015,VII
4016,position,"Articles of vulcanised rubber other than hard rubber, n.e.c. in chapter 40",,40,VII
401610,sous_position,"Rubber; vulcanised (other than hard rubber), moulded rubber mats and mats of non-rectangular shape made by cutting from the piece, of cellular rubber",,4016,VII
401691,sous_position,"Rubber; vulcanised (other than hard rubber), floor coverings and mats, of non-cellular rubber",,4016,VII
401692,sous_position,"Rubber; vulcanised (other than hard rubber), erasers, of non-cellular rubber",,4016,VII
401693,sous_position,"Rubber; vulcanised (other than hard rubber), gaskets, washers and other seals, of non-cellular rubber",,4016,VII
401694,sous_position,"Rubber; vulcanised (other than hard rubber), boat or dock fenders, whether or not inflatable, of non-cellular rubber",,4016,VII
401695,sous_position,"Rubber; vulcanised (other than hard rubber), inflatable articles (other than boat or dock fenders), of non-cellular rubber",,4016,VII
401699,sous_position,"Rubber; vulcanised (other than hard rubber), articles n.e.c. in heading no. 4016, of non-cellular rubber",,4016,VII
4017,position,"Hard rubber (e.g. ebonite) in all forms, including waste and scrap; articles of hard rubber",,40,VII
401700,sous_position,"Rubber; ebonite and other hard rubbers in all forms, including waste and scrap, and articles of hard rubber",,4017,VII
41,chapitre,Raw hides and skins (other than furskins) and leather,,TOTAL,VIII
4101,position,"Raw hides and skins of bovine (including buffalo) or equine animals (fresh, salted, dried, limed, pickled, otherwise preserved but not tanned, parchment dressed or further prepared), whether or not dehaired or split",,41,VIII
410120,sous_position,"Raw hides and skins; whole, unsplit, of bovine or equine animals, of a weight per skin not exceeding 8kg when simply dried, 10kg when dry-salted or 16kg when fresh, wet-salted or otherwise preserved",,4101,VIII
410150,sous_position,"Hides and skins; raw, whole, of bovine or equine animals, of a weight per skin exceeding 16 kg",,4101,VIII
410190,sous_position,"Hides and skins; other than whole, but including butts, bends and bellies, of bovine (including. buffalo) and equine animals, fresh, salted or preserved, but not tanned, parchment dressed or further prepared, whether or not dehaired or split",,4101,VIII
4102,position,"Raw skins of sheep or lambs (fresh, salted, dried, limed, pickled or otherwise preserved, but not further prepared), whether or not with wool on or split",,41,VIII
410210,sous_position,"Skins; raw, of sheep or lambs, fresh, or salted, dried, limed, pickled or otherwise preserved, (but not tanned, parchment-dressed or further prepared), with wool on",,4102,VIII
410221,sous_position,"Skins; raw, of sheep or lambs, pickled (but not tanned, parchment-dressed or further preserved), without wool on",,4102,VIII
410229,sous_position,"Hides and skins; raw, of animals n.e.c. in this chapter, fresh, salted, dried, limed, pickled or otherwise preserved, (but not tanned, parchment-dressed or further prepared), whether or not dehaired or split",,4102,VIII
4103,position,"Raw hides and skins n.e.c in headings no. 4101, 4102; fresh, salted, dried, pickled or otherwise preserved, not further prepared, whether or not dehaired or split",,41,VIII
410320,sous_position,"Hides and skins; raw, of reptiles (fresh or salted, dried, limed, pickled or otherwise preserved, but not tanned, parchment-dressed or further prepared), whether or not dehaired or split",,4103,VIII
410330,sous_position,"Hides and skins; raw, of swine, (fresh or salted, dried, limed, pickled or otherwise preserved, but not tanned, parchment-dressed or further prepared), whether or not dehaired or split",,4103,VIII
410390,sous_position,"Hides and skins; raw, of animals n.e.c. in this chapter, fresh, salted, dried, limed, pickled or otherwise preserved, (but not tanned, parchment-dressed or further prepared), whether or not dehaired or split",,4103,VIII
4104,position,"Tanned or crust hides and skins of bovine (including buffalo) or equine animals, without hair on, whether or not split, but not further prepared",,41,VIII
410411,sous_position,"Tanned or crust hides and skins; without hair on, bovine or equine, in the wet state (including wet-blue), full grains, unsplit; grain splits",,4104,VIII
410419,sous_position,"Tanned or crust hides and skins; bovine or equine, without hair on, in the wet state (including wet-blue), excluding full grains, unsplit; grain splits",,4104,VIII
410441,sous_position,"Tanned or crust hides and skins; bovine or equine, without hair on, in the dry state (crust), full grains, unsplit; grain splits",,4104,VIII
410449,sous_position,"Tanned or crust hides and skins; bovine or equine, without hair on, in the dry state (crust), (other than full grains, unsplit; grain splits)",,4104,VIII
4105,position,"Tanned or crust skins of sheep and lambs, without wool on, whether or not split, but not further prepared",,41,VIII
410510,sous_position,"Tanned or crust skins of sheep or lambs, without wool on, whether or not split, but not further prepared, in the wet state (including wet-blue)",,4105,VIII
410530,sous_position,"Tanned or crust skins; of sheep or lambs, without wool on, whether or not split, but not further prepared, in the dry state (crust)",,4105,VIII
4106,position,"Tanned or crust hides and skins of other animals, without wool or hair on, whether or not split, but not further prepared",,41,VIII
410621,sous_position,"Tanned or crust hides and skins; of goats or kids, without wool or hair on, whether or not split, but not further prepared, in the wet state (including wet-blue)",,4106,VIII
410622,sous_position,"Tanned or crust hides and skins; of goats or kids, without hair on, whether or not split, but not further prepared, in the dry state (crust)",,4106,VIII
410631,sous_position,"Tanned or crust hides and skins; of swine, without hair on, whether or not split, but not further prepared, in the wet state (including wet-blue)",,4106,VIII
410632,sous_position,"Tanned or crust hides and skins; of swine, without hair on, whether or not split, but not further prepared, in the dry state (crust)",,4106,VIII
410640,sous_position,"Tanned or crust hides and skins; of reptiles, whether or not split, but not further prepared",,4106,VIII
410691,sous_position,"Tanned or crust hides and skins; of animals other than equine, ovine, bovine, goats or kids, swine and reptiles, without wool or hair on, whether or not split, but not further prepared, in the wet state (including wet-blue)",,4106,VIII
410692,sous_position,"Tanned or crust hides and skins; of animals other than equine, ovine, bovine, goats or kids, swine and reptiles, without wool or hair on, whether or not split, but not further prepared, in the dry state (crust)",,4106,VIII
4107,position,"Leather further prepared after tanning or crusting, including parchment-dressed leather, of bovine (including buffalo) or equine animals, without hair on, whether or not split, other than leather of heading 41.14",,41,VIII
410711,sous_position,"Leather; further prepared after tanning or crusting, including parchment-dressed leather, of bovine (including buffalo) or equine animals, without hair on, other than leather of heading 41.14, whole hides and skins, full grain, unsplit",,4107,VIII
410712,sous_position,"Leather; further prepared after tanning or crusting, including parchment-dressed leather, of bovine (including buffalo) or equine animals, without hair on, other than leather of heading 41.14, whole hides and skins, grain splits",,4107,VIII
410719,sous_position,"Leather; further prepared after tanning or crusting, including parchment-dressed, of bovine (including buffalo) or equine animals, without hair on, split or not, other than leather of heading 41.14, (other than grain splits and full grains, unsplit)",,4107,VIII
410791,sous_position,"Leather; further prepared after tanning or crusting, including parchment-dressed, of bovine (including buffalo) or equine animals, without hair on, other than leather of heading 41.14, not whole hides and skins, but including sides, full grain, unsplit",,4107,VIII
410792,sous_position,"Leather; further prepared after tanning or crusting, including parchment-dressed, of bovine (including buffalo) or equine animals, without hair on, other than leather of heading 41.14, not whole hides and skins, but including sides, grain splits",,4107,VIII
410799,sous_position,"Leather; further prepared after tanning or crusting, incl. parchment-dressed, of bovine (including buffalo) or equine animals, no hair, excluding leather of heading 41.14, and whole hides and skins, and sides, (full grains, unsplit and grain splits)",,4107,VIII
4112,position,"Leather further prepared after tanning or crusting, including parchment dressed leather, of sheep or lamb, without wool on, whether or not split, other than leather of heading 41.14",,41,VIII
411200,sous_position,"Leather; further prepared after tanning or crusting, including parchment dressed leather, of sheep or lamb, without wool on, whether or not split, other than leather of heading 41.14",,4112,VIII
4113,position,"Leather further prepared after tanning or crusting, including parchment-dressed leather, of animals (other than ovine), without wool or hair on, whether or not split, other than leather of heading 41.14",,41,VIII
411310,sous_position,"Leather; further prepared after tanning or crusting, including parchment-dressed leather, without hair on, whether or not split, other than leather of heading 41.14, of goats and kids",,4113,VIII
411320,sous_position,"Leather; further prepared after tanning or crusting, including parchment-dressed leather, without hair on, whether or not split, other than leather of heading 41.14, of swine",,4113,VIII
411330,sous_position,"Leather; further prepared after tanning or crusting, including parchment-dressed leather, of reptiles, whether or not split, other than leather of heading 41.14",,4113,VIII
411390,sous_position,"Leather; further prepared after tanning or crusting, including parchment-dressed leather, of animals (other than sheep and lambs, goats and kids, swine and reptiles), without wool or hair on, whether or not split, other than leather of heading 41.14",,4113,VIII
4114,position,Chamois (including combination chamois) leather; patent leather and patent laminated leather; metallised leather,,41,VIII
411410,sous_position,Leather; chamois (including combination chamois),,4114,VIII
411420,sous_position,Leather; patent leather and laminated patent leather; metallised leather,,4114,VIII
4115,position,"Composition leather with a basis of leather or leather fibre, in slabs, sheets or strip, in rolls or not; parings and other waste of leather or of composition leather, not suitable for the manufacture of leather articles; leather dust, powder and flour",,41,VIII
411510,sous_position,"Leather; composition leather with a basis of leather or leather fibre, in slabs, sheets or strip, whether or not in rolls",,4115,VIII
411520,sous_position,"Leather; parings and other waste, of leather or composition leather; not suitable for the manufacture of leather articles; leather dust, powder and flour",,4115,VIII
42,chapitre,"Articles of leather; saddlery and harness; travel goods, handbags and similar containers; articles of animal gut (other than silk-worm gut)",,TOTAL,VIII
4201,position,"Saddlery and harness for any animal (including traces, leads, knee pads, muzzles, saddle cloths, saddle bags, dog coats and the like) of any material",,42,VIII
420100,sous_position,"Saddlery and harness; for any animal (including traces, leads, knee pads, muzzles, saddle cloths, saddle bags, dog coats and the like), of any materials",,4201,VIII
4202,position,"Trunks; suit, camera, jewellery, cutlery cases; travel, tool, similar bags; wholly or mainly covered by leather, composition leather, plastic sheeting, textile materials, vulcanised fibre, paperboard",,42,VIII
420211,sous_position,"Cases and containers; trunks, suit-cases, vanity-cases, executive-cases, brief-cases, school satchels and similar containers, with outer surface of leather or of composition leather",,4202,VIII
420212,sous_position,"Cases and containers; trunks, suit-cases, vanity-cases, executive-cases, brief-cases, school satchels and similar containers, with outer surface of plastics or of textile materials",,4202,VIII
420219,sous_position,"Cases and containers; trunks, suit-cases, vanity-cases, executive-cases, brief-cases, school satchels and similar containers, of vulcanised fibre or of paperboard, or wholly or mainly covered with such materials or with paper",,4202,VIII
420221,sous_position,"Cases and containers; handbags (whether or not with shoulder strap and including those without handle), with outer surface of leather or of composition leather",,4202,VIII
420222,sous_position,"Cases and containers; handbags (whether or not with shoulder strap and including those without handle), with outer surface of sheeting of plastics or of textile materials",,4202,VIII
420229,sous_position,"Cases and containers; handbags (whether or not with shoulder strap and including those without handle), of vulcanised fibre or of paperboard, or wholly or mainly covered with such materials or with paper",,4202,VIII
420231,sous_position,"Cases and containers; of a kind normally carried in the pocket or in the handbag, with outer surface of leather or of composition leather",,4202,VIII
420232,sous_position,"Cases and containers; of a kind normally carried in the pocket or in the handbag, with outer surface of sheeting of plastics or of textile materials",,4202,VIII
420239,sous_position,"Cases and containers; of a kind normally carried in the pocket or in the handbag, of vulcanised fibre or of paperboard, or wholly or mainly covered with such materials or with paper",,4202,VIII
420291,sous_position,"Cases and containers; n.e.c. in heading 4202, with outer surface of leather or of composition leather",,4202,VIII
420292,sous_position,"Cases and containers; n.e.c. in heading 4202, with outer surface of sheeting of plastics or of textile materials",,4202,VIII
420299,sous_position,"Cases and containers; n.e.c. in heading 4202, of vulcanised fibre or of paperboard, or wholly or mainly covered with such materials or with paper",,4202,VIII
4203,position,"Articles of apparel and clothing accessories, of leather or of composition leather",,42,VIII
420310,sous_position,"Apparel; articles of apparel, of leather or of composition leather",,4203,VIII
420321,sous_position,"Clothing accessories; gloves, mittens and mitts, specially designed for use in sports, of leather or composition leather, padded",,4203,VIII
420329,sous_position,"Clothing accessories; gloves, mittens and mitts, n.e.c. in heading no. 4203, of leather or composition leather, not specially designed for use in sports",,4203,VIII
420330,sous_position,"Clothing accessories; belts and bandoliers, of leather or of composition leather",,4203,VIII
420340,sous_position,"Clothing accessories; of leather or of composition leather, n.e.c. in heading no. 4203",,4203,VIII
4205,position,Leather or composition leather articles n.e.c. in chapter 42,,42,VIII
420500,sous_position,"Leather articles; n.e.c. in chapter 42, of leather or composition leather",,4205,VIII
4206,position,"Articles of gut (other than silk-worm gut), of goldbeater's skin, of bladders or of tendons",,42,VIII
420600,sous_position,"Articles of gut (other than silk-worm gut), of goldbeater's skin, of bladders or of tendons",,4206,VIII
43,chapitre,Furskins and artificial fur; manufactures thereof,,TOTAL,VIII
4301,position,"Raw furskins (including heads, tails, paws, other pieces or cuttings, suitable for furriers' use), excluding raw hides and skins of heading no. 4101, 4102 or 4103",,43,VIII
430110,sous_position,"Furskins; raw, of mink, whole, with or without head, tail or paws",,4301,VIII
430130,sous_position,"Furskins; raw, of Astrakhan, Broadtail, Caracul, Persian and similar lamb, Indian, Chinese, Mongolian or Tibetan lamb, whole, with or without head, tail or paws",,4301,VIII
430160,sous_position,"Furskins; raw, of fox, whole, with or without head, tail or paws",,4301,VIII
430180,sous_position,"Furskins; raw, of animals n.e.c. in heading no. 4301, whole, with or without head, tail or paws (excluding goods of heading no. 4101, 4102 and 4103)",,4301,VIII
430190,sous_position,"Furskins; raw, heads, tails, paws and other pieces or cuttings, suitable for furrier's use, excluding goods of heading no. 4101, 4102 and 4103",,4301,VIII
4302,position,"Tanned or dressed furskins (including heads, tails, paws, other pieces, cuttings), unassembled, or assembled (without addition of other materials), excluding those of heading no. 4303",,43,VIII
430211,sous_position,"Furskins; tanned or dressed, of mink, whole, with or without head, tail or paws, not assembled",,4302,VIII
430219,sous_position,"Furskins; tanned or dressed, whole, with or without head, tail or paws, not assembled, n.e.c. in heading no. 4302, excluding goods or heading no. 4303",,4302,VIII
430220,sous_position,"Furskins; tanned or dressed, heads, tails, paws and other pieces or cuttings, not assembled, excluding goods of heading no. 4303",,4302,VIII
430230,sous_position,"Furskins; tanned or dressed, whole skins and pieces or cuttings thereof, assembled, excluding goods of heading no. 4303",,4302,VIII
4303,position,"Articles of apparel, clothing accessories and other articles of furskin",,43,VIII
430310,sous_position,Furskin articles; apparel and clothing accessories,,4303,VIII
430390,sous_position,Furskin articles; other than apparel and clothing accessories,,4303,VIII
4304,position,Artificial fur and articles thereof,,43,VIII
430400,sous_position,"Fur, artificial; articles thereof",,4304,VIII
44,chapitre,Wood and articles of wood; wood charcoal,,TOTAL,IX
4401,position,"Fuel wood, in logs, billets, twigs, faggots or similar forms; wood in chip or particles; sawdust and wood waste and scrap, whether or not agglomerated in logs, briquettes, pellets or similar forms",,44,IX
440111,sous_position,"Wood; for fuel, in logs, in billets, in twigs, in faggots or similar forms, whether or not agglomerated, coniferous",,4401,IX
440112,sous_position,"Wood; for fuel, in logs, in billets, in twigs, in faggots or similar forms, whether or not agglomerated, non-coniferous",,4401,IX
440121,sous_position,"Wood; for fuel, in chips or particles, coniferous, whether or not agglomerated",,4401,IX
440122,sous_position,"Wood; for fuel, in chips or particles, non-coniferous, whether or not agglomerated",,4401,IX
440131,sous_position,"Wood; for fuel, sawdust and wood waste and scrap, agglomerated in wood pellets",,4401,IX
440132,sous_position,"Wood; for fuel, sawdust and wood waste and scrap, agglomerated in wood briquettes",,4401,IX
440139,sous_position,"Wood; for fuel, sawdust and wood waste and scrap, agglomerated in logs or similar forms, other than wood pellets or wood briquettes",,4401,IX
440141,sous_position,"Wood; for fuel, sawdust and wood waste and scrap, not agglomerated; sawdust",,4401,IX
440149,sous_position,"Wood; for fuel, sawdust and wood waste and scrap, not agglomerated and not including sawdust",,4401,IX
4402,position,"Wood charcoal (including shell or nut charcoal), whether or not agglomerated",,44,IX
440210,sous_position,"Wood; charcoal of bamboo, whether or not agglomerated",,4402,IX
440220,sous_position,"Wood; charcoal of nut or shell, whether or not agglomerated",,4402,IX
440290,sous_position,"Wood; charcoal of wood other than bamboo, nut or shell, whether or not agglomerated",,4402,IX
4403,position,"Wood in the rough, whether or not stripped of bark or sapwood, or roughly squared",,44,IX
440311,sous_position,"Wood; coniferous species, in the rough, whether or not stripped of bark or sapwood, or roughly squared; treated with paint, stains, creosote or other preservatives",,4403,IX
440312,sous_position,"Wood; non-coniferous species, in the rough, whether or not stripped of bark or sapwood, or roughly squared; treated with paint, stains, creosote or other preservatives",,4403,IX
440321,sous_position,"Wood; coniferous species, of pine (Pinus spp.), in the rough, whether or not stripped of bark or sapwood, or roughly squared, untreated, of which the smallest cross-sectional dimension is 15 cm or more",,4403,IX
440322,sous_position,"Wood; coniferous species, of pine (Pinus spp.), in the rough, whether or not stripped of bark or sapwood, or roughly squared, untreated, of which any cross-sectional dimension is less than 15 cm",,4403,IX
440323,sous_position,"Wood; coniferous species, of fir (Abies spp.) and spruce (Picea spp.), in the rough, whether or not stripped of bark or sapwood, or roughly squared, untreated, of which the smallest cross-sectional dimension is 15 cm or more",,4403,IX
440324,sous_position,"Wood; coniferous species, of fir (Abies spp.) and spruce (Picea spp.), in the rough, whether or not stripped of bark or sapwood, or roughly squared, untreated, of which any cross-sectional dimension is less than 15 cm",,4403,IX
440325,sous_position,"Wood; coniferous species n.e.c. in headings 4403.21 or 4403.23, in the rough, whether or not stripped of bark or sapwood, or roughly squared, untreated, of which the smallest cross-sectional dimension is 15 cm or more",,4403,IX
440326,sous_position,"Wood; coniferous species n.e.c in headings 4403.22 or 4403.24, in the rough, whether or not stripped of bark or sapwood, or roughly squared, untreated, of which any cross-sectional dimension is less than 15 cm",,4403,IX
440341,sous_position,"Wood, tropical; as specified in Subheading Note 2 to this Chapter, dark red meranti, light red meranti and meranti bakau, in the rough, whether or not stripped of bark or sapwood, or roughly squared, untreated",,4403,IX
440342,sous_position,"Wood, tropical; teak, in the rough, whether or not stripped of bark or sapwood, or roughly squared, untreated",,4403,IX
440349,sous_position,"Wood, tropical; other than dark red meranti, light red meranti meranti bakau and teak, in the rough, whether or not stripped of bark or sapwood, or roughly squared, untreated",,4403,IX
440391,sous_position,"Wood; oak, in the rough, whether or not stripped of bark or sapwood, or roughly squared, untreated",,4403,IX
440393,sous_position,"Wood; of beech (Fagus spp.), in the rough, whether or not stripped of bark or sapwood, or roughly squared, untreated, of which the smallest cross-sectional dimension is 15 cm or more",,4403,IX
440394,sous_position,"Wood; of beech (Fagus spp.), in the rough, whether or not stripped of bark or sapwood, or roughly squared, untreated, of which any cross-sectional dimension is less than 15 cm",,4403,IX
440395,sous_position,"Wood; of birch (Betula spp.), in the rough, whether or not stripped of bark or sapwood, or roughly squared, untreated, of which the smallest cross-sectional dimension is 15 cm or more",,4403,IX
440396,sous_position,"Wood; of birch (Betula spp.), in the rough, whether or not stripped of bark or sapwood, or roughly squared, untreated, of which any cross-sectional dimension is less than 15 cm",,4403,IX
440397,sous_position,"Wood; of poplar and aspen (Populus spp.), in the rough, whether or not stripped of bark or sapwood, or roughly squared, untreated",,4403,IX
440398,sous_position,"Wood; of eucalyptus (Eucalyptus spp.), in the rough, whether or not stripped of bark or sapwood, or roughly squared, untreated",,4403,IX
440399,sous_position,"Wood; in the rough, whether or not stripped of bark or sapwood, or roughly squared, untreated, n.e.c. in heading no. 4403",,4403,IX
4404,position,"Hoopwood; split poles; piles, pickets, stakes of wood, pointed, not sawn lengthwise; wooden sticks, roughly trimmed, not turned, bent, etc., suitable for walking sticks, umbrellas, tool handles, etc.",,44,IX
440410,sous_position,"Wood; coniferous, split poles, piles, pickets, stakes, pointed but not sawn lengthwise; sticks for umbrellas, tool handles etc, roughly trimmed but not turned or bent; chipwood etc, hoopwood",,4404,IX
440420,sous_position,"Wood; non-coniferous, split poles, piles, pickets, stakes, pointed but not sawn lengthwise; sticks for umbrellas, tool handles etc, roughly trimmed but not turned or bent; chipwood etc, hoopwood",,4404,IX
4405,position,Wood wool; wood flour,,44,IX
440500,sous_position,Wood; wood wool and wood flour,,4405,IX
4406,position,Railway or tramway sleepers (cross-ties) of wood,,44,IX
440611,sous_position,"Wood; railway or tramway sleepers (cross-ties), not impregnated, coniferous",,4406,IX
440612,sous_position,"Wood; railway or tramway sleepers (cross-ties), not impregnated, non-coniferous",,4406,IX
440691,sous_position,"Wood; railway or tramway sleepers (cross-ties), impregnated, coniferous",,4406,IX
440692,sous_position,"Wood; railway or tramway sleepers (cross-ties), impregnated, non-coniferous",,4406,IX
4407,position,"Wood sawn or chipped lengthwise, sliced or peeled, whether or not planed, sanded or finger-jointed, of a thickness exceeding 6mm",,44,IX
440711,sous_position,"Wood; coniferous species, of pine (Pinus spp.), sawn or chipped lengthwise, sliced or peeled, whether or not planed, sanded or finger-jointed, of a thickness exceeding 6mm",,4407,IX
440712,sous_position,"Wood; coniferous species, of fir (Abies spp.) and spruce (Picea spp.), sawn or chipped lengthwise, sliced or peeled, whether or not planed, sanded or finger-jointed, of a thickness exceeding 6mm",,4407,IX
440713,sous_position,"Wood; coniferous species, of S-P-F (spruce (Picea spp.), pine (Pinus spp.) and fir (Abies spp.)), sawn or chipped lengthwise, sliced or peeled, whether or not planed, sanded or finger-jointed, of a thickness exceeding 6mm",,4407,IX
440714,sous_position,"Wood; coniferous species, of Hem-fir (western hemlock (Tsuga heterophylla) and fir (Abies spp.))",,4407,IX
440719,sous_position,"Wood; coniferous species, other than of pine (Pinus spp.) or fir (Abies spp.) or spruce (Picea spp.), sawn or chipped lengthwise, sliced or peeled, whether or not planed, sanded or finger-jointed, of a thickness exceeding 6mm",,4407,IX
440721,sous_position,"Wood, tropical; as specified in Subheading Note 2 to this Chapter, mahogany (Swietenia spp.), sawn or chipped lengthwise, sliced or peeled, whether or not planed, sanded or finger-jointed, thicker than 6mm",,4407,IX
440722,sous_position,"Wood, tropical; virola, imbuia and balsa, sawn or chipped lengthwise, sliced or peeled, whether or not planed, sanded or finger-jointed, thicker than 6mm",,4407,IX
440723,sous_position,"Wood, tropical; teak, sawn or chipped lengthwise, sliced or peeled, planed, square dressed, structural, thicker than 6mm",,4407,IX
440725,sous_position,"Wood, tropical; dark red meranti, light red meranti and meranti bakau, sawn or chipped lengthwise, sliced or peeled, whether or not planed, sanded or finger-jointed, thicker than 6mm",,4407,IX
440726,sous_position,"Wood, tropical; white lauan, white meranti, white seraya, yellow meranti and alan, sawn or chipped lengthwise, sliced or peeled, whether or not planed, sanded or finger-jointed, thicker than 6mm",,4407,IX
440727,sous_position,"Wood, tropical; sapelli, sawn or chipped lengthwise, sliced or peeled, whether or not planed, sanded or finger-jointed, thicker than 6mm",,4407,IX
440728,sous_position,"Wood, tropical; iroko, sawn or chipped lengthwise, sliced or peeled, whether or not planed, sanded or finger-jointed, thicker than 6mm",,4407,IX
440729,sous_position,"Wood, tropical, n.e.c. in item no. 4407.2, sawn or chipped lengthwise, sliced or peeled, whether or not planed, sanded or finger-jointed, of a thickness exceeding 6mm",,4407,IX
440791,sous_position,"Wood; oak (Quercus spp.), sawn or chipped lengthwise, sliced or peeled, whether or not planed, sanded or finger-jointed, thicker than 6mm",,4407,IX
440792,sous_position,"Wood; beech (Fagus spp.), sawn or chipped lengthwise, sliced or peeled, whether or not planed, sanded or finger-jointed, thicker than 6mm",,4407,IX
440793,sous_position,"Wood; maple (Acer spp.), sawn or chipped lengthwise, sliced or peeled, whether or not planed, sanded or finger-jointed, thicker than 6mm",,4407,IX
440794,sous_position,"Wood; cherry (Prunus spp.), sawn or chipped lengthwise, sliced or peeled, whether or not planed, sanded or finger-jointed, thicker than 6mm",,4407,IX
440795,sous_position,"Wood; ash (Fraxinus spp.), sawn or chipped lengthwise, sliced or peeled, whether or not planed, sanded or finger-jointed, thicker than 6mm",,4407,IX
440796,sous_position,"Wood; of birch (Betula spp.), sawn or chipped lengthwise, sliced or peeled, of a thickness exceeding 6mm, whether or not planed, sanded or finger-jointed",,4407,IX
440797,sous_position,"Wood; of poplar and aspen (Populus spp.), sawn or chipped lengthwise, sliced or peeled, of a thickness exceeding 6mm, whether or not planed, sanded or finger-jointed",,4407,IX
440799,sous_position,"Wood; sawn or chipped lengthwise, sliced or peeled, of a thickness exceeding 6mm, whether or not planed, sanded or finger-jointed, n.e.c. in heading no. 4407",,4407,IX
4408,position,"Sheets for veneering (including those obtained by slicing laminated wood), for plywood or for similar laminated wood and other wood, sawn lengthwise, sliced or peeled, planed or not, sanded, spliced or end-jointed, of a thickness not exceeding 6 mm",,44,IX
440810,sous_position,"Wood; coniferous, sheets for veneering (including those obtained by slicing laminated wood), for plywood or similar laminated wood and other wood, sawn lengthwise, sliced or peeled, planed or not, sanded, spliced or end-jointed, not over 6 mm thick",,4408,IX
440831,sous_position,"Wood, tropical; as specified in Subheading Note 2 to this Chapter, dark red meranti, light red meranti, meranti bakau, sheets for veneer, plywood or other wood, sawn lengthwise, sliced or peeled, planed or not, sanded or end-jointed, not thicker than 6mm",,4408,IX
440839,sous_position,"Wood, of tropical wood; as in Subheading note 2 to this Chapter, n.e.c. in heading no. 4408.31, sheets for veneer or plywood, other wood sawn length wise, sliced or peeled, whether or not planed, sanded or end-jointed, not thicker than 6mm",,4408,IX
440890,sous_position,"Wood; n.e.c. in heading no. 4408, sheets for veneer or plywood, other wood sawn lengthwise, sliced or peeled, whether or not planed, sanded or end-jointed, not exceeding 6mm in thickness",,4408,IX
4409,position,"Wood (including strips, friezes for parquet flooring, not assembled), continuously shaped (tongued, grooved, v-jointed, beaded or the like) along any edges, ends or faces, whether or not planed, sanded or end-jointed",,44,IX
440910,sous_position,"Wood; coniferous (including unassembled strips and friezes for parquet flooring), continuously shaped along any edges, ends or faces, whether or not planed, sanded or end-jointed",,4409,IX
440921,sous_position,"Wood; bamboo (including unassembled strips and friezes for parquet flooring), continuously shaped along any edges, ends or faces, whether or not planed, sanded or end-jointed",,4409,IX
440922,sous_position,"Wood; tropical (including unassembled strips and friezes for parquet flooring), continuously shaped along any edges, ends or faces, whether or not planed, sanded or end-jointed",,4409,IX
440929,sous_position,"Wood; non-coniferous, other than bamboo or tropical wood, (including unassembled strips and friezes for parquet flooring), continuously shaped along any edges, ends or faces, whether or not planed, sanded or end-jointed",,4409,IX
4410,position,"Particle board, oriented strand board (OSB) and similar board (e.g. waferboard) of wood or other ligneous materials, whether or not agglomerated with resins or other organic binding substances",,44,IX
441011,sous_position,"Particle board of wood, whether or not agglomerated with resins or other organic binding substances",,4410,IX
441012,sous_position,"Oriented strand board (OSB) of wood, whether or not agglomerated with resins or other organic binding substances",,4410,IX
441019,sous_position,"Wafer board and similar board of wood n.e.c. in item no. 4410.1, whether or not agglomerated with resins or other organic binding substances",,4410,IX
441090,sous_position,"Particle board, oriented strand board (OSB) and similar board of ligneous materials other than wood, whether or not agglomerated with resins or other organic binding substances",,4410,IX
4411,position,"Fibreboard of wood or other ligneous materials, whether or not bonded with resins or other organic substances",,44,IX
441112,sous_position,"Medium density fibreboard (MDF), of a thickness not exceeding 5 mm",,4411,IX
441113,sous_position,"Medium density fibreboard (MDF), of a thickness exceeding 5 mm but not exceeding 9 mm",,4411,IX
441114,sous_position,"Medium density fibreboard (MDF), of a thickness exceeding 9 mm",,4411,IX
441192,sous_position,"Fibreboard (other than MDF) of a density exceeding 0.8g/cm3, of wood or other ligneous materials, bonded or not with resins or other organic substances",,4411,IX
441193,sous_position,"Fibreboard (other than MDF) of a density exceeding 0.5g/cm3 but not 0.8g/cm3, of wood or other ligneous materials, bonded or not with resins or other organic substances",,4411,IX
441194,sous_position,"Fibreboard (other than MDF) of a density not exceeding 0.5g/cm3, of wood or other ligneous materials, bonded or not with resins or other organic substances",,4411,IX
4412,position,"Plywood, veneered panels and similar laminated wood",,44,IX
441210,sous_position,"Plywood, veneered panels and similar laminated wood; of bamboo",,4412,IX
441231,sous_position,"Plywood; consisting only of sheets of wood (not bamboo), each ply 6mm or thinner, with at least one outer ply of tropical wood",,4412,IX
441233,sous_position,"Plywood; with sheets of wood only; not bamboo; each ply 6mm or less, with at least one outer ply of alder, ash, beech, birch, cherry, chestnut, elm, eucalyptus, hickory, horse chestnut, lime, maple, oak, plane, poplar, aspen, robinia, tulipwood or walnut",,4412,IX
441234,sous_position,"Plywood; consisting only of sheets of wood (not bamboo), each ply 6mm or thinner, with at least one outer ply of non-coniferous wood not listed in subheading 4412.33",,4412,IX
441239,sous_position,"Plywood; consisting only of sheets of wood (not bamboo), each ply 6mm or thinner, with both outer plies of coniferous wood",,4412,IX
441241,sous_position,"Plywood, veneered panels and similar laminated wood; laminated veneered lumber (LVL); with at least one outer ply of tropical wood",,4412,IX
441242,sous_position,Laminated veneered lumber (LVL); with at least one outer ply of non-coniferous wood,,4412,IX
441249,sous_position,Laminated veneered lumber (LVL); with both outer plies of coniferous wood,,4412,IX
441251,sous_position,"Blockboard, laminboard and battenboard; with at least one outer layer of tropical wood",,4412,IX
441252,sous_position,"Blockboard, laminboard and battenboard; with at least one outer ply of non-coniferous wood, (not containing particle board)",,4412,IX
441259,sous_position,"Blockboard, laminboard and battenboard; with both outer plies of coniferous wood",,4412,IX
441291,sous_position,"Plywood; n.e.c. in heading 4412, with at least one outer ply of tropical wood",,4412,IX
441292,sous_position,"Plywood; n.e.c. in heading 4412, with at least one outer ply of non-coniferous wood",,4412,IX
441299,sous_position,"Plywood; n.e.c. in heading 4412, with both outer plies of coniferous wood",,4412,IX
4413,position,"Densified wood, in blocks, plates, strips or profile shapes",,44,IX
441300,sous_position,"Wood; densified wood, in blocks, plates, strips or profile shapes",,4413,IX
4414,position,"Wooden frames; for paintings, photographs, mirrors or similar objects",,44,IX
441410,sous_position,"Wooden frames; for paintings, photographs, mirrors or similar objects; of tropical wood",,4414,IX
441490,sous_position,"Wooden frames; for paintings, photographs, mirrors or similar objects; not of tropical wood",,4414,IX
4415,position,"Packing cases, boxes, crates, drums and similar packings, of wood; cable-drums of wood; pallets, box pallets and other load boards, of wood; pallet collars of wood",,44,IX
441510,sous_position,"Wood; cases, boxes, crates, drums, similar packings and cable-drums",,4415,IX
441520,sous_position,"Wood; pallets, box pallets and other load boards; pallet collars",,4415,IX
4416,position,"Casks, barrels, vats, tubs and other coopers' products and parts thereof, of wood, including staves",,44,IX
441600,sous_position,"Wood; casks, barrels, vats, tubs and other coopers' products and parts thereof, of wood, including staves",,4416,IX
4417,position,"Tools, tool bodies, tool handles, broom or brush bodies and handles, of wood; boot or shoe lasts and trees, of wood",,44,IX
441700,sous_position,"Wood; tools, tool bodies, tool handles, broom or brush bodies and handles, boot and shoe lasts and trees, of wood",,4417,IX
4418,position,"Builders' joinery and carpentry of wood, including cellular wood panels, assembled flooring panels, shingles and shakes",,44,IX
441811,sous_position,"Wood; windows, French-windows and their frames; of tropical wood",,4418,IX
441819,sous_position,"Wood; windows, French-windows and their frames; (of other than tropical wood)",,4418,IX
441821,sous_position,"Wood; doors and their frames and thresholds, of tropical wood;",,4418,IX
441829,sous_position,"Wood; doors and their frames and thresholds, (of other than tropical wood)",,4418,IX
441830,sous_position,wood; posts and beams other than products of subheadings 4418.81 to 4418.89,,4418,IX
441840,sous_position,Wood; shuttering for concrete constructional work,,4418,IX
441850,sous_position,Wood; shingles and shakes,,4418,IX
441873,sous_position,"Wood; assembled flooring panels, of bamboo or with at least the top layer (wear layer) of bamboo",,4418,IX
441874,sous_position,"Wood; assembled flooring panels, not of bamboo or with at least the top layer (wear layer) of bamboo, for mosaic floors",,4418,IX
441875,sous_position,"Wood; assembled flooring panels, not of bamboo or with at least the top layer (wear layer) of bamboo, multilayer",,4418,IX
441879,sous_position,"Wood; assembled flooring panels, n.e.c in headings 4418.73, 4418.74 or 4418.75",,4418,IX
441881,sous_position,"Wood; engineered structural timber products, glue-laminated timber (glulam)",,4418,IX
441882,sous_position,"Wood; engineered structural timber products, cross-laminated timber (CLT or X-lam)",,4418,IX
441883,sous_position,"Wood; engineered structural timber products, I beams",,4418,IX
441889,sous_position,"Wood; engineered structural timber products, other than glue-laminated timber (glulam), cross-laminated timber (CLT or X-lam), or I beams",,4418,IX
441891,sous_position,"Wood; builders' joinery and carpentry of wood n.e.c. in heading no. 4418, of bamboo",,4418,IX
441892,sous_position,"Wood; builders' joinery and carpentry of wood n.e.c. in heading no. 4418, cellular wood panels",,4418,IX
441899,sous_position,"Wood; builders' joinery and carpentry of wood n.e.c. in heading no. 4418, other than of bamboo or cellular wood panels",,4418,IX
4419,position,"Tableware and kitchenware, of wood",,44,IX
441911,sous_position,"Tableware and kitchenware, of wood; of bamboo, bread boards, chopping boards and similar boards",,4419,IX
441912,sous_position,"Tableware and kitchenware, of wood; of bamboo, chopsticks",,4419,IX
441919,sous_position,"Tableware and kitchenware, of wood; of bamboo, n.e.c. in heading 4419",,4419,IX
441920,sous_position,"Tableware and kitchenware, of wood; of tropical wood",,4419,IX
441990,sous_position,"Tableware and kitchenware, of wood; not of bamboo or tropical wood",,4419,IX
4420,position,"Wood marquetry and inlaid wood; caskets and cases for jewellery or cutlery, and similar articles of wood; statuettes and other ornaments of wood; wooden articles of furniture not falling in chapter 94",,44,IX
442011,sous_position,"Wood; statuettes and other ornaments, of tropical wood",,4420,IX
442019,sous_position,"Wood; statuettes and other ornaments, of other than tropical wood",,4420,IX
442090,sous_position,"Wood; marquetry and inlaid wood, caskets and cases for jewellery or cutlery and similar articles of wood, wooden articles of furniture not falling in chapter 94",,4420,IX
4421,position,Wooden articles n.e.c. in heading no. 4414 to 4420,,44,IX
442110,sous_position,Wood; clothes hangers,,4421,IX
442120,sous_position,Wood; coffins,,4421,IX
442191,sous_position,"Wood; of bamboo, articles n.e.c. in heading no. 4414 to 4420 (excluding clothes hangers)",,4421,IX
442199,sous_position,"Wood; not of bamboo, articles n.e.c. in heading no. 4414 to 4420 (excluding clothes hangers)",,4421,IX
45,chapitre,Cork and articles of cork,,TOTAL,IX
4501,position,"Natural cork, raw or simply prepared; waste cork; crushed, granulated or ground cork",,45,IX
450110,sous_position,"Cork; natural cork, raw or simply prepared",,4501,IX
450190,sous_position,"Cork; waste cork, crushed, granulated or ground cork",,4501,IX
4502,position,"Natural cork, debacked or roughly squared, or in rectangular (including square) blocks, plates, sheets or strip, (including sharp-edged blanks for corks or stoppers)",,45,IX
450200,sous_position,"Cork; natural cork, debacked or roughly squared, or in rectangular (including square) blocks, plates, sheets or strip, (including sharp-edged blanks for corks or stoppers)",,4502,IX
4503,position,Cork; articles of natural cork,,45,IX
450310,sous_position,"Cork; corks and stoppers, of natural cork",,4503,IX
450390,sous_position,Cork; articles of natural cork other than corks and stoppers,,4503,IX
4504,position,Agglomerated cork (with or without a binding substance) and articles of agglomerated cork,,45,IX
450410,sous_position,"Cork; blocks, plates, sheets and strip, tiles of any shape, solid cylinders (including discs), of agglomerated cork (with or without a binding substance)",,4504,IX
450490,sous_position,"Cork; articles of agglomerated cork (with or without a binding substance), n.e.c. in heading no. 4504",,4504,IX
46,chapitre,"Manufactures of straw, esparto or other plaiting materials; basketware and wickerwork",,TOTAL,IX
4601,position,"Plaits and similar products of plaiting materials, assembled into strips or not; plaiting materials, plaits and the like bound together in parallel strands or woven in sheet form, finished articles or not",,46,IX
460121,sous_position,"Plaiting materials, plaits and similar products of plaiting materials; mats, matting and screens, of bamboo",,4601,IX
460122,sous_position,"Plaiting materials, plaits and similar products of plaiting materials; mats, matting and screens, of rattan",,4601,IX
460129,sous_position,"Plaiting materials, plaits and similar products of plaiting materials; mats, matting and screens, of vegetable materials other than bamboo or rattan",,4601,IX
460192,sous_position,"Plaiting materials, plaits and similar products of plaiting materials; (not mats, matting or screens), of bamboo",,4601,IX
460193,sous_position,"Plaiting materials, plaits and similar products of plaiting materials; (not mats, matting or screens), of rattan",,4601,IX
460194,sous_position,"Plaiting materials, plaits and similar products of plaiting materials; (not mats, matting or screens), of vegetable materials other than bamboo or rattan",,4601,IX
460199,sous_position,"Plaiting materials, plaits and similar products of plaiting materials; products of non-vegetable materials",,4601,IX
4602,position,"Basketwork, wickerwork and other articles, made directly to shape from plaiting materials or made up from goods of heading no. 4601; articles of loofah",,46,IX
460211,sous_position,"Basketwork, wickerwork and other articles; of bamboo, made directly to shape from plaiting materials or made up from goods of heading no. 4601",,4602,IX
460212,sous_position,"Basketwork, wickerwork and other articles; of rattan, made directly to shape from plaiting materials or made up from goods of heading no. 4601",,4602,IX
460219,sous_position,"Basketwork, wickerwork and other articles; of vegetable materials (not bamboo or rattan), made directly to shape from plaiting materials or made up from goods of heading no. 4601; articles of loofah",,4602,IX
460290,sous_position,"Basketwork, wickerwork and other articles; of non-vegetable materials, made directly to shape from plaiting materials or made up from goods of heading no. 4601",,4602,IX
47,chapitre,Pulp of wood or other fibrous cellulosic material; recovered (waste and scrap) paper or paperboard,,TOTAL,X
4701,position,"Wood pulp, mechanical wood pulp",,47,X
470100,sous_position,Wood pulp; mechanical wood pulp,,4701,X
4702,position,"Chemical wood pulp, dissolving grades",,47,X
470200,sous_position,"Wood pulp; chemical wood pulp, dissolving grades",,4702,X
4703,position,"Chemical wood pulp, soda or sulphate, other than dissolving grades",,47,X
470311,sous_position,"Wood pulp; chemical wood pulp, soda or sulphate, (other than dissolving grades), unbleached, of coniferous wood",,4703,X
470319,sous_position,"Wood pulp; chemical wood pulp, soda or sulphate, (other than dissolving grades), unbleached, of non-coniferous wood",,4703,X
470321,sous_position,"Wood pulp; chemical wood pulp, soda or sulphate, (other than dissolving grades), semi-bleached or bleached, of coniferous wood",,4703,X
470329,sous_position,"Wood pulp; chemical wood pulp, soda or sulphate, (other than dissolving grades), semi-bleached or bleached, of non-coniferous wood",,4703,X
4704,position,"Chemical wood pulp, sulphite, other than dissolving grades",,47,X
470411,sous_position,"Wood pulp; chemical wood pulp, sulphite, (other than dissolving grades), unbleached, of coniferous wood",,4704,X
470419,sous_position,"Wood pulp; chemical wood pulp, sulphite, (other than dissolving grades), unbleached, of non-coniferous wood",,4704,X
470421,sous_position,"Wood pulp; chemical wood pulp, sulphite, (other than dissolving grades), semi-bleached or bleached, of coniferous wood",,4704,X
470429,sous_position,"Wood pulp; chemical wood pulp, sulphite, (other than dissolving grades), semi-bleached or bleached, of non-coniferous wood",,4704,X
4705,position,Wood pulp obtained by a combination of mechanical and chemical pulping processes,,47,X
470500,sous_position,Wood pulp; obtained by a combination of mechanical and chemical pulping processes,,4705,X
4706,position,Pulps of fibres derived from recovered (waste and scrap) paper or paperboard or of other fibrous cellulosic material,,47,X
470610,sous_position,Pulp; cotton linters pulp,,4706,X
470620,sous_position,Pulp; of fibres derived from recovered (waste and scrap) paper or paperboard,,4706,X
470630,sous_position,Pulp; of bamboo,,4706,X
470691,sous_position,"Pulp; of fibrous cellulosic material, other than of bamboo or fibres derived from recovered (waste and scrap) paper or paperboard or from cotton linters pulp, mechanical",,4706,X
470692,sous_position,"Pulp; of fibrous cellulosic material, other than of bamboo or fibres derived from recovered (waste and scrap) paper or paperboard or from cotton linters pulp, chemical",,4706,X
470693,sous_position,"Pulp; of fibrous cellulosic material, other than of bamboo or fibres derived from recovered (waste and scrap) paper or paperboard or from cotton linters pulp, obtained by a combination of mechanical and chemical processes",,4706,X
4707,position,Waste and scrap of paper and paperboard,,47,X
470710,sous_position,"Paper or paperboard; waste and scrap, of unbleached kraft paper or paperboard or corrugated paper or paperboard",,4707,X
470720,sous_position,"Paper or paperboard; waste and scrap, paper or paperboard made mainly of bleached chemical pulp, not coloured in the mass",,4707,X
470730,sous_position,"Paper or paperboard; waste and scrap, paper or paperboard made mainly of mechanical pulp (e.g. newspapers, journals and similar printed matter)",,4707,X
470790,sous_position,"Paper or paperboard; waste and scrap, of paper or paperboard n.e.c. in heading no. 4707 and of unsorted waste and scrap",,4707,X
48,chapitre,"Paper and paperboard; articles of paper pulp, of paper or paperboard",,TOTAL,X
4801,position,"Newsprint, in rolls or sheets",,48,X
480100,sous_position,"Newsprint; made of fibres obtained essentially by a chemi-mechanical process or of a weight, per m2, of more than 57g but not more than 65g, in rolls or sheets",,4801,X
4802,position,"Uncoated paper and paperboard, used for writing, printing or other graphics, non perforated punch-cards and punch tape paper, in rolls or rectangular sheets, of any size, other than paper of heading 4801 or 4803; hand-made paper and paperboard",,48,X
480210,sous_position,Hand-made paper or paperboard,,4802,X
480220,sous_position,"Uncoated paper and paperboard (not 4801 or 4803); of a kind used as a base for photo-sensitive, heat-sensitive or electro-sensitive paper or paperboard, in rolls or sheets",,4802,X
480240,sous_position,"Uncoated paper and paperboard (not 4801 or 4803); wallpaper base, in rolls or sheets",,4802,X
480254,sous_position,"Uncoated paper and paperboard (not 4801 or 4803); printing, writing or graphic, 10% or less by weight of mechanical or chemi-mechanical processed fibre, weighing less than 40g/m2, in rolls or sheets",,4802,X
480255,sous_position,"Uncoated paper and paperboard (not 4801 or 4803); printing, writing or graphic, 10% or less by weight of mechanical or chemi-mechanical processed fibre, weighing 40g/m2 to 150g/m2, in rolls",,4802,X
480256,sous_position,"Uncoated paper and paperboard (not 4801 or 4803); printing, writing or graphic, 10% or less by weight of mechanical or chemi-mechanical processed fibre, weight 40-150g/m2, in sheets 435mm or less by 297mm or less (unfolded)",,4802,X
480257,sous_position,"Uncoated paper and paperboard (not 4801 or 4803); printing, writing or graphic, 10% or less by weight of mechanical or chemi-mechanical processed fibre, weight 40-150g/m2, n.e.c. in item no. 4802.55 or 4802.56",,4802,X
480258,sous_position,"Uncoated paper and paperboard (not 4801 or 4803); printing, writing or graphic, 10% or less by weight of mechanical or chemi-mechanical processed fibre, weighing more than 150g/m2",,4802,X
480261,sous_position,"Uncoated paper and paperboard (not 4801 or 4803); over 10% by weight of mechanical or chemi-mechanical processed fibre, in rolls",,4802,X
480262,sous_position,"Uncoated paper and paperboard (not 4801 or 4803); over 10% by weight of mechanical or chemi-mechanical processed fibre, in sheets 435mm or less by 297mm or less (unfolded)",,4802,X
480269,sous_position,"Uncoated paper and paperboard (not 4801 or 4803); over 10% by weight of mechanical or chemi-mechanical processed fibre, other than rolls, other than sheets 435mm or less by 297mm or less (unfolded)",,4802,X
4803,position,"Tissue, towel, napkin stock or similar; for household or sanitary uses, cellulose wadding, webs of cellulose fibres, in rolls over 36cm in width or rectangular sheets with one side exceeding 36cm when unfolded",,48,X
480300,sous_position,"Tissue, towel, napkin stock or similar; for household or sanitary use, cellulose, wadding webs of cellulose fibres, in rolls exceeding 36cm in width or rectangular sheets with one side more than 36cm in unfolded state",,4803,X
4804,position,"Uncoated kraft paper and paperboard, in rolls or sheets, other than that of heading no. 4802 or 4803",,48,X
480411,sous_position,"Kraft paper and paperboard; kraftliner, uncoated, unbleached, in rolls or sheets, other than that of heading no. 4802 or 4803",,4804,X
480419,sous_position,"Kraft paper and paperboard; kraftliner, uncoated, bleached, in rolls or sheets, other than that of heading no. 4802 or 4803",,4804,X
480421,sous_position,"Kraft paper and paperboard; sack kraft paper, uncoated, unbleached, in rolls or sheets, other than that of heading no. 4802 or 4803",,4804,X
480429,sous_position,"Kraft paper and paperboard; sack kraft paper, uncoated, bleached, in rolls or sheets, other than that of heading no. 4802 or 4803",,4804,X
480431,sous_position,"Kraft paper and paperboard; uncoated, unbleached, weight 150g/m2 or less, in rolls or sheets, other than that of heading no. 4802 or 4803",,4804,X
480439,sous_position,"Kraft paper and paperboard; uncoated, bleached, weight 150g/m2 or less, in rolls or sheets, other than that of heading no. 4802 or 4803",,4804,X
480441,sous_position,"Kraft paper and paperboard; uncoated, unbleached, weight more than 150g/m2 but less than 225g/m2, in rolls or sheets, other than that of heading no. 4802 or 4803",,4804,X
480442,sous_position,"Kraft paper and paperboard; uncoated, weight between 150 and 225g/m2, bleached uniformly throughout, more than 95% of total fibre content consists of chemically processed wood fibres, in rolls or sheets",,4804,X
480449,sous_position,"Kraft paper and paperboard; uncoated, weight more than 150g/m2 but less than 225g/m2, in rolls or sheets, n.e.c. in item no. 4804.4, other than that of heading no. 4802 or 4803",,4804,X
480451,sous_position,"Kraft paper and paperboard; uncoated, unbleached, weight 225g/m2 or more, in rolls or sheets, other than that of heading no. 4802 or 4803",,4804,X
480452,sous_position,"Kraft paper and paperboard; uncoated, weight 225g/m2 or more, bleached uniformly throughout, more than 95% of total fibre content consists of chemically processed wood fibres, in rolls or sheets",,4804,X
480459,sous_position,"Kraft paper and paperboard; uncoated, weight 225g/m2 or more, in rolls or sheets, n.e.c. in item no. 4804.5, other than that of heading no. 4802 or 4803",,4804,X
4805,position,"Uncoated paper and paperboard n.e.c., in rolls or sheets",,48,X
480511,sous_position,"Paper and paperboard; uncoated, semi-chemical fluting paper, rolls or sheets",,4805,X
480512,sous_position,"Paper and paperboard; uncoated, straw fluting paper, rolls or sheets",,4805,X
480519,sous_position,"Paper and paperboard; uncoated, fluting paper other than semi-chemical or straw, rolls or sheets",,4805,X
480524,sous_position,"Paper & paperboard; uncoated, testliner (recycled linerboard), weight 150g/m2, or less, in rolls or sheets",,4805,X
480525,sous_position,"Paper & paperboard; uncoated, testliner (recycled linerboard), weight over 150g/m2, in rolls or sheets",,4805,X
480530,sous_position,"Paper and paperboard; sulphite wrapping paper, uncoated, in rolls or sheets",,4805,X
480540,sous_position,"Paper and paperboard; filter paper and paperboard, uncoated, in rolls or sheets",,4805,X
480550,sous_position,"Paper and paperboard; felt paper and paperboard, uncoated, in rolls or sheets",,4805,X
480591,sous_position,"Paper and paperboard; uncoated, weight 150g/m2 or less, in rolls or sheets, n.e.c. in heading no.4805",,4805,X
480592,sous_position,"Paper and paperboard; uncoated, weight more than 150g/m2 but less than 225 g/m2, in rolls or sheets, n.e.c. in heading no. 4805",,4805,X
480593,sous_position,"Paper and paperboard; uncoated, weight 225/m2 or more, in rolls or sheets, n.e.c. in heading no. 4805",,4805,X
4806,position,"Vegetable parchment, greaseproof papers, tracing papers, glassine and other glazed transparent or translucent papers, in rolls or sheets",,48,X
480610,sous_position,"Paper; vegetable parchment, in rolls or sheets",,4806,X
480620,sous_position,"Paper; greaseproof papers, in rolls or sheets",,4806,X
480630,sous_position,"Paper; tracing papers, in rolls or sheets",,4806,X
480640,sous_position,"Paper; glassine and other glazed transparent or translucent papers, in rolls or sheets",,4806,X
4807,position,"Composite paper and paperboard, (made by sticking layers together with an adhesive), not surface-coated or impregnated, whether or not internally reinforced, in rolls or sheets",,48,X
480700,sous_position,"Paper and paperboard; composite (made by sticking layers together with an adhesive), not surface-coated or impregnated, whether or not internally reinforced, in rolls or sheets",,4807,X
4808,position,"Paper and paperboard, corrugated (with or without glued flat surface sheets), creped, crinkled, embossed or perforated, in rolls or sheets other than paper of the kind described in heading 4803",,48,X
480810,sous_position,"Paper and paperboard; corrugated, whether or not perforated, in rolls or sheets, other than paper of heading 4803",,4808,X
480840,sous_position,"Paper and paperboard; kraft paper, creped or crinkled, whether or not embossed or perforated, in rolls or sheets, other than paper of heading 4803",,4808,X
480890,sous_position,"Paper and paperboard; other than corrugated (with or without glued flat surface sheets) or kraft paper, creped or crinkled, whether or not embossed or perforated, in rolls or sheets, other than paper of heading 4803",,4808,X
4809,position,"Carbon paper, self copy paper, and other copying or transfer papers (including coated or impregnated paper for duplicator stencils or offset plates), whether or not printed, in rolls or sheets",,48,X
480920,sous_position,"Paper; self-copy paper, whether or not printed, in rolls or sheets",,4809,X
480990,sous_position,"Paper; carbon paper and other copying or transfer papers (including coated or impregnated paper for duplicator stencils or offset plates), whether or not printed, in rolls or sheets",,4809,X
4810,position,"Paper and paperboard, coated one or both sides with kaolin (china clay) or inorganic substances, with binder or not, no other coating, surface coloured or not, surface decorated or printed, in rolls or rectangular (including square) sheets, of any size",,48,X
481013,sous_position,"Paper and paperboard; coated with kaolin or other inorganic substances, for printing & writing, graphics, containing no, or not more than 10% by weight of total fibres obtained by mechanical or chemi-mechanical process, in rolls",,4810,X
481014,sous_position,"Paper and paperboard; coated with kaolin or other inorganic substances, for printing/writing/graphics, having 10% or less by weight of total fibres got mechanical/chemi-mechanical process, sheets, sides 435mm or less by 297mm or less, unfolded,",,4810,X
481019,sous_position,"Paper and paperboard; coated with kaolin or other inorganic substances, for printing/writing/graphics, having 10% or less by weight of total fibres got by mechanical/chemi-mechanical process, sides exceeding 435mm and 297mm, unfolded, sheets",,4810,X
481022,sous_position,"Paper and paperboard; coated with kaolin or other inorganic substances only, having more than 10% of mechanical or chemi-mechanical processed fibres, for writing, printing or other graphic purposes, light-weight coated paper, in rolls or sheets",,4810,X
481029,sous_position,"Paper and paperboard; coated with kaolin or other inorganic substances only, having more than 10% of mechanically processed fibres, (excluding light-weight paper), for writing, printing or other graphic purposes, in rolls or sheets",,4810,X
481031,sous_position,"Kraft paper and paperboard; uniformly bleached throughout, coated with inorganic substances, more than 95% of chemically processed wood fibres, weight 150g/m2 or less, for non-graphic purposes, in rolls or sheets",,4810,X
481032,sous_position,"Kraft paper and paperboard; uniformly bleached throughout, coated with inorganic substances, more than 95% of chemically processed wood fibres, weight more than 150g/m2, for non-graphic purposes, in rolls or sheets",,4810,X
481039,sous_position,"Kraft paper and paperboard; coated with kaolin or other inorganic substances only, for non-graphic purposes, n.e.c. in item no. 4810.31 and 4810.32, in rolls or sheets",,4810,X
481092,sous_position,"Paper and paperboard; multi-ply, coated with kaolin or other inorganic substances only, for non-graphic purposes, n.e.c. in heading no. 4810, in rolls or sheets",,4810,X
481099,sous_position,"Paper and paperboard; coated with inorganic substances only, whether or not surface-coloured, surface-decorated or printed, n.e.c. in heading no. 4810, in rolls or sheets",,4810,X
4811,position,"Paper, paperboard, cellulose wadding and webs of cellulose fibres, coated, impregnated, covered, surface-coloured, decorated or printed, rolls or sheets, other than goods of heading no. 4803, 4809, or 4810",,48,X
481110,sous_position,"Paper and paperboard; tarred, bituminised or asphalted, in rolls or sheets, other than goods of heading no. 4803, 4809, or 4810",,4811,X
481141,sous_position,"Paper and paperboard; self-adhesive, in rolls or sheets, other than goods of heading no. 4803, 4809, or 4810",,4811,X
481149,sous_position,"Paper and paperboard; gummed or adhesive paper and paperboard (excluding self-adhesive), in rolls or sheets, other than goods of heading no. 4803, 4809, or 4810",,4811,X
481151,sous_position,"Paper and paperboard; coated, impregnated or covered with plastics (excluding adhesives), bleached, weighing more than 150g/m2, other than goods of heading no. 4803, 4809, or 4810",,4811,X
481159,sous_position,"Paper and paperboard; coated, impregnated or covered with plastics (excluding adhesives), other than bleached and weighing more than 150g/m2, other than goods of heading no. 4803, 4809, or 4810",,4811,X
481160,sous_position,"Paper and paperboard; coated, impregnated or covered with wax, paraffin wax, stearin, oil or glycerol, other than goods of heading no. 4803, 4809, or 4810",,4811,X
481190,sous_position,"Paper, paperboard, cellulose wadding and webs of soft cellulose fibres; coated, impregnated, covered, surface-decorated or surface-coloured, n.e.c. in heading no. 4811, in rolls or sheets",,4811,X
4812,position,"Filter blocks, slabs and plates of paper pulp",,48,X
481200,sous_position,"Paper pulp; filter blocks, slabs and plates of paper pulp",,4812,X
4813,position,"Cigarette paper, whether or not cut to size or in the form of booklets or tubes",,48,X
481310,sous_position,"Paper, cigarette; in the form of booklets or tubes",,4813,X
481320,sous_position,"Paper, cigarette; in rolls of a width not exceeding 5cm",,4813,X
481390,sous_position,"Paper, cigarette; (other than in rolls of a width not exceeding 5cm, or in booklets or tubes)",,4813,X
4814,position,Wallpaper and similar wall coverings; window transparencies of paper,,48,X
481420,sous_position,"Wallpaper and similar wall coverings; coated or covered on the face side, with a grained, embossed, coloured, design-printed or otherwise decorated layer of plastics",,4814,X
481490,sous_position,Wallpaper and similar wall coverings and window transparencies of paper; n.e.c. in heading 4814,,4814,X
4816,position,"Carbon paper, self-copy paper and other copying or transfer papers, (other than those of heading no. 4809), duplicator stencils and offset plates, of paper whether or not put up in boxes",,48,X
481620,sous_position,"Paper; self-copy paper (other than those of heading no. 4809), whether or not put up in boxes",,4816,X
481690,sous_position,"Paper; carbon paper and other copying or transfer papers (other than those of heading no. 4809), n.e.c. in item no. 4816.20",,4816,X
4817,position,"Envelopes, letter cards, plain postcards and correspondence cards, of paper, paperboard; boxes, pouches, wallets and writing compendiums, of paper or paperboard containing assortment of paper stationery",,48,X
481710,sous_position,Paper and paperboard; envelopes,,4817,X
481720,sous_position,"Paper and paperboard; letter cards, plain postcards and correspondence cards",,4817,X
481730,sous_position,"Paper and paperboard; boxes, pouches, wallets and writing compendiums containing an assortment of paper stationery",,4817,X
4818,position,"Toilet paper, width 36cm or less or cut to size/shape; handkerchiefs, tissues, towels, serviettes, bed sheets and similar household or hospital articles, apparel and clothing accessories of paper pulp, paper, cellulose wadding or webs of cellulose fibres",,48,X
481810,sous_position,Paper articles; toilet paper,,4818,X
481820,sous_position,"Paper articles; handkerchiefs, cleansing or facial tissues and towels",,4818,X
481830,sous_position,"Paper articles; tablecloths and serviettes, of paper, cellulose wadding or fibres",,4818,X
481850,sous_position,"Paper articles; apparel and clothing accessories of paper, cellulose wadding or fibres",,4818,X
481890,sous_position,"Paper articles; articles of paper, cellulose wadding or fibres, n.e.c. in heading no. 4818",,4818,X
4819,position,"Cartons, boxes, cases, bags and the like, of paper, paperboard, cellulose wadding or fibres; box files, letter trays and the like, of paper or paperboard, of a kind used in offices, shops or the like",,48,X
481910,sous_position,"Paper and paperboard; cartons, boxes and cases, of corrugated paper or paperboard",,4819,X
481920,sous_position,"Paper and paperboard; folding cartons, boxes and cases, of non-corrugated paper or paperboard",,4819,X
481930,sous_position,"Paper and paperboard; sacks and bags of paper, paperboard, cellulose wadding or fibres, having a base of a width of 40cm or more",,4819,X
481940,sous_position,"Paper and paperboard; sacks and bags, including cones, of paper, paperboard, cellulose wadding or fibres, having a base width less than 40cm",,4819,X
481950,sous_position,"Paper and paperboard; packing containers, including record sleeves, of paper, paperboard, cellulose wadding or fibres, n.e.c. in heading no. 4819",,4819,X
481960,sous_position,"Paper and paperboard; box files, letter trays, storage boxes and similar articles, used in offices, shops or the like of paper, paperboard, cellulose wadding or webs of cellulose fibres",,4819,X
4820,position,"Registers, account books, diaries and similar; albums for samples or collections, of paper or paperboard",,48,X
482010,sous_position,"Paper and paperboard; registers, account books, note books, order books, receipt books, letter pads, memorandum pads, diaries and similar articles",,4820,X
482020,sous_position,Paper and paperboard; exercise books,,4820,X
482030,sous_position,"Paper and paperboard; binders, folders and file covers",,4820,X
482040,sous_position,Paper and paperboard; manifold business forms and interleaved carbon sets,,4820,X
482050,sous_position,Paper and paperboard; albums for samples or for collections,,4820,X
482090,sous_position,Paper or paperboard; stationery n.e.c. in heading no. 4820,,4820,X
4821,position,"Paper or paperboard labels of all kinds, whether or not printed",,48,X
482110,sous_position,"Paper and paperboard; labels or all kinds, printed",,4821,X
482190,sous_position,"Paper and paperboard; labels of all kinds, unprinted",,4821,X
4822,position,"Bobbins, spools, cops and similar supports of paper pulp, paper or paperboard (whether or not perforated or hardened)",,48,X
482210,sous_position,"Paper pulp, paper or paperboard; bobbins, spools, cops and similar supports, of a kind used for winding textile yarn (whether or not perforated or hardened)",,4822,X
482290,sous_position,"Paper pulp, paper or paperboard; bobbins, spools, cops and similar supports, other than of a kind used for winding textile yarn (whether or not perforated or hardened)",,4822,X
4823,position,"Paper, paperboard, cellulose wadding and webs of cellulose fibres; cut to size or shape, articles of paper pulp, paper and paper-board, cellulose wadding or webs of cellulose fibres, n.e.c. in chapter 48",,48,X
482320,sous_position,Paper and paperboard; filter paper and paperboard,,4823,X
482340,sous_position,"Paper and paperboard; rolls, sheets and dials, printed for self-recording apparatus",,4823,X
482361,sous_position,"Paper and paperboard; trays, dishes, plates, cups and the like, of bamboo paper or paperboard",,4823,X
482369,sous_position,"Paper and paperboard; trays, dishes, plates, cups and the like, of paper or paperboard other than of bamboo",,4823,X
482370,sous_position,Paper pulp; moulded or pressed articles or paper pulp,,4823,X
482390,sous_position,"Paper pulp, paper, paperboard, cellulose wadding or webs of cellulose fibres; articles n.e.c. in heading no. 4823",,4823,X
49,chapitre,"Printed books, newspapers, pictures and other products of the printing industry; manuscripts, typescripts and plans",,TOTAL,X
4901,position,"Printed books, brochures, leaflets and similar printed matter, whether or not in single sheets",,49,X
490110,sous_position,"Printed matter; in single sheets, whether or not folded",,4901,X
490191,sous_position,"Printed matter; dictionaries, encyclopaedias and serial instalments thereof",,4901,X
490199,sous_position,"Printed matter; books, brochures, leaflets and similar printed matter n.e.c. in item no. 4901.10 or 4901.91",,4901,X
4902,position,"Newspapers, journals and periodicals, whether or not illustrated or containing advertising material",,49,X
490210,sous_position,"Newspapers, journals and periodicals; whether or not illustrated or containing advertising material, appearing at least four times a week",,4902,X
490290,sous_position,"Newspapers, journals and periodicals; whether or not illustrated or containing advertising material, appearing less frequently than four times a week",,4902,X
4903,position,"Children's picture, drawing or colouring books",,49,X
490300,sous_position,"Printed matter; children's picture, drawing or colouring books",,4903,X
4904,position,"Music, printed or in manuscript, whether or not bound or illustrated",,49,X
490400,sous_position,"Music; printed or in manuscript, whether or not bound or illustrated",,4904,X
4905,position,"Maps and hydrographic or similar charts of all kinds, including atlases, wall maps, topographical plans and globes, printed",,49,X
490520,sous_position,"Maps and hydrographic or similar charts; printed in book form, including atlases, topographical plans and similar",,4905,X
490590,sous_position,"Maps and hydrographic or similar charts; (printed other than in book form), including wall maps, topographical plans and similar",,4905,X
4906,position,"Plans and drawings; for architectural, engineering, industrial, commercial, topographical or similar, being originals drawn by hand; hand-written texts; photo- graphic reproductions; their carbon copies",,49,X
490600,sous_position,"Plans and drawings; for architectural, engineering, industrial, commercial, topographical or similar, being originals drawn by hand; hand-written texts; photo- graphic reproductions; their carbon copies",,4906,X
4907,position,"Unused postage, revenue or similar stamps of current or new issue in the country in which they have, or will have, a recognised face value; stamp-impressed paper; cheque forms; banknotes, stock, share or bond certificates and the like of similar title",,49,X
490700,sous_position,"Unused postage, revenue or similar stamps of current or new issue in the country in which they have, or will have, a recognised face value; stamp-impressed paper; cheque forms; banknotes, stock, share or bond certificates and the like of similar title",,4907,X
4908,position,Transfers (decalcomanias),,49,X
490810,sous_position,"Printed matter; transfers (decalcomanias), vitrifiable",,4908,X
490890,sous_position,"Printed matter; transfers (decalcomanias), other than vitrifiable",,4908,X
4909,position,"Printed or illustrated postcards; printed cards bearing personal greetings, messages or announcements, whether or not illustrated, with or without envelopes or trimmings",,49,X
490900,sous_position,"Printed or illustrated postcards; printed cards bearing personal greetings, messages or announcements, whether or not illustrated, with or without envelopes or trimmings",,4909,X
4910,position,"Calendars of any kind, printed, including calendar blocks",,49,X
491000,sous_position,"Calendars; printed, of any kind, including calendar blocks",,4910,X
4911,position,"Printed matter, n.e.c., including printed pictures and photographs",,49,X
491110,sous_position,"Printed matter; trade advertising material, commercial catalogues and the like",,4911,X
491191,sous_position,"Printed matter; pictures, designs and photographs, n.e.c. in item no. 4911.10",,4911,X
491199,sous_position,Printed matter; n.e.c. in heading no. 4911,,4911,X
50,chapitre,Silk,,TOTAL,XI
5001,position,Silk-worm cocoons suitable for reeling,,50,XI
500100,sous_position,Silk; silk-worm cocoons suitable for reeling,,5001,XI
5002,position,Raw silk (not thrown),,50,XI
500200,sous_position,Silk; raw silk (not thrown),,5002,XI
5003,position,"Silk waste (including cocoons unsuitable for reeling, yarn waste and garnetted stock)",,50,XI
500300,sous_position,"Silk waste (including cocoons unsuitable for reeling, yarn waste and garnetted stock)",,5003,XI
5004,position,"Silk; yarn (other than yarn spun from silk waste), not put up for retail sale",,50,XI
500400,sous_position,"Silk; yarn (other than yarn spun from silk waste), not put up for retail sale",,5004,XI
5005,position,"Yarn spun from silk waste, not put up for retail sale",,50,XI
500500,sous_position,"Silk; yarn spun from silk waste, not put up for retail sale",,5005,XI
5006,position,"Silk yarn and yarn spun from silk waste, put up for retail sale; silk-worm gut",,50,XI
500600,sous_position,"Silk yarn and yarn spun from silk waste; put up for retail sale, and silk-worm gut",,5006,XI
5007,position,Woven fabrics of silk or of silk waste,,50,XI
500710,sous_position,Silk; woven fabrics of noil silk,,5007,XI
500720,sous_position,"Silk; woven fabrics, containing 85% or more by weight of silk or of silk waste other than noil silk",,5007,XI
500790,sous_position,Silk; woven fabrics n.e.c. in heading no. 5007,,5007,XI
51,chapitre,"Wool, fine or coarse animal hair; horsehair yarn and woven fabric",,TOTAL,XI
5101,position,"Wool, not carded or combed",,51,XI
510111,sous_position,"Wool; (not carded or combed), greasy (including fleece-washed wool), shorn",,5101,XI
510119,sous_position,"Wool; (other than shorn), greasy (including fleece-washed wool), not carded or combed",,5101,XI
510121,sous_position,"Wool; (not carded or combed), degreased, (not carbonised), shorn",,5101,XI
510129,sous_position,"Wool; (not carded or combed), degreased, (not carbonised), (other than shorn)",,5101,XI
510130,sous_position,"Wool; (not carded or combed), carbonised",,5101,XI
5102,position,"Fine or coarse animal hair, not carded or combed",,51,XI
510211,sous_position,"Hair; fine animal hair, not carded or combed, of kashmir (cashmere) goats",,5102,XI
510219,sous_position,"Hair; fine animal hair, not carded or combed, other than of kashmir (cashmere) goats",,5102,XI
510220,sous_position,"Hair; coarse animal hair, not carded or combed",,5102,XI
5103,position,"Waste of wool or of fine or coarse animal hair, including yarn waste but excluding garnetted stock",,51,XI
510310,sous_position,"Wool and hair; noils of wool or of fine animal hair, including yarn waste, but excluding garnetted stock",,5103,XI
510320,sous_position,"Wool and hair; waste of wool or of fine animal hair, including yarn waste, but excluding garnetted stock and noils of wool or of fine animal hair",,5103,XI
510330,sous_position,"Wool and hair; waste of coarse animal hair, including yarn waste, but excluding garnetted stock",,5103,XI
5104,position,"Wool, or fine or coarse animal hair; garnetted stock",,51,XI
510400,sous_position,Wool and hair; garnetted stock of wool or of fine or coarse animal hair,,5104,XI
5105,position,Wool and fine or coarse animal hair; carded or combed (including combed wool in fragments),,51,XI
510510,sous_position,Wool; carded,,5105,XI
510521,sous_position,"Wool; wool tops and other combed wool, in fragments",,5105,XI
510529,sous_position,"Wool; wool tops and other combed wool, other than in fragments",,5105,XI
510531,sous_position,"Hair; fine animal hair, carded or combed, of kashmir (cashmere) goats",,5105,XI
510539,sous_position,"Hair; fine animal hair, carded or combed, other than of kashmir (cashmere) goats",,5105,XI
510540,sous_position,"Hair; coarse animal hair, carded or combed",,5105,XI
5106,position,"Yarn of carded wool, not put up for retail sale",,51,XI
510610,sous_position,"Yarn; of carded wool, containing 85% or more by weight of wool, not put up for retail sale",,5106,XI
510620,sous_position,"Yarn; of carded wool, containing less than 85% by weight of wool, not put up for retail sale",,5106,XI
5107,position,"Yarn of combed wool, not put up for retail sale",,51,XI
510710,sous_position,"Yarn; of combed wool, containing 85% or more by weight of wool, not put up for retail sale",,5107,XI
510720,sous_position,"Yarn; of combed wool, containing less than 85% by weight of wool, not put up for retail sale",,5107,XI
5108,position,"Yarn of fine animal hair (carded or combed), not put up for retail sale",,51,XI
510810,sous_position,"Yarn; of fine animal hair, carded, not put up for retail sale",,5108,XI
510820,sous_position,"Yarn; of fine animal hair, combed, not put up for retail sale",,5108,XI
5109,position,"Yarn of wool or of fine animal hair, put up for retail sale",,51,XI
510910,sous_position,"Yarn; of wool or of fine animal hair, containing 85% or more by weight of wool or fine animal hair, put up for retail sale",,5109,XI
510990,sous_position,"Yarn; of wool or of fine animal hair, containing less than 85% by weight of wool or fine animal hair, put up for retail sale",,5109,XI
5110,position,"Yarn of coarse animal hair or of horsehair (including gimped horsehair yarn), whether or not put up for retail sale",,51,XI
511000,sous_position,"Yarn; of coarse animal hair or of horsehair (including gimped horsehair yarn), whether or not put up for retail sale",,5110,XI
5111,position,Woven fabrics of carded wool or of carded fine animal hair,,51,XI
511111,sous_position,"Fabrics, woven; of carded wool or of carded fine animal hair, containing 85% or more by weight of wool or of fine animal hair, of a weight not exceeding 300g/m2",,5111,XI
511119,sous_position,"Fabrics, woven; of carded wool or of carded fine animal hair, containing 85% or more by weight of wool or of fine animal hair, of a weight exceeding 300g/m2",,5111,XI
511120,sous_position,"Fabrics, woven; of carded wool or carded fine animal hair, containing less than 85% by weight of wool or fine animal hair, mixed mainly or solely with man-made filaments",,5111,XI
511130,sous_position,"Fabrics, woven; of carded wool or carded fine animal hair, containing less than 85% by weight of wool or fine animal hair, mixed mainly or solely with man-made staple fibres",,5111,XI
511190,sous_position,"Fabrics, woven; of carded wool or carded fine animal hair, containing less than 85% by weight of wool or fine animal hair, mixed mainly or solely with fibres n.e.c. in heading no. 5111",,5111,XI
5112,position,Woven fabrics of combed wool or of combed fine animal hair,,51,XI
511211,sous_position,"Fabrics, woven; of combed wool or combed fine animal hair, containing 85% or more by weight of wool or fine animal hair, of a weight not exceeding 200g/m2",,5112,XI
511219,sous_position,"Fabrics, woven; of combed wool or combed fine animal hair, containing 85% or more by weight of wool or fine animal hair, of a weight exceeding 200g/m2",,5112,XI
511220,sous_position,"Fabrics, woven; of combed wool or combed fine animal hair, containing less than 85% by weight of wool or fine animal hair, mixed mainly or solely with man-made filaments",,5112,XI
511230,sous_position,"Fabrics, woven; of combed wool or combed fine animal hair, containing less than 85% by weight of wool or fine animal hair, mixed mainly or solely with man-made staple fibres",,5112,XI
511290,sous_position,"Fabrics, woven; of combed wool or combed fine animal hair, containing less than 85% by weight of wool or fine animal hair, mixed mainly or solely with fibres n.e.c. in heading no. 5112",,5112,XI
5113,position,Woven fabrics of coarse animal hair or of horsehair,,51,XI
511300,sous_position,"Fabrics, woven; of coarse animal hair or of horsehair",,5113,XI
52,chapitre,Cotton,,TOTAL,XI
5201,position,Cotton; not carded or combed,,52,XI
520100,sous_position,Cotton; not carded or combed,,5201,XI
5202,position,Cotton waste (including yarn waste and garnetted stock),,52,XI
520210,sous_position,Cotton; yarn waste (including thread waste),,5202,XI
520291,sous_position,Cotton; garnetted stock waste,,5202,XI
520299,sous_position,Cotton; waste other than garnetted stock and yarn (including thread) waste,,5202,XI
5203,position,"Cotton, carded or combed",,52,XI
520300,sous_position,Cotton; carded or combed,,5203,XI
5204,position,"Cotton sewing thread, whether or not put up for retail sale",,52,XI
520411,sous_position,"Cotton; sewing thread, containing 85% or more by weight of cotton, not put up for retail sale",,5204,XI
520419,sous_position,"Cotton; sewing thread, containing less than 85% by weight of cotton, not put up for retail sale",,5204,XI
520420,sous_position,"Cotton; sewing thread, put up for retail sale",,5204,XI
5205,position,"Cotton yarn (other than sewing thread), containing 85% or more by weight of cotton, not put up for retail sale",,52,XI
520511,sous_position,"Cotton yarn; (not sewing thread), single, of uncombed fibres, 85% or more by weight of cotton, measuring 714.29 decitex or more, (not exceeding 14 metric number), not for retail sale",,5205,XI
520512,sous_position,"Cotton yarn; (not sewing thread), single, of uncombed fibres, 85% or more by weight of cotton, less than 714.29 but not less than 232.56 decitex (exceeding 14 but not exceeding 43 metric number), not for retail sale",,5205,XI
520513,sous_position,"Cotton yarn; (not sewing thread), single, of uncombed fibres, 85% or more by weight of cotton, less than 232.56 but not less than 192.31 decitex (exceeding 43 but not exceeding 52 metric number), not for retail sale",,5205,XI
520514,sous_position,"Cotton yarn; (not sewing thread), single, of uncombed fibres, 85% or more by weight of cotton, less than 192.31 but not less than 125 decitex (exceeding 52 but not exceeding 80 metric number), not for retail sale",,5205,XI
520515,sous_position,"Cotton yarn; (not sewing thread), single, of uncombed fibres, 85% or more by weight of cotton, measuring less than 125 decitex (exceeding 80 metric number), not for retail sale",,5205,XI
520521,sous_position,"Cotton yarn; (not sewing thread), single, of combed fibres, 85% or more by weight of cotton, measuring 714.29 decitex or more, (not exceeding 14 metric number), not for retail sale",,5205,XI
520522,sous_position,"Cotton yarn; (not sewing thread), single, of combed fibres, 85% or more by weight of cotton, less than 714.29 but not less than 232.56 decitex (exceeding 14 but not exceeding 43 metric number), not for retail sale",,5205,XI
520523,sous_position,"Cotton yarn; (not sewing thread), single, of combed fibres, 85% or more by weight of cotton, less than 232.56 but not less than 192.31 decitex (exceeding 43 but not exceeding 52 metric number), not for retail sale",,5205,XI
520524,sous_position,"Cotton yarn; (not sewing thread), single, of combed fibres, 85% or more by weight of cotton, less than 192.31 but not less than 125 decitex (exceeding 52 but not exceeding 80 metric number), not for retail sale",,5205,XI
520526,sous_position,"Cotton yarn; (not sewing thread), single, of combed fibres, 85% or more by weight of cotton, less than 125 but not less than 106.38 decitex (over 80 but not over 94 metric number), not for retail sale",,5205,XI
520527,sous_position,"Cotton yarn; (not sewing thread), single, of combed fibres, 85% or more by weight of cotton, less than 106.38 but not less than 83.33 decitex (over 94 but not over 120 metric number), not for retail sale",,5205,XI
520528,sous_position,"Cotton yarn; (not sewing thread), single, of combed fibres, 85% or more by weight of cotton, measuring less than 83.33 decitex (exceeding 120 metric number), not for retail sale",,5205,XI
520531,sous_position,"Cotton yarn; (not sewing thread), multiple or cabled, of uncombed fibres, 85% or more by weight of cotton, 714.29 decitex or more (not exceeding 14 metric number) per single yarn, not for retail sale",,5205,XI
520532,sous_position,"Cotton yarn; (not sewing thread), multiple or cabled, of uncombed fibres, 85% or more by weight of cotton, 714.28 to 232.56 decitex (15 to 43 metric number) per single yarn, not for retail sale",,5205,XI
520533,sous_position,"Cotton yarn; (not sewing thread), multiple or cabled, of uncombed fibres, 85% or more by weight of cotton, 232.55 to 192.31 decitex (44 to 52 metric number) per single yarn, not for retail sale",,5205,XI
520534,sous_position,"Cotton yarn; (not sewing thread), multiple or cabled, of uncombed fibres, 85% or more by weight of cotton, 192.30 to 125 decitex (53 to 80 metric number) per single yarn, not for retail sale",,5205,XI
520535,sous_position,"Cotton yarn; (not sewing thread), multiple or cabled, of uncombed fibres, 85% or more by weight of cotton, less than 125 decitex (exceeding 80 metric number), per single yarn, not for retail sale",,5205,XI
520541,sous_position,"Cotton yarn; (not sewing thread), multiple or cabled, of combed fibres, 85% or more by weight of cotton, 714.29 decitex or more (not exceeding 14 metric number) per single yarn, not for retail sale",,5205,XI
520542,sous_position,"Cotton yarn; (not sewing thread), multiple or cabled, of combed fibres, 85% or more by weight of cotton, 714.28 to 232.56 decitex (15 to 43 metric number) per single yarn, not for retail sale",,5205,XI
520543,sous_position,"Cotton yarn; (not sewing thread), multiple or cabled, of combed fibres, 85% or more by weight of cotton, 232.55 to 192.31 decitex (44 to 52 metric number) per single yarn, not for retail sale",,5205,XI
520544,sous_position,"Cotton yarn; (not sewing thread), multiple or cabled, of combed fibres, 85% or more by weight of cotton, 192.30 to 125 decitex (53 to 80 metric number) per single yarn, not for retail sale",,5205,XI
520546,sous_position,"Cotton yarn; (not sewing thread), multiple or cabled, of combed fibres, 85% or more by weight of cotton, 124 to 106.38 decitex (81 to 94 metric number) per single yarn, not for retail sale",,5205,XI
520547,sous_position,"Cotton yarn; (not sewing thread), multiple or cabled, of combed fibres, 85% or more by weight of cotton, 106.37 to 83.33 decitex (95 to 120 metric number) per single yarn, not for retail sale",,5205,XI
520548,sous_position,"Cotton yarn; (not sewing thread), multiple or cabled, of combed fibres, 85% or more by weight of cotton, less than 83.33 decitex (exceeding 120 metric number) per single yarn, not for retail sale",,5205,XI
5206,position,"Cotton yarn (other than sewing thread), containing less than 85% by weight of cotton, not put up for retail sale",,52,XI
520611,sous_position,"Cotton yarn; (not sewing thread), single, of uncombed fibres, less than 85% by weight of cotton, measuring 714.29 decitex or more (not exceeding 14 metric number), not for retail sale",,5206,XI
520612,sous_position,"Cotton yarn; (not sewing thread), single, of uncombed fibres, less than 85% by weight of cotton, less than 714.29 but not less than 232.56 decitex (exceeding 14 but not exceeding 43 metric number), not for retail sale",,5206,XI
520613,sous_position,"Cotton yarn; (not sewing thread), single, of uncombed fibres, less than 85% by weight of cotton, less than 232.56 but not less than 192.31 decitex (exceeding 43 but not exceeding 52 metric number), not for retail sale",,5206,XI
520614,sous_position,"Cotton yarn; (not sewing thread), single, of uncombed fibres, less than 85% by weight of cotton, less than 192.31 but not less than 125 decitex (exceeding 52 but not exceeding 80 metric number), not for retail sale",,5206,XI
520615,sous_position,"Cotton yarn; (not sewing thread), single, of uncombed fibres, less than 85% by weight of cotton, measuring less than 125 decitex (exceeding 80 metric number), not for retail sale",,5206,XI
520621,sous_position,"Cotton yarn; (not sewing thread), single, of combed fibres, less than 85% by weight of cotton, measuring 714.29 decitex or more, (not exceeding 14 metric number), not for retail sale",,5206,XI
520622,sous_position,"Cotton yarn; (not sewing thread), single, of combed fibres, less than 85% by weight of cotton, less than 714.29 but not less than 232.56 decitex (exceeding 14 but not exceeding 43 metric number), not for retail sale",,5206,XI
520623,sous_position,"Cotton yarn; (not sewing thread), single, of combed fibres, less than 85% by weight of cotton, less than 232.56 but not less than 192.31 decitex (exceeding 43 but not exceeding 52 metric number), not for retail sale",,5206,XI
520624,sous_position,"Cotton yarn; (not sewing thread), single, of combed fibres, less than 85% by weight of cotton, less than 192.31 but not less than 125 decitex (exceeding 52 but not exceeding 80 metric number), not for retail sale",,5206,XI
520625,sous_position,"Cotton yarn; (not sewing thread), single, of combed fibres, less than 85% by weight of cotton, measuring less than 125 decitex (exceeding 80 metric number), not for retail sale",,5206,XI
520631,sous_position,"Cotton yarn; (not sewing thread), multiple or cabled, of uncombed fibres, less than 85% by weight of cotton, 714.29 decitex or more (not exceeding 14 metric number) per single yarn, not for retail sale",,5206,XI
520632,sous_position,"Cotton yarn; (not sewing thread), multiple or cabled, of uncombed fibres, less than 85% by weight of cotton, 714.28 to 232.56 decitex (15 to 43 metric number) per single yarn, not for retail sale",,5206,XI
520633,sous_position,"Cotton yarn; (not sewing thread), multiple or cabled, of uncombed fibres, less than 85% by weight of cotton, 232.55 to 192.31 decitex (44 to 52 metric number) per single yarn, not for retail sale",,5206,XI
520634,sous_position,"Cotton yarn; (not sewing thread), multiple or cabled, of uncombed fibres, less than 85% by weight of cotton, 192.30 to 125 decitex (53 to 80 metric number) per single yarn, not for retail sale",,5206,XI
520635,sous_position,"Cotton yarn; (not sewing thread), multiple or cabled, of uncombed fibres, less than 85% by weight of cotton, less than 125 decitex (exceeding 80 metric number) per single yarn, not for retail sale",,5206,XI
520641,sous_position,"Cotton yarn; (not sewing thread), multiple or cabled, of combed fibres, less than 85% by weight of cotton, 714.29 decitex or more (not exceeding 14 metric number) per single yarn, not for retail sale",,5206,XI
520642,sous_position,"Cotton yarn; (not sewing thread), multiple or cabled, of combed fibres, less than 85% by weight of cotton, 714.28 to 232.56 decitex (15 to 43 metric number) per single yarn, not for retail sale",,5206,XI
520643,sous_position,"Cotton yarn; (not sewing thread), multiple or cabled, of combed fibres, less than 85% by weight of cotton, 232.55 to 192.31 decitex (44 to 52 metric number) per single yarn, not for retail sale",,5206,XI
520644,sous_position,"Cotton yarn; (not sewing thread), multiple or cabled, of combed fibres, less than 85% by weight of cotton, 192.30 to 125 decitex (53 to 80 metric number) per single yarn, not for retail sale",,5206,XI
520645,sous_position,"Cotton yarn; (not sewing thread), multiple or cabled, of combed fibres, less than 85% by weight of cotton, less than 125 decitex (exceeding 80 metric number) per single yarn, not for retail sale",,5206,XI
5207,position,"Cotton yarn (other than sewing thread), put up for retail sale",,52,XI
520710,sous_position,"Cotton yarn; (not sewing thread), containing 85% or more by weight of cotton, put up for retail sale",,5207,XI
520790,sous_position,"Cotton yarn; (not sewing thread), containing less than 85% by weight of cotton, put up for retail sale",,5207,XI
5208,position,"Woven fabrics of cotton, containing 85% or more by weight of cotton, weighing not more than 200 g/m2",,52,XI
520811,sous_position,"Fabrics, woven; containing 85% or more by weight of cotton, unbleached, plain weave, weighing not more than 100g/m2",,5208,XI
520812,sous_position,"Fabrics, woven; containing 85% or more by weight of cotton, unbleached, plain weave, weighing more than 100g/m2 but not more than 200g/m2",,5208,XI
520813,sous_position,"Fabrics, woven; containing 85% or more by weight of cotton, unbleached, 3-thread or 4-thread twill, including cross twill, weighing not more than 200g/m2",,5208,XI
520819,sous_position,"Fabrics, woven; containing 85% or more by weight of cotton, unbleached, of weaves n.e.c. in item no. 5208.1, weighing not more than 200g/m2",,5208,XI
520821,sous_position,"Fabrics, woven; containing 85% or more by weight of cotton, bleached, plain weave, weighing not more than 100g/m2",,5208,XI
520822,sous_position,"Fabrics, woven; containing 85% or more by weight of cotton, bleached, plain weave, weighing more than 100g/m2 but not more than 200g/m2",,5208,XI
520823,sous_position,"Fabrics, woven; containing 85% or more by weight of cotton, bleached, 3-thread or 4-thread twill, including cross twill, weighing not more than 200g/m2",,5208,XI
520829,sous_position,"Fabrics, woven; containing 85% or more by weight of cotton, bleached, of weaves n.e.c. in item no. 5208.2, weighing not more than 200g/m2",,5208,XI
520831,sous_position,"Fabrics, woven; containing 85% or more by weight of cotton, dyed, plain weave, weighing not more than 100g/m2",,5208,XI
520832,sous_position,"Fabrics, woven; containing 85% or more by weight of cotton, dyed, plain weave, weighing more than 100g/m2 but not more than 200g/m2",,5208,XI
520833,sous_position,"Fabrics, woven; containing 85% or more by weight of cotton, dyed, 3-thread or 4-thread twill, including cross twill, weighing not more than 200g/m2",,5208,XI
520839,sous_position,"Fabrics, woven; containing 85% or more by weight of cotton, dyed, of weaves n.e.c. in item no. 5208.3 weighing not more than 200g/m2",,5208,XI
520841,sous_position,"Fabrics, woven; containing 85% or more by weight of cotton, of yarns of different colours, plain weave, weighing not more than 100g/m2",,5208,XI
520842,sous_position,"Fabrics, woven; containing 85% or more by weight of cotton, of yarns of different colours, weighing more than 100g/m2 but not more than 200g/m2",,5208,XI
520843,sous_position,"Fabrics, woven; containing 85% or more by weight of cotton, of yarns of different colours, 3-thread or 4-thread twill, including cross twill, weighing not more than 200g/m2",,5208,XI
520849,sous_position,"Fabrics, woven; containing 85% or more by weight of cotton, of yarns of different colours, of weaves n.e.c. in item no. 5208.4, weighing not more than 200g/m2",,5208,XI
520851,sous_position,"Fabrics, woven; containing 85% or more by weight of cotton, printed, plain weave, weighing not more than 100g/m2",,5208,XI
520852,sous_position,"Fabrics, woven; containing 85% or more by weight of cotton, printed, plain weave, weighing more than 100g/m2 but not more than 200g/m2",,5208,XI
520859,sous_position,"Fabrics, woven; containing 85% or more by weight of cotton, printed, of weaves n.e.c. in item no. 5208.5, weighing not more than 200g/m2",,5208,XI
5209,position,"Woven fabrics of cotton, containing 85% or more by weight of cotton, weighing more than 200g/m2",,52,XI
520911,sous_position,"Fabrics, woven; containing 85% or more by weight of cotton, unbleached, plain weave, weighing more than 200g/m2",,5209,XI
520912,sous_position,"Fabrics, woven; containing 85% or more by weight of cotton, unbleached, 3-thread or 4-thread twill, including cross twill, weighing more than 200g/m2",,5209,XI
520919,sous_position,"Fabrics, woven; containing 85% or more by weight of cotton, unbleached, of weaves n.e.c. in item no. 5209.1, weighing more than 200g/m2",,5209,XI
520921,sous_position,"Fabrics, woven; containing 85% or more by weight of cotton, bleached, plain weave, weighing more than 200g/m2",,5209,XI
520922,sous_position,"Fabrics, woven; containing 85% or more by weight of cotton, bleached, 3-thread or 4-thread twill, including cross twill, weighing more than 200g/m2",,5209,XI
520929,sous_position,"Fabrics, woven; containing 85% or more by weight of cotton, bleached, of weaves n.e.c. in item no. 5209.2, weighing more than 200g/m2",,5209,XI
520931,sous_position,"Fabrics, woven; containing 85% or more by weight of cotton, dyed, plain weave, weighing more than 200g/m2",,5209,XI
520932,sous_position,"Fabrics, woven; containing 85% or more by weight of cotton, dyed, 3-thread or 4-thread twill, including cross twill, weighing more than 200g/m2",,5209,XI
520939,sous_position,"Fabrics, woven; containing 85% or more by weight of cotton, dyed, of weaves n.e.c. in item no. 5209.3, weighing more than 200g/m2",,5209,XI
520941,sous_position,"Fabrics, woven; containing 85% or more by weight of cotton, of yarns of different colours, plain weave, weighing more than 200g/m2",,5209,XI
520942,sous_position,"Fabrics, woven; containing 85% or more by weight of cotton, of yarns of different colours, weighing more than 200g/m2, denim",,5209,XI
520943,sous_position,"Fabrics, woven; containing 85% or more by weight of cotton, of yarns of different colours, 3-thread or 4-thread twill, including cross twill, weighing more than 200g/m2",,5209,XI
520949,sous_position,"Fabrics, woven; containing 85% or more by weight of cotton, of yarns of different colours, of weaves n.e.c. in item no. 5209.4, weighing more than 200g/m2",,5209,XI
520951,sous_position,"Fabrics, woven; containing 85% or more by weight of cotton, printed, plain weave, weighing more than 200g/m2",,5209,XI
520952,sous_position,"Fabrics, woven; containing 85% or more by weight of cotton, printed, 3-thread or 4-thread twill, including cross twill, weighing more than 200g/m2",,5209,XI
520959,sous_position,"Fabrics, woven; containing 85% or more by weight of cotton, printed, of weaves n.e.c. in item no. 5209.5, weighing more than 200g/m2",,5209,XI
5210,position,"Woven fabrics of cotton, containing less than 85% by weight of cotton, mixed mainly or solely with man-made fibres, weighing not more than 200 g/m2",,52,XI
521011,sous_position,"Fabrics, woven; containing less than 85% by weight of cotton, mixed mainly or solely with man-made fibres, unbleached, plain weave, weighing 200g/m2 or less",,5210,XI
521019,sous_position,"Fabrics, woven; containing less than 85% by weight of cotton, mixed mainly or solely with man-made fibres, unbleached, of weaves n.e.c. in item no. 5210.1, weighing 200g/m2 or less",,5210,XI
521021,sous_position,"Fabrics, woven; containing less than 85% by weight of cotton, mixed mainly or solely with man-made fibres, bleached, plain weave, weighing 200g/m2 or less",,5210,XI
521029,sous_position,"Fabrics, woven; containing less than 85% by weight of cotton, mixed mainly or solely with man-made fibres, weighing 200g/m2 or less, bleached, of weaves n.e.c. in item no. 5210.2",,5210,XI
521031,sous_position,"Fabrics, woven; containing less than 85% by weight of cotton, mixed mainly or solely with man-made fibres, weighing 200g/m2 or less, dyed, plain weave",,5210,XI
521032,sous_position,"Fabrics, woven; containing less than 85% by weight of cotton, mixed mainly or solely with man-made fibres, weighing 200g/m2 or less, dyed, 3-thread or 4-thread twill, including cross twill",,5210,XI
521039,sous_position,"Fabrics, woven; containing less than 85% by weight of cotton, mixed mainly or solely with man-made fibres, weighing 200g/m2 or less, dyed, of weaves n.e.c. in item no. 5210.3",,5210,XI
521041,sous_position,"Fabrics, woven; containing less than 85% by weight of cotton, mixed mainly or solely with man-made fibres, weighing 200g/m2 or less, of yarns of different colours, plain weave",,5210,XI
521049,sous_position,"Fabrics, woven; containing less than 85% by weight of cotton, mixed mainly or solely with man-made fibres, weighing 200g/m2 or less, of yarns of different colours, of weaves n.e.c. in item no. 5210.4",,5210,XI
521051,sous_position,"Fabrics, woven; containing less than 85% by weight of cotton, mixed mainly or solely with man-made fibres, weighing 200g/m2 or less, printed, plain weave",,5210,XI
521059,sous_position,"Fabrics, woven; containing less than 85% by weight of cotton, mixed mainly or solely with man-made fibres, weighing 200g/m2 or less, printed, of weaves n.e.c. in item no. 5210.5",,5210,XI
5211,position,"Woven fabrics of cotton, containing less than 85% by weight of cotton, mixed mainly or solely with man-made fibres, weighing more than 200g/m2",,52,XI
521111,sous_position,"Fabrics, woven; containing less than 85% by weight of cotton, mixed mainly or solely with man-made fibres, unbleached, plain weave, weighing more than 200g/m2",,5211,XI
521112,sous_position,"Fabrics, woven; containing less than 85% by weight of cotton, mixed mainly or solely with man-made fibres, unbleached, 3- or 4-thread twill, including cross twill, weighing more than 200g/m2",,5211,XI
521119,sous_position,"Fabrics, woven; containing less than 85% by weight of cotton, mixed mainly or solely with man-made fibres, unbleached, of weaves n.e.c. in item no. 5211.1, weighing more than 200g/m2",,5211,XI
521120,sous_position,"Fabrics, woven; containing less than 85% by weight of cotton, mixed mainly or solely with man-made fibres, weighing more than 200g/m2, bleached",,5211,XI
521131,sous_position,"Fabrics, woven; containing less than 85% by weight of cotton, mixed mainly or solely with man-made fibres, weighing more than 200g/m2, dyed, plain weave",,5211,XI
521132,sous_position,"Fabrics, woven; containing less than 85% by weight of cotton, mixed mainly or solely with man-made fibres, weighing more than 200g/m2, dyed, 3-thread or 4-thread twill, including cross twill",,5211,XI
521139,sous_position,"Fabrics, woven; containing less than 85% by weight of cotton, mixed mainly or solely with man-made fibres, weighing more than 200g/m2, dyed, of weaves n.e.c. in item no. 5211.3",,5211,XI
521141,sous_position,"Fabrics, woven; containing less than 85% by weight of cotton, mixed mainly or solely with man-made fibres, weighing more than 200g/m2, of yarns of different colours, plain weave",,5211,XI
521142,sous_position,"Fabrics, woven; containing less than 85% by weight of cotton, mixed mainly or solely with man-made fibres, weighing more than 200g/m2, of yarns of different colours, denim",,5211,XI
521143,sous_position,"Fabrics, woven; containing less than 85% by weight of cotton, mixed mainly or solely with man-made fibres, weighing more than 200g/m2, of yarns of different colours, 3-thread or 4-thread twill, including cross twill",,5211,XI
521149,sous_position,"Fabrics, woven; containing less than 85% by weight of cotton, mixed mainly or solely with man-made fibres, weighing more than 200g/m2, of yarns of different colours, of weaves n.e.c. in item no. 5211.4",,5211,XI
521151,sous_position,"Fabrics, woven; containing less than 85% by weight of cotton, mixed mainly or solely with man-made fibres, weighing more than 200g/m2, printed, plain weave",,5211,XI
521152,sous_position,"Fabrics, woven; containing less than 85% by weight of cotton, mixed mainly or solely with man-made fibres, weighing more than 200g/m2, printed, 3-thread or 4-thread twill, including cross twill",,5211,XI
521159,sous_position,"Fabrics, woven; containing less than 85% by weight of cotton, mixed mainly or solely with man-made fibres, weighing more than 200g/m2, printed, of weaves n.e.c. in item no. 5211.5",,5211,XI
5212,position,"Other woven fabrics of cotton, n.e.c. in chapter 52",,52,XI
521211,sous_position,"Fabrics, woven; of cotton, unbleached, weighing not more than 200g/m2, n.e.c. in chapter 52",,5212,XI
521212,sous_position,"Fabrics, woven; of cotton, bleached, weighing not more than 200g/m2, n.e.c. in chapter 52",,5212,XI
521213,sous_position,"Fabrics, woven; of cotton, dyed, weighing not more than 200g/m2, n.e.c. in chapter 52",,5212,XI
521214,sous_position,"Fabrics, woven; of cotton, of yarns of different colours, weighing not more than 200g/m2, n.e.c. in chapter 52",,5212,XI
521215,sous_position,"Fabrics, woven; of cotton, printed, weighing not more than 200g/m2, n.e.c. in chapter 52",,5212,XI
521221,sous_position,"Fabrics, woven; of cotton, unbleached, weighing more than 200g/m2, n.e.c. in chapter 52",,5212,XI
521222,sous_position,"Fabrics, woven; of cotton, bleached, weighing more than 200g/m2, n.e.c. in chapter 52",,5212,XI
521223,sous_position,"Fabrics, woven; of cotton, dyed, weighing more than 200g/m2, n.e.c. in chapter 52",,5212,XI
521224,sous_position,"Fabrics, woven; of cotton, of yarns of different colours, weighing more than 200g/m2, n.e.c. in chapter 52",,5212,XI
521225,sous_position,"Fabrics, woven; of cotton, printed, weighing more than 200g/m2, n.e.c. in chapter 52",,5212,XI
53,chapitre,Vegetable textile fibres; paper yarn and woven fabrics of paper yarn,,TOTAL,XI
5301,position,"Flax, raw or processed but not spun; flax tow and waste (including yarn waste and garnetted stock)",,53,XI
530110,sous_position,"Flax; raw or retted, but not spun",,5301,XI
530121,sous_position,"Flax; broken or scutched, but not spun",,5301,XI
530129,sous_position,"Flax; hackled or otherwise processed, but not spun",,5301,XI
530130,sous_position,"Flax; tow and waste, including yarn waste and garnetted stock",,5301,XI
5302,position,"True hemp (cannabis sativa L.), raw or processed but not spun; tow and waste of true hemp (including yarn waste and garnetted stock)",,53,XI
530210,sous_position,"Hemp (cannabis sativa L.); raw or retted, but not spun",,5302,XI
530290,sous_position,"Hemp (cannabis sativa L.); processed (other than retted) (but not spun), true hemp tow and waste (including yarn waste and garnetted stock)",,5302,XI
5303,position,"Jute and other textile bast fibres (not flax, true hemp and ramie), raw or processed but not spun; tow and waste of these fibres, including yarn waste and garnetted stock",,53,XI
530310,sous_position,"Jute and other textile bast fibres; raw or retted, but not spun, (excluding flax, hemp (cannabis sativa L.), and ramie)",,5303,XI
530390,sous_position,"Jute and other textile bast fibres; processed but not spun, tow and waste of these fibres, including yarn waste and garnetted stock (excluding flax, hemp (cannabis sativa L.), and ramie)",,5303,XI
5305,position,"Coconut, abaca (Manila hemp or Musa textilis Nee), ramie and other vegetable textile fibres n.e.c., raw or processed but not spun; tow, noils and waste of these fibres (including yarn waste and garnetted stock)",,53,XI
530500,sous_position,"Coconut, abaca (Manila hemp or Musa textilis Nee), ramie and other vegetable textile fibres n.e.c., raw or processed but not spun; tow, noils and waste of these fibres (including yarn waste and garnetted stock)",,5305,XI
5306,position,Flax yarn,,53,XI
530610,sous_position,"Yarn; of flax, single",,5306,XI
530620,sous_position,"Yarn; of flax, multiple (folded) or cabled",,5306,XI
5307,position,Yarn of jute or of other textile bast fibres of heading no. 5305,,53,XI
530710,sous_position,"Yarn; of jute or of other textile bast fibres, single",,5307,XI
530720,sous_position,"Yarn; of jute or of other textile bast fibres, multiple (folded) or cabled",,5307,XI
5308,position,Yarn of other vegetable textile fibres; paper yarn,,53,XI
530810,sous_position,Yarn; of coir,,5308,XI
530820,sous_position,Yarn; of hemp (cannabis sativa L.),,5308,XI
530890,sous_position,"Yarn; of vegetable textile fibres n.e.c. in heading no. 5306, 5307 and 5308",,5308,XI
5309,position,Woven fabrics of flax,,53,XI
530911,sous_position,"Fabrics, woven; of flax, containing 85% or more flax, unbleached or bleached",,5309,XI
530919,sous_position,"Fabrics, woven; of flax, containing 85% or more flax, other than bleached or unbleached",,5309,XI
530921,sous_position,"Fabrics, woven; of flax, containing less than 85% flax, unbleached or bleached",,5309,XI
530929,sous_position,"Fabrics, woven; of flax, containing less than 85% flax, other than unbleached or bleached",,5309,XI
5310,position,"Woven fabrics of jute, other textile bast fibres of heading no. 5303",,53,XI
531010,sous_position,"Fabrics, woven; of jute or of other textile bast fibres of heading no. 5303, unbleached",,5310,XI
531090,sous_position,"Fabrics, woven; of jute or of other textile bast fibres of heading no. 5303, other than unbleached",,5310,XI
5311,position,Woven fabrics of other vegetable textile fibres; woven fabrics of paper yarn,,53,XI
531100,sous_position,"Fabrics, woven; of vegetable textile fibres n.e.c. in heading no. 5309 and 5310, woven fabrics of paper yarn",,5311,XI
54,chapitre,Man-made filaments; strip and the like of man-made textile materials,,TOTAL,XI
5401,position,"Sewing thread of man-made filaments, whether or not put up for retail sale",,54,XI
540110,sous_position,"Sewing thread; of synthetic filaments, whether or not put up for retail sale",,5401,XI
540120,sous_position,"Sewing thread; of artificial filaments, whether or not put up for retail sale",,5401,XI
5402,position,"Synthetic filament yarn (other than sewing thread), not put up for retail sale, including synthetic monofilament of less than 67 decitex",,54,XI
540211,sous_position,"Yarn, synthetic; filament, monofilament (less than 67 decitex), of high tenacity yarn of nylon or other polyamides, textured or not; of aramids, not for retail sale, not sewing thread",,5402,XI
540219,sous_position,"Yarn, synthetic; filament, monofilament (less than 67 decitex), of high tenacity nylon or other polyamides, textured or not; other than aramids, not for retail sale, not sewing thread",,5402,XI
540220,sous_position,"Yarn, synthetic; filament, monofilament (less than 67 decitex), of high tenacity yarn of polyesters, whether or not textured, not for retail sale, not sewing thread",,5402,XI
540231,sous_position,"Yarn, synthetic; filament, monofilament (less than 67 decitex), textured, of nylon or other polyamides, measuring per single yarn not more than 50 decitex, not for retail sale, not sewing thread",,5402,XI
540232,sous_position,"Yarn, synthetic; filament, monofilament (less than 67 decitex), textured, of nylon or other polyamides, measuring per single yarn more than 50 decitex, not for retail sale, not sewing thread",,5402,XI
540233,sous_position,"Yarn, synthetic; filament, monofilament (less than 67 decitex), textured, of polyesters, not for retail sale, not sewing thread",,5402,XI
540234,sous_position,"Yarn, synthetic; filament, monofilament (less than 67 decitex), textured, of polypropylene, not for retail sale, not sewing thread",,5402,XI
540239,sous_position,"Yarn, synthetic; filament, monofilament (less than 67 decitex), textured, other than of nylon or other polymides, polyesters, or polypropylene, not for retail sale, not sewing thread",,5402,XI
540244,sous_position,"Yarn, synthetic; filament, monofilament (less than 67 decitex), other than high tenacity or textured yarn, elastomeric, single, untwisted or twisted 50 turns or less per metre, not for retail sale, not sewing thread",,5402,XI
540245,sous_position,"Yarn, synthetic; filament, monofilament (less than 67 decitex), of nylon or other polymides (not high tenacity or textured), single, untwisted or twisted 50 turns or less per metre, not for retail sale, not sewing thread",,5402,XI
540246,sous_position,"Yarn, synthetic; filament, monofilament (less than 67 decitex), of polyesters (not high tenacity or textured), partially oriented, single, untwisted or twisted 50 turns or less per metre, not for retail sale, not sewing thread",,5402,XI
540247,sous_position,"Yarn, synthetic; filament, monofilament (less than 67 decitex), polyesters (not high tenacity or textured), not partially oriented, single, untwisted or twisted 50 turns or less per metre, not for retail sale, not sewing thread",,5402,XI
540248,sous_position,"Yarn, synthetic; filament, monofilament (less than 67 decitex), of polypropylene (not high tenacity or textured), single, untwisted or twisted 50 turns or less per metre, not for retail sale, not sewing thread",,5402,XI
540249,sous_position,"Yarn, synthetic; filament, monofilament (less than 67 decitex), other than high tenacity or textured yarn, single, untwisted or twisted 50 turns or less per metre, n.e.c. in heading no. 5402, not for retail sale, not sewing thread",,5402,XI
540251,sous_position,"Yarn, synthetic; filament, monofilament (less than 67 decitex), of nylon or other polymides (not high tenacity or textured), single, twisted more than 50 turns per metre, not for retail sale, not sewing thread",,5402,XI
540252,sous_position,"Yarn, synthetic; filament, monofilament (less than 67 decitex), of polyesters (not high tenacity or textured), single, twisted more than 50 turns per metre, not for retail sale, not sewing thread",,5402,XI
540253,sous_position,"Yarn, synthetic; filament, monofilament (less than 67 decitex), of polypropylene (not high tenacity or textured), single, twisted more than 50 turns per metre, not for retail sale, not sewing thread",,5402,XI
540259,sous_position,"Yarn, synthetic; filament, monofilament (less than 67 decitex), other than high tenacity or textured yarn, single, twisted more than 50 turns per metre, n.e.c. in heading no. 5402, not for retail sale, not sewing thread",,5402,XI
540261,sous_position,"Yarn, synthetic; filament, monofilament (less than 67 decitex), of nylon or other polymides (not high tenacity or textured), multiple (folded) or cabled, not for retail sale, not sewing thread",,5402,XI
540262,sous_position,"Yarn, synthetic; filament, monofilament (less than 67 decitex), of polyesters (not high tenacity or textured), multiple (folded) or cabled, not for retail sale, not sewing thread",,5402,XI
540263,sous_position,"Yarn, synthetic; filament, monofilament (less than 67 decitex), of polypropylene, other than high tenacity or textured yarn, multiple (folded) or cabled, not for retail sale, not sewing thread",,5402,XI
540269,sous_position,"Yarn, synthetic; filament, monofilament (less than 67 decitex), other than high tenacity or textured yarn, multiple (folded) or cabled, n.e.c. in heading no. 5402, not for retail sale, not sewing thread",,5402,XI
5403,position,"Artificial filament yarn (other than sewing thread), not put up for retail sale, including artificial monofilament of less than 67 decitex",,54,XI
540310,sous_position,"Yarn, artificial; filament, monofilament (less than 67 decitex), of high tenacity viscose rayon, not for retail sale, not sewing thread",,5403,XI
540331,sous_position,"Yarn, artificial; filament, monofilament (less than 67 decitex), of viscose rayon (not high tenacity), single, untwisted or twisted 120 turns per metre or less, not for retail sale, not sewing thread",,5403,XI
540332,sous_position,"Yarn, artificial; filament, monofilament (less than 67 decitex), of viscose rayon (not high tenacity), single, twisted more than 120 turns per metre, not for retail sale, not sewing thread",,5403,XI
540333,sous_position,"Yarn, artificial; filament, monofilament (less than 67 decitex), of cellulose acetate, single, not for retail sale, not sewing thread",,5403,XI
540339,sous_position,"Yarn, artificial; filament, monofilament (less than 67 decitex), single, n.e.c. in heading no. 5403, not for retail sale, not sewing thread",,5403,XI
540341,sous_position,"Yarn, artificial; filament, monofilament (less than 67 decitex), of viscose rayon (not high tenacity), multiple (folded) or cabled, not for retail sale, not sewing thread",,5403,XI
540342,sous_position,"Yarn, artificial; filament, monofilament (less than 67 decitex), of cellulose acetate, multiple (folded) or cabled, not for retail sale, not sewing thread",,5403,XI
540349,sous_position,"Yarn, artificial; filament, monofilament (less than 67 decitex), multiple (folded) or cabled, n.e.c. in heading no. 5403, not for retail sale, not sewing thread",,5403,XI
5404,position,"Synthetic monofilament of 67 decitex or more, of which no cross-sectional dimension exceeds 1mm; strip and the like (e.g. artificial straw) of synthetic textile materials of an apparent width not exceeding 5mm",,54,XI
540411,sous_position,Elastomeric monofilament; of 67 decitex or more and of which no cross-sectional dimension exceeds 1mm,,5404,XI
540412,sous_position,Monofilament of polypropylene; of 67 decitex or more and of which no cross-sectional dimension exceeds 1mm,,5404,XI
540419,sous_position,Monofilament n.e.c. in heading no 5404; of 67 decitex or more and of which no cross-sectional dimension exceeds 1mm,,5404,XI
540490,sous_position,"Filament, synthetic; strip and the like (e.g.. artificial straw), of synthetic textile materials of an apparent width not exceeding 5mm",,5404,XI
5405,position,"Artificial monofilament of 67 decitex or more, no cross-sectional dimension exceeds 1mm; strip and the like (e.g. artificial straw), of artificial textile materials of a width not exceeding 5mm",,54,XI
540500,sous_position,"Monofilament, synthetic; of 67 decitex or more and of which no cross-sectional dimension exceeds 1mm, strip and the like (e.g. artificial straw), of synthetic textile materials with width not over 5mm",,5405,XI
5406,position,"Man-made filament yarn (other than sewing thread), put up for retail sale",,54,XI
540600,sous_position,"Man-made filament yarn (other than sewing thread), put up for retail sale",,5406,XI
5407,position,"Woven fabrics of synthetic filament yarn, including woven fabrics obtained from materials of heading no. 5404",,54,XI
540710,sous_position,"Fabrics, woven; from high tenacity yarn, of nylon, other polyamides or of polyesters",,5407,XI
540720,sous_position,"Fabrics, woven; from strip or the like, of synthetic textile materials",,5407,XI
540730,sous_position,"Fabrics, woven; from synthetic filament yarn, adhesive or thermal bonded",,5407,XI
540741,sous_position,"Fabrics, woven; containing 85% or more by weight of filaments of nylon or other polyamides, unbleached or bleached",,5407,XI
540742,sous_position,"Fabrics, woven; containing 85% or more by weight of filaments of nylon or other polyamides, dyed",,5407,XI
540743,sous_position,"Fabrics, woven; containing 85% or more by weight of filaments of nylon or other polyamides, of yarns of different colours",,5407,XI
540744,sous_position,"Fabrics, woven; containing 85% or more by weight of filaments of nylon or other polyamides, printed",,5407,XI
540751,sous_position,"Fabrics, woven; containing 85% or more by weight of textured polyester filaments, unbleached or bleached",,5407,XI
540752,sous_position,"Fabrics, woven; containing 85% or more by weight of textured polyester filaments, dyed",,5407,XI
540753,sous_position,"Fabrics, woven; containing 85% or more by weight of textured polyester filaments, of yarns of different colours",,5407,XI
540754,sous_position,"Fabrics, woven; containing 85% or more by weight of textured polyester filaments, printed",,5407,XI
540761,sous_position,"Fabrics, woven; containing 85% or more by weight of non-textured polyester filaments",,5407,XI
540769,sous_position,"Fabrics, woven; containing less than 85% by weight of non-textured polyester filaments",,5407,XI
540771,sous_position,"Fabrics, woven; containing 85% or more by weight of synthetic filaments (excluding nylon or other polyamides and polyesters), unbleached or bleached",,5407,XI
540772,sous_position,"Fabrics, woven; containing 85% or more by weight of synthetic filaments (excluding nylon or other polyamides and polyesters), dyed",,5407,XI
540773,sous_position,"Fabrics, woven; containing 85% or more by weight of synthetic filaments (excluding nylon or other polyamides and polyesters), of yarns of different colours",,5407,XI
540774,sous_position,"Fabrics, woven; containing 85% or more by weight of synthetic filaments (excluding nylon or other polyamides and polyesters), printed",,5407,XI
540781,sous_position,"Fabrics, woven; of synthetic filament yarn, containing less than 85% by weight of synthetic filaments, mixed mainly or solely with cotton, bleached or unbleached",,5407,XI
540782,sous_position,"Fabrics, woven; of synthetic filament yarn, containing less than 85% by weight of synthetic filaments, mixed mainly or solely with cotton, dyed",,5407,XI
540783,sous_position,"Fabrics, woven; of synthetic filament yarn, containing less than 85% by weight of synthetic filaments, mixed mainly or solely with cotton, of yarns of different colours",,5407,XI
540784,sous_position,"Fabrics, woven; of synthetic filament yarn, containing less than 85% by weight of synthetic filaments, printed",,5407,XI
540791,sous_position,"Fabrics, woven; of synthetic filament yarn, bleached or unbleached, n.e.c. in heading no. 5407",,5407,XI
540792,sous_position,"Fabrics, woven; of synthetic filament yarn, dyed, n.e.c. in heading 5407",,5407,XI
540793,sous_position,"Fabrics, woven; of synthetic filament yarn, of yarns of different colours, n.e.c. in heading no. 5407",,5407,XI
540794,sous_position,"Fabrics, woven; of synthetic filament yarn, printed, n.e.c. in heading no. 5407",,5407,XI
5408,position,Woven fabrics of artificial filament yarn including woven fabrics obtained from materials of heading no. 5404,,54,XI
540810,sous_position,"Fabrics, woven; of viscose rayon, high tenacity, artificial filament yarn",,5408,XI
540821,sous_position,"Fabrics, woven; of artificial filament yarn, containing 85% or more by weight of artificial filament, strip or the like, bleached or unbleached",,5408,XI
540822,sous_position,"Fabrics, woven; of artificial filament yarn, containing 85% or more by weight of artificial filament, strip or the like, dyed",,5408,XI
540823,sous_position,"Fabrics, woven; containing 85% or more by weight of artificial filament, strip or the like, of yarns of different colours",,5408,XI
540824,sous_position,"Fabrics, woven; of artificial filament yarn, containing 85% or more by weight of artificial filament, strip or the like, printed",,5408,XI
540831,sous_position,"Fabrics, woven; of artificial filament yarn, of artificial monofilament, strip and the like, n.e.c. in heading no. 5408, unbleached or bleached",,5408,XI
540832,sous_position,"Fabrics, woven; of artificial filament yarn, of artificial monofilament, strip and the like, n.e.c. in heading no. 5408, dyed",,5408,XI
540833,sous_position,"Fabrics, woven; of artificial filament yarn, of artificial monofilament, strip and the like, n.e.c. in heading no. 5408, of yarns of different colours",,5408,XI
540834,sous_position,"Fabrics, woven; of artificial filament yarn, of artificial monofilament, strip and the like, n.e.c. in heading no. 5408, printed",,5408,XI
55,chapitre,Man-made staple fibres,,TOTAL,XI
5501,position,Synthetic filament tow,,55,XI
550111,sous_position,"Fibres; synthetic filament tow, of nylon or other polyamides, of aramids",,5501,XI
550119,sous_position,"Fibres; synthetic filament tow, of nylon or other polyamides, of other than aramids",,5501,XI
550120,sous_position,"Fibres; synthetic filament tow, of polyesters",,5501,XI
550130,sous_position,"Fibres; synthetic filament tow, acrylic or modacrylic",,5501,XI
550140,sous_position,"Fibres; synthetic filament tow, of polypropylene",,5501,XI
550190,sous_position,"Fibres; synthetic filament tow, of synthetic materials n.e.c. in heading no. 5501",,5501,XI
5502,position,Artificial filament tow,,55,XI
550210,sous_position,Fibres; artificial filament tow of cellulose acetate,,5502,XI
550290,sous_position,"Fibres; artificial filament tow, other than cellulose acetate",,5502,XI
5503,position,"Synthetic staple fibres, not carded, combed or otherwise processed for spinning",,55,XI
550311,sous_position,"Fibres; synthetic staple fibres, of aramids, not carded, combed or otherwise processed for spinning",,5503,XI
550319,sous_position,"Fibres; synthetic staple fibres, of nylon or other polyamides other than aramids, not carded, combed or otherwise processed for spinning",,5503,XI
550320,sous_position,"Fibres; synthetic staple fibres, of polyesters, not carded, combed or otherwise processed for spinning",,5503,XI
550330,sous_position,"Fibres; synthetic staple fibres, acrylic or modacrylic, not carded, combed or otherwise processed for spinning",,5503,XI
550340,sous_position,"Fibres; synthetic staple fibres, of polypropylene, not carded, combed or otherwise processed for spinning",,5503,XI
550390,sous_position,"Fibres; synthetic staple fibres, of synthetic materials n.e.c. in heading no. 5503, not carded, combed or otherwise processed for spinning",,5503,XI
5504,position,"Artificial staple fibres, not carded, combed or otherwise processed for spinning",,55,XI
550410,sous_position,"Fibres; artificial staple fibres, of viscose, not carded, combed or otherwise processed for spinning",,5504,XI
550490,sous_position,"Fibres; artificial staple fibres, other than of viscose, not carded, combed or otherwise processed for spinning",,5504,XI
5505,position,"Waste (including noils, yarn waste and garnetted stock), of man-made fibres",,55,XI
550510,sous_position,"Fibres; waste (including noils, yarn waste and garnetted stock), of synthetic fibres",,5505,XI
550520,sous_position,"Fibres; waste (including noils, yarn waste and garnetted stock), of artificial fibres",,5505,XI
5506,position,"Synthetic staple fibres, carded, combed or otherwise processed for spinning",,55,XI
550610,sous_position,"Fibres; synthetic staple fibres, of nylon or other polyamides, carded, combed or otherwise processed for spinning",,5506,XI
550620,sous_position,"Fibres; synthetic staple fibres, of polyesters, carded, combed or otherwise processed for spinning",,5506,XI
550630,sous_position,"Fibres; synthetic staple fibres, acrylic or modacrylic, carded, combed or otherwise processed for spinning",,5506,XI
550640,sous_position,"Fibres; synthetic staple fibres, of polypropylene, carded, combed or otherwise processed for spinning",,5506,XI
550690,sous_position,"Fibres; synthetic staple fibres, n.e.c. in heading no. 5506, carded, combed or otherwise processed for spinning",,5506,XI
5507,position,"Artificial staple fibres, carded, combed or otherwise processed for spinning",,55,XI
550700,sous_position,"Fibres; artificial staple fibres, carded, combed or otherwise processed for spinning",,5507,XI
5508,position,"Sewing thread of man-made staple fibres, whether or not put up for retail sale",,55,XI
550810,sous_position,"Sewing thread; of synthetic staple fibres, whether or not put up for retail sale",,5508,XI
550820,sous_position,"Sewing thread; of artificial staple fibres, whether or not put up for retail sale",,5508,XI
5509,position,"Yarn (other than sewing thread) of synthetic staple fibres, not put up for retail sale",,55,XI
550911,sous_position,"Yarn; (not sewing thread), single, of synthetic staple fibres, containing 85% or more by weight of nylon or other polyamides, not put up for retail sale",,5509,XI
550912,sous_position,"Yarn; (not sewing thread), multiple (folded) or cabled yarn, of synthetic staple fibres, containing 85% or more by weight of nylon or other polyamides, not put up for retail sale",,5509,XI
550921,sous_position,"Yarn; (not sewing thread), single, of synthetic staple fibres, containing 85% or more by weight of polyester, not put up for retail sale",,5509,XI
550922,sous_position,"Yarn; (not sewing thread), multiple (folded) or cabled yarn, of synthetic staple fibres, containing 85% or more by weight of polyester, not put up for retail sale",,5509,XI
550931,sous_position,"Yarn; (not sewing thread), single, of synthetic staple fibres, containing 85% or more by weight of acrylic or modacrylic, not put up for retail sale",,5509,XI
550932,sous_position,"Yarn; (not sewing thread), multiple (folded) or cabled, of synthetic staple fibres, containing 85% or more by weight of acrylic or modacrylic, not put up for retail sale",,5509,XI
550941,sous_position,"Yarn; (not sewing thread), single, containing 85% or more by weight of synthetic staple fibres, n.e.c. in heading no. 5509, not put up for retail sale",,5509,XI
550942,sous_position,"Yarn; (not sewing thread), multiple (folded) or cabled yarn, containing 85% or more by weight of synthetic staple fibres, n.e.c. in heading no. 5509, not put up for retail sale",,5509,XI
550951,sous_position,"Yarn; (not sewing thread), of polyester staple fibres, mixed mainly or solely with artificial staple fibres, not put up for retail sale",,5509,XI
550952,sous_position,"Yarn; (not sewing thread), of polyester staple fibres, mixed mainly or solely with wool or fine animal hair, not put up for retail sale",,5509,XI
550953,sous_position,"Yarn; (not sewing thread), of polyester staple fibres, mixed mainly or solely with cotton, not put up for retail sale",,5509,XI
550959,sous_position,"Yarn; (not sewing thread), of polyester staple fibres, mixed mainly or solely with fibres n.e.c. in item no. 5509.5, not put up for retail sale",,5509,XI
550961,sous_position,"Yarn; (not sewing thread), of acrylic or modacrylic staple fibres, mixed mainly or solely with wool or fine animal hair, not put up for retail sale",,5509,XI
550962,sous_position,"Yarn; (not sewing thread), of acrylic or modacrylic staple fibres, mixed mainly or solely with cotton, not put up for retail sale",,5509,XI
550969,sous_position,"Yarn; (not sewing thread), of acrylic or modacrylic staple fibres, mixed mainly or solely with fibres n.e.c. in item no. 5509.6, not put up for retail sale",,5509,XI
550991,sous_position,"Yarn; (not sewing thread), of synthetic staple fibres, mixed mainly or solely with wool or fine animal hair, n.e.c. in heading no. 5509, not put up for retail sale",,5509,XI
550992,sous_position,"Yarn; (not sewing thread), of synthetic staple fibres, mixed mainly or solely with cotton, n.e.c. in heading no. 5509, not put up for retail sale",,5509,XI
550999,sous_position,"Yarn; (not sewing thread), of synthetic staple fibres, mixed mainly or solely with fibres (other than wool, fine animal hair or cotton), n.e.c. in heading no. 5509, not put up for retail sale",,5509,XI
5510,position,"Yarn (other than sewing thread) of artificial staple fibres, not put up for retail sale",,55,XI
551011,sous_position,"Yarn; (not sewing thread), single, of artificial staple fibres, containing 85% or more by weight of artificial staple fibres, not put up for retail sale",,5510,XI
551012,sous_position,"Yarn; (not sewing thread), multiple (folded) or cabled yarn, of artificial staple fibres, containing 85% or more by weight of artificial staple fibres, not put up for retail sale",,5510,XI
551020,sous_position,"Yarn; (not sewing thread), of artificial staple fibres, mixed mainly or solely with wool or fine animal hair, not put up for retail sale",,5510,XI
551030,sous_position,"Yarn; (not sewing thread), of artificial staple fibres, mixed mainly or solely with cotton, not put up for retail sale",,5510,XI
551090,sous_position,"Yarn; (not sewing thread), of artificial staple fibres, mixed mainly or solely with fibres (other than wool, fine animal hair or cotton), not put up for retail sale",,5510,XI
5511,position,"Yarn (not sewing thread), of man-made staple fibres, put up for retail sale",,55,XI
551110,sous_position,"Yarn; (not sewing thread), of synthetic staple fibres, containing 85% or more by weight of synthetic staple fibres, put up for retail sale",,5511,XI
551120,sous_position,"Yarn; (not sewing thread), of synthetic staple fibres, containing less than 85% by weight of synthetic staple fibres, put up for retail sale",,5511,XI
551130,sous_position,"Yarn; (not sewing thread), of artificial staple fibres, put up for retail sale",,5511,XI
5512,position,"Woven fabrics of synthetic staple fibres, containing 85% or more by weight of synthetic staple fibres",,55,XI
551211,sous_position,"Fabrics, woven; of synthetic staple fibres, containing 85% or more by weight of polyester staple fibres, unbleached or bleached",,5512,XI
551219,sous_position,"Fabrics, woven; of synthetic staple fibres, containing 85% or more by weight of polyester staple fibres, other than unbleached or bleached",,5512,XI
551221,sous_position,"Fabrics, woven; of synthetic staple fibres, containing 85% or more by weight of acrylic or modacrylic staple fibres, unbleached or bleached",,5512,XI
551229,sous_position,"Fabrics, woven; of synthetic staple fibres, containing 85% or more by weight of acrylic or modacrylic staple fibres, other than unbleached or bleached",,5512,XI
551291,sous_position,"Fabrics, woven; of synthetic staple fibres, containing 85% or more by weight of such fibres n.e.c. in heading no. 5512, unbleached or bleached",,5512,XI
551299,sous_position,"Fabrics, woven; of synthetic staple fibres, containing 85% or more by weight of such fibres n.e.c. in heading no. 5512, other than unbleached or bleached",,5512,XI
5513,position,"Woven fabrics of synthetic staple fibres, containing less than 85% by weight of such fibres, mixed mainly or solely with cotton, of a weight not exceeding 170g/m2",,55,XI
551311,sous_position,"Fabrics, woven; plain weave, of polyester staple fibres, containing less than 85% by weight of such fibres, mixed mainly or solely with cotton, of a weight not exceeding 170g/m2, unbleached or bleached",,5513,XI
551312,sous_position,"Fabrics, woven; 3-thread or 4-thread twill, of polyester staple fibres, containing less than 85% by weight of such, mixed mainly or solely with cotton, not exceeding 170g/m2, unbleached or bleached",,5513,XI
551313,sous_position,"Fabrics, woven; of polyester staple fibres, containing less than 85% by weight of such fibres, mixed mainly or solely with cotton, not exceeding 170g/m2, unbleached or bleached",,5513,XI
551319,sous_position,"Fabrics, woven; containing less than 85% by weight of synthetic staple fibres (other than polyesters), mixed mainly or solely with cotton, not exceeding 170g/m2, unbleached or bleached",,5513,XI
551321,sous_position,"Fabrics, woven; plain weave, dyed, containing less than 85% by weight of polyester staple fibres, mixed mainly or solely with cotton, not exceeding 170g/m2",,5513,XI
551323,sous_position,"Fabrics, woven; dyed, containing less than 85% by weight of polyester staple fibres, mixed mainly or solely with cotton, not exceeding 170g/m2",,5513,XI
551329,sous_position,"Fabrics, woven; dyed, containing less than 85% by weight of synthetic staple fibres (other than polyesters), mixed mainly or solely with cotton, not exceeding 170g/m2",,5513,XI
551331,sous_position,"Fabrics, woven; plain weave, of yarns of different colours, containing less than 85% by weight of polyester staple fibres, mixed mainly or solely with cotton, not exceeding 170g/m2",,5513,XI
551339,sous_position,"Fabrics, woven; of yarns of different colours, containing less than 85% of synthetic staple fibres (other than polyester, plain weave), mixed mainly or solely with cotton, not exceeding 170g/m2",,5513,XI
551341,sous_position,"Fabrics, woven; plain weave, printed, of polyester staple fibres, containing less than 85% by weight of such fibres, mixed mainly or solely with cotton, not exceeding 170g/m2",,5513,XI
551349,sous_position,"Fabrics, woven; printed, containing less than 85% by weight of synthetic staple fibres (other than polyester, plain weave), mixed mainly or solely with cotton, not exceeding 170g/m2",,5513,XI
5514,position,"Woven fabrics of synthetic staple fibres, containing less than 85% by weight of such fibres, mixed mainly or solely with cotton, of a weight exceeding 170g/m2",,55,XI
551411,sous_position,"Fabrics, woven; plain weave, unbleached or bleached, containing less than 85% by weight of polyester staple fibres, mixed mainly or solely with cotton, exceeding 170g/m2",,5514,XI
551412,sous_position,"Fabrics, woven; 3- or 4-thread twill, including cross twill, unbleached or bleached, containing less than 85% by weight of polyester staple fibres, mixed mainly or solely with cotton, over 170g/m2",,5514,XI
551419,sous_position,"Fabrics, woven; unbleached or bleached, containing less than 85% by weight of synthetic staple fibres n.e.c. in item no. 55.14.1, mixed mainly or solely with cotton, exceeding 170g/m2",,5514,XI
551421,sous_position,"Fabrics, woven; plain weave, dyed, containing less than 85% by weight of polyester staple fibres, mixed mainly or solely with cotton, exceeding 170g/m2",,5514,XI
551422,sous_position,"Fabrics, woven; 3- or 4-thread twill, including cross twill, dyed, containing less than 85% by weight of polyester staple fibres, mixed mainly or solely with cotton, exceeding 170g/m2",,5514,XI
551423,sous_position,"Fabrics, woven; dyed, containing less than 85% by weight of polyester staple fibres, mixed mainly or solely with cotton, exceeding 170g/m2, n.e.c. in heading no. 5514",,5514,XI
551429,sous_position,"Fabrics, woven; dyed, containing less than 85% by weight of synthetic staple fibres (other than polyesters), mixed mainly or solely with cotton, exceeding 170g/m2",,5514,XI
551430,sous_position,"Fabrics, woven; of yarns of different colours, containing less than 85% by weight of synthetic staple fibres, mixed mainly or solely with cotton, exceeding 170g/m2",,5514,XI
551441,sous_position,"Fabrics, woven; plain weave, printed, containing less than 85% by weight of polyester staple fibres, mixed mainly or solely with cotton, exceeding 170g/m2",,5514,XI
551442,sous_position,"Fabrics, woven; 3- or 4-thread twill, including cross twill, printed, containing less than 85% by weight of polyester staple fibres, mixed mainly or solely with cotton, exceeding 170g/m2",,5514,XI
551443,sous_position,"Fabrics, woven; printed, containing less than 85% by weight of polyester staple fibres, mixed mainly or solely with cotton, weight exceeding 170g/m2, n.e.c. in heading no. 5514",,5514,XI
551449,sous_position,"Fabrics, woven; printed, containing less than 85% by weight of synthetic staple fibres (other than polyesters), mixed mainly or solely with cotton, exceeding 170g/m2",,5514,XI
5515,position,"Woven fabrics of synthetic staple fibres, n.e.c. in chapter 55",,55,XI
551511,sous_position,"Fabrics, woven; of polyester staple fibres n.e.c. in chapter 55, mixed mainly or solely with viscose rayon staple fibres",,5515,XI
551512,sous_position,"Fabrics, woven; of polyester staple fibres n.e.c. in chapter 55, mixed mainly or solely with man-made filaments",,5515,XI
551513,sous_position,"Fabrics, woven; of polyester staple fibres n.e.c. in chapter 55, mixed mainly or solely with wool or fine animal hair",,5515,XI
551519,sous_position,"Fabrics, woven; of polyester staple fibres n.e.c. in chapter 55, mixed mainly or solely with fibres n.e.c. in item no. 5515.1",,5515,XI
551521,sous_position,"Fabrics, woven; of acrylic or modacrylic staple fibres n.e.c. in chapter 55, mixed mainly or solely with man-made filaments",,5515,XI
551522,sous_position,"Fabrics, woven; of acrylic or modacrylic staple fibres n.e.c. in chapter 55, mixed mainly or solely with wool or fine animal hair",,5515,XI
551529,sous_position,"Fabrics, woven; of acrylic or modacrylic staple fibres n.e.c. in chapter 55, mixed mainly or solely with fibres n.e.c. in item no. 5515.2",,5515,XI
551591,sous_position,"Fabrics, woven; of synthetic staple fibres n.e.c. in chapter 55, mixed mainly or solely with man-made filaments",,5515,XI
551599,sous_position,"Fabrics, woven; of synthetic staple fibres n.e.c. in chapter 55, mixed mainly or solely with fibres n.e.c. in heading no. 5515",,5515,XI
5516,position,Woven fabrics of artificial staple fibres,,55,XI
551611,sous_position,"Fabrics, woven; unbleached or bleached, containing 85% or more by weight of artificial staple fibres",,5516,XI
551612,sous_position,"Fabrics, woven; dyed, containing 85% or more by weight of artificial staple fibres",,5516,XI
551613,sous_position,"Fabrics, woven; of yarns of different colours, containing 85% or more by weight of artificial staple fibres",,5516,XI
551614,sous_position,"Fabrics, woven; printed, containing 85% or more by weight of artificial staple fibres",,5516,XI
551621,sous_position,"Fabrics, woven; unbleached or bleached, containing less than 85% by weight of artificial staple fibres, mixed mainly or solely with manmade filaments",,5516,XI
551622,sous_position,"Fabrics, woven; dyed, containing less than 85% by weight of artificial staple fibres, mixed mainly or solely with man-made filaments",,5516,XI
551623,sous_position,"Fabrics, woven; of yarns of different colours, containing less than 85% by weight of artificial staple fibres, mixed mainly or solely with man-made filaments",,5516,XI
551624,sous_position,"Fabrics, woven; printed, containing less than 85% by weight of artificial staple fibres, mixed mainly or solely with man-made filaments",,5516,XI
551631,sous_position,"Fabrics, woven; unbleached or bleached, containing less than 85% by weight of artificial staple fibres, mixed mainly or solely with wool or fine animal hair",,5516,XI
551632,sous_position,"Fabrics, woven; dyed, containing less than 85% by weight of artificial staple fibres, mixed mainly or solely with wool or fine animal hair",,5516,XI
551633,sous_position,"Fabrics, woven; of yarns of different colours, containing less than 85% by weight of artificial staple fibres, mixed mainly or solely with wool or fine animal hair",,5516,XI
551634,sous_position,"Fabrics, woven; printed, containing less than 85% by weight of artificial staple fibres, mixed mainly or solely with wool or fine animal hair",,5516,XI
551641,sous_position,"Fabrics, woven; unbleached or bleached, containing less than 85% by weight of artificial staple fibres, mixed mainly or solely with cotton",,5516,XI
551642,sous_position,"Fabrics, woven; dyed, containing less than 85% by weight of artificial staple fibres, mixed mainly or solely with cotton",,5516,XI
551643,sous_position,"Fabrics, woven; of yarns of different colours, containing less than 85% by weight of artificial staple fibres, mixed mainly or solely with cotton",,5516,XI
551644,sous_position,"Fabrics, woven; printed, containing less than 85% by weight of artificial staple fibres, mixed mainly or solely with cotton",,5516,XI
551691,sous_position,"Fabrics, woven; unbleached or bleached, of artificial staple fibres, n.e.c. in heading no. 5516",,5516,XI
551692,sous_position,"Fabrics, woven; dyed, of artificial staple fibres, n.e.c. in heading no. 5516",,5516,XI
551693,sous_position,"Fabrics, woven; of yarns of different colours, of artificial staple fibres, n.e.c. in heading no. 5516",,5516,XI
551694,sous_position,"Fabrics, woven; printed, of artificial staple fibres, n.e.c. in heading no. 5516",,5516,XI
56,chapitre,"Wadding, felt and nonwovens, special yarns; twine, cordage, ropes and cables and articles thereof",,TOTAL,XI
5601,position,"Wadding of textile materials and articles thereof; textile fibres, not exceeding 5 mm in length (flock), textile dust and mill neps",,56,XI
560121,sous_position,"Wadding; other articles thereof, of cotton",,5601,XI
560122,sous_position,"Wadding; other articles thereof, of man-made fibres",,5601,XI
560129,sous_position,"Wadding; other articles thereof, other than of cotton or man-made fibres",,5601,XI
560130,sous_position,Wadding; textile flock and dust and mill neps,,5601,XI
5602,position,"Felt; whether or not impregnated, coated, covered or laminated",,56,XI
560210,sous_position,"Felt; needleloom felt and stitch-bonded fibre fabrics, whether or not impregnated, coated, covered or laminated",,5602,XI
560221,sous_position,"Felt; of wool or fine animal hair (excluding needleloom felt or stitch-bonded fibre fabrics), not impregnated, coated, covered nor laminated",,5602,XI
560229,sous_position,"Felt; of textile materials other than wool or fine animal hair (excluding needleloom felt and stitch-bonded fibre fabrics), not impregnated, coated, covered or laminated",,5602,XI
560290,sous_position,"Felt; impregnated, coated, covered or laminated (excluding needleloom felt and stitch-bonded fibre fabrics)",,5602,XI
5603,position,"Nonwovens; whether or not impregnated, coated, covered or laminated",,56,XI
560311,sous_position,"Nonwovens; whether or not impregnated, coated, covered or laminated, of man-made filaments, (weighing not more than 25g/m2)",,5603,XI
560312,sous_position,"Nonwovens; whether or not impregnated, coated, covered or laminated, of man-made filaments, (weighing more than 25g/m2 but not more than 70g/m2)",,5603,XI
560313,sous_position,"Nonwovens; whether or not impregnated, coated, covered or laminated, of man-made filaments, (weighing more than 70g/m2 but not more than 150g/m2)",,5603,XI
560314,sous_position,"Nonwovens; whether or not impregnated, coated, covered or laminated, of man-made filaments, (weighing more than 150g/m2)",,5603,XI
560391,sous_position,"Nonwovens; whether or not impregnated, coated, covered or laminated, not of man-made filaments, (weighing not more than 25g/m2)",,5603,XI
560392,sous_position,"Nonwovens; whether or not impregnated, coated, covered or laminated, not of man-made filaments, (weighing more than 25g/m2 but not more than 70g/m2)",,5603,XI
560393,sous_position,"Nonwovens; whether or not impregnated, coated, covered or laminated, not of man-made filaments, (weighing more than 70g/m2 but not more than 150g/m2)",,5603,XI
560394,sous_position,"Nonwovens; whether or not impregnated, coated, covered or laminated, not of man-made filaments, (weighing more than 150g/m2)",,5603,XI
5604,position,"Rubber thread and cord, textile covered; textile yarn and strip and the like of heading no. 5404, 5405; impregnated, coated, covered or sheathed with rubber or plastics",,56,XI
560410,sous_position,Rubber thread and cord; textile covered,,5604,XI
560490,sous_position,"Yarn; textile yarn, strip, and the like of heading no. 5404 or 5405, impregnated, coated, covered, or sheathed with rubber or plastics, n.e.c. in heading no. 5604",,5604,XI
5605,position,"Yarn; metallised, whether or not gimped, of textile yarn, or strip or the like of heading no. 5404 or 5405, combined with metal in the form of thread, strip or powder or covered with metal",,56,XI
560500,sous_position,"Yarn; metallised, whether or not gimped, of textile yarn, or strip or the like of heading no. 5404 or 5405, combined with metal in the form of thread, strip or powder or covered with metal",,5605,XI
5606,position,"Yarn and strip and the like of heading no. 5404 or 5405, gimped (other than those of heading no. 5606 and gimped horsehair yarn); chenille yarn (including flock chenille yarn); loop wale-yarn",,56,XI
560600,sous_position,"Yarn and strip and the like of heading no. 5404 or 5405; gimped, (other than those of heading no. 5406 and gimped horsehair yarn); chenille yarn (including flock chenille yarn); loop wale-yarn",,5606,XI
5607,position,"Twine, cordage, ropes and cables, whether or not plaited or braided; whether or not impregnated, coated, covered or sheathed with rubber or plastics",,56,XI
560721,sous_position,"Twine; binder or baler twine, of sisal or other textile fibres of the genus agave",,5607,XI
560729,sous_position,"Twine, cordage, ropes, cables; of sisal or other textile fibres of the genus agave (excluding binder or baler twine), whether or not plaited, braided or rubber or plastic impregnated, coated, covered or sheathed",,5607,XI
560741,sous_position,"Twine; binder or baler twine, of polyethylene or polypropylene",,5607,XI
560749,sous_position,"Twine, cordage, ropes, cables; of polyethylene or polypropylene (excluding binder or baler twine), whether or not plaited, braided or rubber or plastic impregnated, coated, covered or sheathed",,5607,XI
560750,sous_position,"Twine, cordage, ropes, cables; of synthetic fibres other than polyethylene or polypropylene, whether or not plaited, braided or impregnated, coated, covered or sheathed with rubber or plastics",,5607,XI
560790,sous_position,"Twine, cordage, ropes, cables; of materials n.e.c. in heading no. 5607, whether or not plaited, braided or impregnated, coated, covered, or sheathed with rubber or plastics",,5607,XI
5608,position,"Twine, cordage or rope; knotted netting, made up fishing nets and other made up nets, of textile materials",,56,XI
560811,sous_position,"Twine, cordage or rope; fishing nets, made up, of man made textile materials",,5608,XI
560819,sous_position,"Twine, cordage or rope; knotted netting, for other than fishing, of man-made textile materials",,5608,XI
560890,sous_position,"Twine, cordage or rope; knotted netting, of other than man-made textiles",,5608,XI
5609,position,"Articles of yarn, strip or the like of heading no. 5404 or 5405; twine, cordage, rope or cables n.e.c. or included",,56,XI
560900,sous_position,"Yarn; articles of yarn, strip or the like of heading no. 5404 and 5405, twine, cordage, rope or cables n.e.c. or included",,5609,XI
57,chapitre,Carpets and other textile floor coverings,,TOTAL,XI
5701,position,"Carpets and other textile floor coverings; knotted, whether or not made up",,57,XI
570110,sous_position,"Carpets and other textile floor coverings; knotted, of wool or fine animal hair, whether or not made up",,5701,XI
570190,sous_position,"Carpets and other textile floor coverings; knotted, of textile materials (other than wool or fine animal hair), whether or not made up",,5701,XI
5702,position,"Carpets and other textile floor coverings; woven, (not tufted or flocked), whether or not made up, including kelem, schumacks, karamanie and similar hand-woven rugs",,57,XI
570210,sous_position,"Carpets and other textile floor coverings; woven, (not tufted or flocked), whether or not made up, including kelem, schumacks, karamanie and similar hand-woven rugs",,5702,XI
570220,sous_position,"Carpets and other textile floor coverings; woven, (not tufted or flocked), whether or not made up, of coconut fibres (coir)",,5702,XI
570231,sous_position,"Carpets and other textile floor coverings; woven, (not tufted or flocked), of wool or fine animal hair, of pile construction, not made up, n.e.c. in item no. 5702.10 or 5702.20",,5702,XI
570232,sous_position,"Carpets and other textile floor coverings; woven, (not tufted or flocked), of man-made textile materials, of pile construction, not made up, n.e.c. in item no. 5702.10 or 5702.20",,5702,XI
570239,sous_position,"Carpets and other textile floor coverings; woven, (not tufted or flocked), of textile materials (other than man-made, wool or fine animal hair), of pile construction, not made up, n.e.c. in item no. 5702.10 or 5702.20",,5702,XI
570241,sous_position,"Carpets and other textile floor coverings; woven, (not tufted or flocked), of wool or fine animal hair, of pile construction, made up, n.e.c. in item no. 5702.10 or 5702.20",,5702,XI
570242,sous_position,"Carpets and other textile floor coverings; woven, (not tufted or flocked), of man-made textile materials, of pile construction, made up, n.e.c. in item no. 5702.10 or 5702.20",,5702,XI
570249,sous_position,"Carpets and other textile floor coverings; woven, (not tufted or flocked), of textile materials (other than man-made, wool or fine animal hair), of pile construction, made up, n.e.c. in item no. 5702.10 or 5702.20",,5702,XI
570250,sous_position,"Carpets and other textile floor coverings; woven, (not tufted or flocked), not of pile construction, not made up, n.e.c. in item no. 5702.10 or 5702.20",,5702,XI
570291,sous_position,"Carpets and other textile floor coverings; woven, (not tufted or flocked), of wool or fine animal hair, (not of pile construction), made up, n.e.c. in item no. 5702.10 or 5702.20",,5702,XI
570292,sous_position,"Carpets and other textile floor coverings; woven, (not tufted or flocked), of man-made textile materials, (not of pile construction), made up, n.e.c. in item no. 5702.10 or 5702.20",,5702,XI
570299,sous_position,"Carpets and other textile floor coverings; woven, (not tufted or flocked), of textile materials (other than man-made or wool or fine animal hair, not of pile construction), made up, n.e.c. in item no. 5702.10 or 5702.20",,5702,XI
5703,position,"Carpets and other textile floor coverings (including turf); tufted, whether or not made up",,57,XI
570310,sous_position,"Carpets and other textile floor coverings (including turf); tufted, of wool or fine animal hair, whether or not made up",,5703,XI
570321,sous_position,"Carpets and other textile floor coverings; tufted, of nylon or other polyamides, whether or not made up",,5703,XI
570329,sous_position,"Carpets; tufted, of nylon or other polyamides, whether or not made up",,5703,XI
570331,sous_position,"Carpets and other textile floor coverings; tufted, of other man-made textile materials (other than polyamides), whether or not made up",,5703,XI
570339,sous_position,"Carpets; tufted, of man-made textile materials (other than polyamides), whether of not made up",,5703,XI
570390,sous_position,"Carpets and other textile floor coverings; tufted, of textile materials (other than man-made, wool or fine animal hair), whether or not made up",,5703,XI
5704,position,"Carpets and other textile floor coverings; of felt, (not tufted or flocked), whether or not made up",,57,XI
570410,sous_position,"Textile floor coverings; felt tiles, (not tufted or flocked), whether or not made up, having a maximum surface area of 0.3m2",,5704,XI
570420,sous_position,"Carpets and other textile floor coverings; of felt, (not tufted or flocked), whether or not made up, having a maximum surface area exceeding 0.3 m2 but not exceeding 1 m2",,5704,XI
570490,sous_position,"Carpets and other textile floor coverings; of felt, (not tufted or flocked), in the piece, whether or not made up, having a maximum surface area exceeding 1 m2",,5704,XI
5705,position,"Carpets and other textile floor coverings; n.e.c. in chapter 57, whether or not made up",,57,XI
570500,sous_position,"Carpets and other textile floor coverings; n.e.c. in chapter 57, whether or not made up",,5705,XI
58,chapitre,"Fabrics; special woven fabrics, tufted textile fabrics, lace, tapestries, trimmings, embroidery",,TOTAL,XI
5801,position,"Fabrics; woven pile and chenille fabrics, other than fabrics of heading no. 5802 or 5806",,58,XI
580110,sous_position,"Fabrics; woven pile, of wool or fine animal hair, other than fabrics of heading no. 5802 or 5806",,5801,XI
580121,sous_position,"Fabrics; woven pile, of cotton, uncut weft pile fabrics, other than fabrics of heading no. 5802 or 5806",,5801,XI
580122,sous_position,"Fabrics; woven pile, of cotton, cut corduroy, other than fabrics of heading no. 5802 or 5806",,5801,XI
580123,sous_position,"Fabrics; woven pile, of cotton, weft pile fabrics other than uncut and corduroy, other than fabrics of heading no. 5802 or 5806",,5801,XI
580126,sous_position,"Fabrics; chenille, of cotton, other than fabrics of heading no. 5802 or 5806",,5801,XI
580127,sous_position,"Fabrics; woven pile, of cotton, warp pile fabrics, other than fabrics of heading no. 5802 or 5806",,5801,XI
580131,sous_position,"Fabrics; woven pile, of man-made fibres, uncut weft pile fabrics, other than fabrics of heading no. 5802 or 5806",,5801,XI
580132,sous_position,"Fabrics; woven pile, of man-made fibres, cut corduroy, other than fabrics of heading no. 5802 or 5806",,5801,XI
580133,sous_position,"Fabrics; woven pile, of man-made fibres, other weft pile fabrics, other than fabrics of heading no. 5802 or 5806",,5801,XI
580136,sous_position,"Fabrics; chenille, of man-made fibres, other than fabrics of heading no. 5802 or 5806",,5801,XI
580137,sous_position,"Fabrics; woven pile, of man-made fibres, warp pile fabrics, other than fabrics of heading no. 5802 or 5806",,5801,XI
580190,sous_position,"Fabrics; woven pile and chenille, of textile materials n.e.c. in heading no. 5801, other than fabrics of heading no. 5802 or 5806",,5801,XI
5802,position,"Fabrics; terry towelling and similar woven terry fabrics other than narrow fabrics of heading no. 5806; tufted textile fabrics, excluding products of heading no. 5703",,58,XI
580210,sous_position,"Fabrics; terry towelling and similar woven terry fabrics, of cotton, whether bleached or unbleached, excluding narrow fabrics of heading no. 5806",,5802,XI
580220,sous_position,"Fabrics; terry towelling and similar woven terry fabrics, of textile materials, excluding cotton, excluding narrow fabrics of heading no. 5806",,5802,XI
580230,sous_position,"Fabrics; tufted textile fabrics, excluding products of heading no. 5703",,5802,XI
5803,position,Gauze; other than narrow fabrics of heading no. 5806,,58,XI
580300,sous_position,Gauze; other than narrow fabrics of heading no. 5806,,5803,XI
5804,position,"Tulles and other net fabrics; not including woven, knitted or crocheted fabrics; lace in the piece, in strips or in motifs, (other than fabrics of headings 60.02 to 60.06)",,58,XI
580410,sous_position,"Tulles and other net fabrics; excluding woven, knitted or crocheted fabrics, (other than fabrics of headings 60.02 to 60.06)",,5804,XI
580421,sous_position,"Lace; mechanically made, of man-made fibres in the piece, in strips or in motifs, (other than fabrics of headings 60.02 to 60.06)",,5804,XI
580429,sous_position,"Lace; mechanically made, of textile materials, (other than man-made fibres), in the piece, in strips or motifs, (other than fabrics of headings 60.02 to 60.06)",,5804,XI
580430,sous_position,"Lace; hand-made, in the piece, in strips or motifs, (other than fabrics of headings 60.02 to 60.06)",,5804,XI
5805,position,"Tapestries; hand-woven, (Gobelins, Flanders, Aubusson, Beauvais and the like) and needle-worked tapestries (e.g. petit point, cross-stitch) whether or not made up",,58,XI
580500,sous_position,"Tapestries; hand-woven, (Gobelins, Flanders, Aubusson, Beauvais and the like) and needle-worked tapestries (e.g. petit point, cross-stitch) whether or not made up",,5805,XI
5806,position,"Fabrics; narrow woven, other than goods of heading 5807; narrow fabrics consisting of warp without weft assembled by means of an adhesive (bolducs)",,58,XI
580610,sous_position,Fabrics; woven pile (including terry towelling and similar terry fabrics) and chenille fabrics (excluding goods of heading 5807),,5806,XI
580620,sous_position,"Fabrics; narrow (excluding pile fabrics), containing by weight 5% or more of elastomeric yarn or rubber thread",,5806,XI
580631,sous_position,"Fabrics; narrow woven fabrics, n.e.c. in heading no. 5806, of cotton (excluding goods of heading no. 5807)",,5806,XI
580632,sous_position,"Fabrics, narrow woven fabrics, n.e.c. in heading no. 5806, of man-made fibres (excluding goods of heading no. 5807)",,5806,XI
580639,sous_position,"Fabrics; narrow woven fabrics, n.e.c. in heading no. 5806, of textile materials n.e.c. in item no. 5806.3 (excluding goods of heading no. 5807)",,5806,XI
580640,sous_position,"Fabrics; narrow woven, consisting of warp without weft, assembled by means of an adhesive (bolducs)",,5806,XI
5807,position,"Labels, badges and similar articles; of textile materials, in the piece, in strips or cut to shape or size, not embroidered",,58,XI
580710,sous_position,"Labels, badges and similar articles; woven, of textile materials, in the piece, in strips or cut to shape or size, not embroidered",,5807,XI
580790,sous_position,"Labels, badges and similar articles; (other than woven), of textile materials, in the piece, in strips or cut to shape or size, not embroidered",,5807,XI
5808,position,"Braids in the piece; ornamental trimmings in the piece, without embroidery, other than knitted or crocheted; tassels, pompons and similar articles",,58,XI
580810,sous_position,Braids; in the piece,,5808,XI
580890,sous_position,"Ornamental trimmings; tassels, pompons and similar articles; ornamental trimmings in the piece, without embroidery, other than knitted or crocheted",,5808,XI
5809,position,"Fabrics, woven; of metal thread and metallised yarn of heading no. 5605, of a kind used in apparel, as furnishing fabrics or similar purposes; n.e.c. or included",,58,XI
580900,sous_position,"Fabrics, woven; of metal thread and metallised yarn of heading no. 5605, of a kind used in apparel, as furnishing fabrics or similar purposes; n.e.c. or included",,5809,XI
5810,position,"Embroidery; in the piece, in strips or in motifs",,58,XI
581010,sous_position,"Embroidery; without visible ground, in the piece, in strips or in motifs",,5810,XI
581091,sous_position,"Embroidery; with visible ground, of cotton, in the piece, in strips or in motifs",,5810,XI
581092,sous_position,"Embroidery; with visible ground, of man-made fibres, in the piece, in strips or in motifs",,5810,XI
581099,sous_position,"Embroidery; with visible ground, of textile materials (other than cotton and man-made fibres), in the piece, in strips or in motifs",,5810,XI
5811,position,"Quilted textile products; in the piece, composed of one or more layers of textile materials assembled with padding by stitching or otherwise (excluding embroidery of heading no. 5810)",,58,XI
581100,sous_position,"Quilted textile products; in the piece, composed of one or more layers of textile materials assembled with padding by stitching or otherwise (excluding embroidery of heading no. 5810)",,5811,XI
59,chapitre,"Textile fabrics; impregnated, coated, covered or laminated; textile articles of a kind suitable for industrial use",,TOTAL,XI
5901,position,"Textile fabrics, gum or amylaceous substance coated, used for outer book covers and like; tracing cloth, prepared painting canvas; buckram and similar stiffened textile fabrics used for hat foundation",,59,XI
590110,sous_position,"Textile fabrics; coated with gum or amylaceous substances, of a kind used for the outer covers of books or the like",,5901,XI
590190,sous_position,"Textile fabrics; coated with gum or amylaceous substances, tracing cloth, prepared painting canvas, buckram and similar stiffened textile fabrics for hat foundations, (excluding book covers)",,5901,XI
5902,position,Textile fabrics; tyrecord of high tenacity yarn of nylon or other polyamides polyesters or viscose rayon,,59,XI
590210,sous_position,Textile fabrics; tyrecord of high tenacity yarn of nylon or other polyamides,,5902,XI
590220,sous_position,Textile fabrics; tyrecord of high tenacity yarn of polyester,,5902,XI
590290,sous_position,Textile fabrics; tyrecord of high tenacity yarn of viscose rayon,,5902,XI
5903,position,"Textile fabrics impregnated, coated, covered or laminated with plastics, other than those of heading no. 5902",,59,XI
590310,sous_position,"Textile fabrics; impregnated, coated, covered or laminated with poly(vinyl chloride)",,5903,XI
590320,sous_position,"Textile fabrics; impregnated, coated, covered or laminated with polyurethane",,5903,XI
590390,sous_position,"Textile fabrics; impregnated, coated, covered or laminated with plastics, (excluding polyvinyl chloride, polyurethane and those of heading no. 5902)",,5903,XI
5904,position,"Linoleum, whether or not cut to shape; floor coverings consisting of a coating or covering applied on a textile backing, whether or not cut to shape",,59,XI
590410,sous_position,"Linoleum, whether or not cut to shape",,5904,XI
590490,sous_position,"Textiles floor coverings; consisting of a coating or covering applied on a textile backing, whether or not cut to shape, other than linoleum",,5904,XI
5905,position,Textile wall coverings,,59,XI
590500,sous_position,"Textile wall coverings of fabrics impregnated, coated, covered or laminated",,5905,XI
5906,position,"Textile fabrics, rubberised; other than those of heading no. 5902",,59,XI
590610,sous_position,"Textile fabrics, rubberised; (excluding those of heading no. 5902), adhesive tape of a width not exceeding 20cm",,5906,XI
590691,sous_position,"Textile fabrics, rubberised; (excluding those of heading no. 5902 and adhesive tape of a width not exceeding 20cm), knitted or crocheted",,5906,XI
590699,sous_position,"Textile fabrics, rubberised; (excluding those of heading no. 5902 and adhesive tape of a width not exceeding 20cm), not knitted or crocheted",,5906,XI
5907,position,"Textile fabrics; otherwise impregnated, coated or covered; painted canvas being theatrical scenery, studio back-cloths or the like",,59,XI
590700,sous_position,"Textile fabrics; otherwise impregnated, coated or covered, painted canvas being theatrical scenery, studio back-cloths or the like",,5907,XI
5908,position,"Textile wicks, woven, plaited or knitted; for lamps, stoves, lighters, candles or the like; incandescent gas mantles and tubular knitted gas mantle fabric therefor, whether or not impregnated",,59,XI
590800,sous_position,"Textile wicks, woven, plaited or knitted; for lamps, stoves, lighters, candles or the like; incandescent gas mantles and tubular knitted gas mantle fabric therefor, whether or not impregnated",,5908,XI
5909,position,"Textile hose piping and similar textile tubing; with or without lining, armour or accessories of other materials",,59,XI
590900,sous_position,"Textile hosepiping and similar textile tubing; with or without lining, armour or accessories of other materials",,5909,XI
5910,position,"Textiles; transmission or conveyor belts or belting, of textile material, whether or not impregnated, coated, covered or laminated with plastics, or reinforced with metal or other material",,59,XI
591000,sous_position,"Textiles; transmission or conveyor belts or belting, of textile material, whether or not impregnated, coated, covered or laminated with plastics, or reinforced with metal or other material",,5910,XI
5911,position,Textile products and articles for technical uses; specified in note 7 to this chapter,,59,XI
591110,sous_position,"Textile fabric, felt & felt-lined woven fabrics, coated/covered/laminated with rubber, leather or other material, for card clothing, similar fabrics used for technical purposes, including rubber impregnated narrow velvet fabrics to cover weaving spindles",,5911,XI
591120,sous_position,"Textile products and articles for technical uses; bolting cloth, whether or not made up",,5911,XI
591131,sous_position,"Textiles; fabrics and felts, endless or fitted with linking devices, of a kind used in paper-making or similar machines, weighing less than 650g/m2",,5911,XI
591132,sous_position,"Textiles; fabrics and felts, endless or fitted with linking devices, of a kind used in paper-making or similar machines, weighing 650g/m2 or more",,5911,XI
591140,sous_position,"Textile products and articles for technical uses; straining cloth of a kind used in oil presses and the like, including that of human hair",,5911,XI
591190,sous_position,Textile products and articles for technical uses; n.e.c. in heading no. 5911,,5911,XI
60,chapitre,Fabrics; knitted or crocheted,,TOTAL,XI
6001,position,"Fabrics; pile fabrics, including long pile fabrics and terry fabrics, knitted or crocheted",,60,XI
600110,sous_position,"Fabrics; long pile fabrics, knitted or crocheted",,6001,XI
600121,sous_position,"Fabrics; looped pile fabrics, of cotton, knitted or crocheted",,6001,XI
600122,sous_position,"Fabrics; looped pile fabrics, of man-made fibres, knitted or crocheted",,6001,XI
600129,sous_position,"Fabrics; looped pile fabrics, of textile materials (other than cotton or man-made fibres), knitted or crocheted",,6001,XI
600191,sous_position,"Fabrics; pile fabrics (excluding long pile and loop pile), of cotton, knitted or crocheted",,6001,XI
600192,sous_position,"Fabrics; pile fabrics (excluding long pile and loop pile), of man-made fibres, knitted or crocheted",,6001,XI
600199,sous_position,"Fabrics; pile fabrics (excluding long pile and loop pile), of textile materials (other than cotton or man-made fibres), knitted or crocheted",,6001,XI
6002,position,"Fabrics; knitted or crocheted, other than those of heading 60.01, of a width not exceeding 30cm, containing by weight 5% or more of elastomeric yarn or rubber thread",,60,XI
600240,sous_position,"Fabrics; knitted or crocheted, other than those of heading 60.01, of a width not exceeding 30 cm, containing by weight 5% or more of elastomeric yarn but not containing rubber thread",,6002,XI
600290,sous_position,"Fabrics; knitted or crocheted, other than those of heading 60.01, of a width not exceeding 30 cm, containing by weight 5% or more of elastomeric yarn or rubber thread",,6002,XI
6003,position,"Fabrics; knitted or crocheted fabrics, other than those of heading 60.01 and 60.02, of a width not exceeding 30 cm,",,60,XI
600310,sous_position,"Fabrics; knitted or crocheted fabrics, other than those of heading 60.01 and 60.02, of a width not exceeding 30 cm, of wool or fine animal hair",,6003,XI
600320,sous_position,"Fabrics; knitted or crocheted fabrics, other than those of heading 60.01 and 60.02, of a width not exceeding 30 cm, of cotton",,6003,XI
600330,sous_position,"Fabrics; knitted or crocheted fabrics, other than those of heading 60.01 and 60.02, of a width not exceeding 30 cm, of synthetic fibres",,6003,XI
600340,sous_position,"Fabrics; knitted or crocheted fabrics, other than those of heading 60.01 and 60.02, of a width not exceeding 30 cm, of artificial fibres",,6003,XI
600390,sous_position,"Fabrics; knitted or crocheted fabrics, other than those of heading 60.01 and 60.02, of a width not exceeding 30 cm, other than of wool and fine animal hair, cotton, synthetic or artificial fibres",,6003,XI
6004,position,"Fabrics; knitted or crocheted fabrics of a width exceeding 30 cm, other than those of heading 60.01, containing by weight 5% or more of elastomeric yarn or rubber thread",,60,XI
600410,sous_position,"Fabrics; knitted or crocheted fabrics of a width exceeding 30 cm, other than those of heading 60.01, containing by weight 5% or more of elastomeric yarn but not containing rubber thread",,6004,XI
600490,sous_position,"Fabrics; knitted or crocheted, other than those of heading 60.01, of a width exceeding 30 cm, containing by weight 5% or more of elastomeric yarn or rubber thread,",,6004,XI
6005,position,"Fabrics; warp knit (including those made on galloon knitting machines), other than those of headings 60.01 to 60.04",,60,XI
600521,sous_position,"Fabrics; warp knit (including those made on galloon knitting machines), other than those of headings 60.01 to 60.04, of cotton, unbleached or bleached",,6005,XI
600522,sous_position,"Fabrics; warp knit (including those made on galloon knitting machines), other than those of headings 60.01 to 60.04, of cotton, dyed",,6005,XI
600523,sous_position,"Fabrics; warp knit (including those made on galloon knitting machines), other than those of headings 60.01 to 60.04, of cotton, yarns of different colours",,6005,XI
600524,sous_position,"Fabrics; warp knit (including those made on galloon knitting machines), other than those of headings 60.01 to 60.04, of cotton, printed",,6005,XI
600535,sous_position,"Fabrics; warp knit (including those made on galloon knitting machines), other than those of headings 60.01 to 60.04, of synthetic fibres specified in Subheading Note 1 to this Chapter",,6005,XI
600536,sous_position,"Fabrics; warp knit (including those made on galloon knitting machines), other than those of headings 60.01 to 60.04, of synthetic fibres, bleached or unbleached",,6005,XI
600537,sous_position,"Fabrics; warp knit (including those made on galloon knitting machines), other than those of headings 60.01 to 60.04, of synthetic fibres, dyed",,6005,XI
600538,sous_position,"Fabrics; warp knit (including those made on galloon knitting machines), other than those of headings 60.01 to 60.04, of synthetic fibres, yarns of different colours",,6005,XI
600539,sous_position,"Fabrics; warp knit (including those made on galloon knitting machines), other than those of headings 60.01 to 60.04, of synthetic fibres, printed",,6005,XI
600541,sous_position,"Fabrics; warp knit (including those made on galloon knitting machines), other than those of headings 60.01 to 60.04, of artificial fibres, bleached or unbleached",,6005,XI
600542,sous_position,"Fabrics; warp knit (including those made on galloon knitting machines), other than those of headings 60.01 to 60.04, of artificial fibres, dyed",,6005,XI
600543,sous_position,"Fabrics; warp knit (including those made on galloon knitting machines), other than those of headings 60.01 to 60.04, of artificial fibres, of yarns of different colours",,6005,XI
600544,sous_position,"Fabrics; warp knit (including those made on galloon knitting machines), other than those of headings 60.01 to 60.04, of artificial fibres, printed",,6005,XI
600590,sous_position,"Fabrics; warp knit (including those made on galloon knitting machines), other than those of headings 60.01 to 60.04, excluding those made from cotton or synthetic or artificial fibres",,6005,XI
6006,position,"Fabrics; knitted or crocheted fabrics, other than those of headings 60.01 to 60.04",,60,XI
600610,sous_position,"Fabrics; knitted or crocheted fabrics, other than those of headings 60.01 to 60.04, of wool or fine animal hair",,6006,XI
600621,sous_position,"Fabrics; knitted or crocheted fabrics, other than those of headings 60.01 to 60.04, of cotton, unbleached or bleached",,6006,XI
600622,sous_position,"Fabrics; knitted or crocheted fabrics, other than those of headings 60.01 to 60.04, of cotton, dyed",,6006,XI
600623,sous_position,"Fabrics; knitted or crocheted fabrics, other than those of headings 60.01 to 60.04, of cotton, of yarns of different colours",,6006,XI
600624,sous_position,"Fabrics; knitted or crocheted fabrics, other than those of headings 60.01 to 60.04, of cotton, printed",,6006,XI
600631,sous_position,"Fabrics; knitted or crocheted fabrics, other than those of headings 60.01 to 60.04, of synthetic fibres, unbleached or bleached",,6006,XI
600632,sous_position,"Fabrics; knitted or crocheted fabrics, other than those of headings 60.01 to 60.04, of synthetic fibres, dyed",,6006,XI
600633,sous_position,"Fabrics; knitted or crocheted fabrics, other than those of headings 60.01 to 60.04, of synthetic fibres, of yarns of different colours",,6006,XI
600634,sous_position,"Fabrics; knitted or crocheted fabrics, other than those of headings 60.01 to 60.04, of synthetic fibres, printed",,6006,XI
600641,sous_position,"Fabrics; knitted or crocheted fabrics, other than those of headings 60.01 to 60.04, of artificial fibres, unbleached or bleached",,6006,XI
600642,sous_position,"Fabrics; knitted or crocheted fabrics, other than those of headings 60.01 to 60.04, of artificial fibres, dyed",,6006,XI
600643,sous_position,"Fabrics; knitted or crocheted fabrics, other than those of headings 60.01 to 60.04, of artificial fibres, of yarns of different colours",,6006,XI
600644,sous_position,"Fabrics; knitted or crocheted fabrics, other than those of headings 60.01 to 60.04, of artificial fibres, printed",,6006,XI
600690,sous_position,"Fabrics; knitted or crocheted fabrics, other than those of headings 60.01 to 60.04,and other than those made of wool, fine animal hair, cotton, synthetic or artificial fibres",,6006,XI
61,chapitre,Apparel and clothing accessories; knitted or crocheted,,TOTAL,XI
6101,position,"Coats; men's or boys' overcoats, car-coats, capes, cloaks, anoraks, ski-jackets, wind-cheaters, wind-jackets and similar articles; knitted or crocheted, other than those of heading no. 6103",,61,XI
610120,sous_position,"Coats; men's or boys' overcoats, car-coats, capes, anoraks, wind-jackets and similar articles, of cotton, knitted or crocheted (excluding those of heading no. 6103)",,6101,XI
610130,sous_position,"Coats; men's or boys' overcoats, car-coats, capes, anoraks, wind-jackets and similar articles, of man-made fibres, knitted or crocheted, (excluding those of heading no. 6103)",,6101,XI
610190,sous_position,"Coats; men's or boys' overcoats, car-coats, capes, anoraks, wind-jackets and similar articles, of textile materials n.e.c. in heading no. 6101, knitted or crocheted (excluding those of heading no. 6103)",,6101,XI
6102,position,"Coats; women's or girls' overcoats, car-coats, capes, cloaks, anoraks, ski-jackets, wind-cheaters, wind-jackets and similar articles, knitted or crocheted, other than those of heading no. 6104",,61,XI
610210,sous_position,"Coats; women's or girls' overcoats, car-coats, capes, anoraks, wind-jackets and similar articles, of wool or fine animal hair, knitted or crocheted (excluding those of heading no. 6104)",,6102,XI
610220,sous_position,"Coats; women's or girls' overcoats, car-coats, capes, anoraks, wind-jackets and similar articles, of cotton, knitted or crocheted (excluding those of heading no. 6104)",,6102,XI
610230,sous_position,"Coats; women's or girls' overcoats, car-coats, capes, anoraks, wind-jackets and similar articles, of man-made fibres, knitted or crocheted (excluding those of heading no. 6104)",,6102,XI
610290,sous_position,"Coats; women's or girls' overcoats, car-coats, capes, anoraks, wind-jackets and similar articles, of textile materials n.e.c. in heading no. 6102, knitted or crocheted (excluding those of heading no. 6104)",,6102,XI
6103,position,"Suits, ensembles, jackets, blazers, trousers, bib and brace overalls, breeches, shorts (not swimwear); men's or boys', knitted or crocheted",,61,XI
610310,sous_position,"Suits; men's or boys', knitted or crocheted",,6103,XI
610322,sous_position,"Ensembles; men's or boys', of cotton, knitted or crocheted",,6103,XI
610323,sous_position,"Ensembles; men's or boys', of synthetic fibres, knitted or crocheted",,6103,XI
610329,sous_position,"Ensembles; men's or boys', of textile materials (other than cotton or synthetic fibres), knitted or crocheted",,6103,XI
610331,sous_position,"Jackets and blazers; men's or boys', of wool or fine animal hair, knitted or crocheted",,6103,XI
610332,sous_position,"Jackets and blazers; men's or boys', of cotton, knitted or crocheted",,6103,XI
610333,sous_position,"Jackets and blazers; men's or boys', of synthetic fibres, knitted or crocheted",,6103,XI
610339,sous_position,"Jackets and blazers; men's or boys', of textile materials (other than wool or fine animal hair, cotton or synthetic fibres), knitted or crocheted",,6103,XI
610341,sous_position,"Trousers, bib and brace overalls, breeches and shorts; men's or boys', of wool or fine animal hair, knitted or crocheted",,6103,XI
610342,sous_position,"Trousers, bib and brace overalls, breeches and shorts; men's or boys', of cotton, knitted or crocheted",,6103,XI
610343,sous_position,"Trousers, bib and brace overalls, breeches and shorts; men's or boys', of synthetic fibres, knitted or crocheted",,6103,XI
610349,sous_position,"Trousers, bib and brace overalls, breeches and shorts; men's or boys', of textile materials (other than wool or fine animal hair, cotton or synthetic fibres), knitted or crocheted",,6103,XI
6104,position,"Suits, ensembles, jackets, dresses, skirts, divided skirts, trousers, bib and brace overalls, breeches and shorts (not swimwear), women's or girls', knitted or crocheted",,61,XI
610413,sous_position,"Suits; women's or girls', of synthetic fibres, knitted or crocheted",,6104,XI
610419,sous_position,"Suits; women's or girls', of textile materials (other than synthetic fibres), knitted or crocheted",,6104,XI
610422,sous_position,"Ensembles; women's or girls', of cotton, knitted or crocheted",,6104,XI
610423,sous_position,"Ensembles; women's or girls', of synthetic fibres, knitted or crocheted",,6104,XI
610429,sous_position,"Ensembles; women's or girls', of textile materials (other than cotton or synthetic fibres), knitted or crocheted",,6104,XI
610431,sous_position,"Jackets; women's or girls', of wool or fine animal hair, knitted or crocheted",,6104,XI
610432,sous_position,"Jackets; women's or girls', of cotton, knitted or crocheted",,6104,XI
610433,sous_position,"Jackets; women's or girls', of synthetic fibres, knitted or crocheted",,6104,XI
610439,sous_position,"Jackets; women's or girls', of textile materials (other than wool or fine animal hair, cotton or synthetic fibres), knitted or crocheted",,6104,XI
610441,sous_position,"Dresses; women's or girls', of wool or fine animal hair, knitted or crocheted",,6104,XI
610442,sous_position,"Dresses; women's or girls', of cotton, knitted or crocheted",,6104,XI
610443,sous_position,"Dresses; women's or girls', of synthetic fibres, knitted or crocheted",,6104,XI
610444,sous_position,"Dresses; women's or girls', of artificial fibres, knitted or crocheted",,6104,XI
610449,sous_position,"Dresses; women's or girls', of textile materials (other than wool or fine animal hair, cotton, synthetic or artificial fibres), knitted or crocheted",,6104,XI
610451,sous_position,"Skirts and divided skirts; women's or girls', of wool or fine animal hair, knitted or crocheted",,6104,XI
610452,sous_position,"Skirts and divided skirts; women's or girls', of cotton, knitted or crocheted",,6104,XI
610453,sous_position,"Skirts and divided skirts; women's or girls', of synthetic fibres, knitted or crocheted",,6104,XI
610459,sous_position,"Skirts and divided skirts; women's or girls', of textile materials (other than wool or fine animal hair, cotton or synthetic fibres), knitted or crocheted",,6104,XI
610461,sous_position,"Trousers, bib and brace overalls, breeches and shorts; women's or girls', of wool or fine animal hair, knitted or crocheted",,6104,XI
610462,sous_position,"Trousers, bib and brace overalls, breeches and shorts; women's or girls', of cotton, knitted or crocheted",,6104,XI
610463,sous_position,"Trousers, bib and brace overalls, breeches and shorts; women's or girls', of synthetic fibres, knitted or crocheted",,6104,XI
610469,sous_position,"Trousers, bib and brace overalls, breeches and shorts; women's or girls', of textile materials (other than wool or fine animal hair, cotton or synthetic fibres), knitted or crocheted",,6104,XI
6105,position,"Shirts; men's or boys', knitted or crocheted",,61,XI
610510,sous_position,"Shirts; men's or boys', of cotton, knitted or crocheted",,6105,XI
610520,sous_position,"Shirts; men's or boys', of man-made fibres, knitted or crocheted",,6105,XI
610590,sous_position,"Shirts; men's or boys', of textile materials (other than cotton or man-made fibres), knitted or crocheted",,6105,XI
6106,position,"Blouses, shirts and shirt-blouses; women's or girls', knitted or crocheted",,61,XI
610610,sous_position,"Blouses, shirts and shirt-blouses; women's or girls', of cotton, knitted or crocheted",,6106,XI
610620,sous_position,"Blouses, shirts and shirt-blouses; women's or girls', of man-made fibres, knitted or crocheted",,6106,XI
610690,sous_position,"Blouses, shirts and shirt-blouses; women's or girls', of textile materials (other than cotton or man-made fibres), knitted or crocheted",,6106,XI
6107,position,"Underpants, briefs, nightshirts, pyjamas, bathrobes, dressing gowns and similar articles; men's or boys', knitted or crocheted",,61,XI
610711,sous_position,"Underpants and briefs; men's or boys', of cotton, knitted or crocheted",,6107,XI
610712,sous_position,"Underpants and briefs; men's or boys', of man-made fibres, knitted or crocheted",,6107,XI
610719,sous_position,"Underpants and briefs; men's or boys', of textile materials (other than cotton or man-made fibres), knitted or crocheted",,6107,XI
610721,sous_position,"Nightshirts and pyjamas; men's or boys', of cotton, knitted or crocheted",,6107,XI
610722,sous_position,"Nightshirts and pyjamas; men's or boys', of man-made fibres, knitted or crocheted",,6107,XI
610729,sous_position,"Nightshirts and pyjamas; men's or boys', of textile materials (other than cotton or man-made fibres), knitted or crocheted",,6107,XI
610791,sous_position,"Bathrobes, dressing gowns and similar articles; men's or boys', of cotton, knitted or crocheted",,6107,XI
610799,sous_position,"Bathrobes, dressing gowns and similar articles; men's or boys', of textile materials (other than cotton), knitted or crocheted",,6107,XI
6108,position,"Slips, petticoats, briefs, panties, nightdresses, pyjamas, negligees, bathrobes, dressing gowns and similar articles; women's or girls', knitted or crocheted",,61,XI
610811,sous_position,"Slips and petticoats; women's or girls', of man-made fibres, knitted or crocheted",,6108,XI
610819,sous_position,"Slips and petticoats; women's or girls', of textile materials (other than man-made fibres), knitted or crocheted",,6108,XI
610821,sous_position,"Briefs and panties; women's or girls', of cotton, knitted or crocheted",,6108,XI
610822,sous_position,"Briefs and panties; women's or girls', of man-made fibres, knitted or crocheted",,6108,XI
610829,sous_position,"Briefs and panties; women's or girls', of textile materials (other than cotton or man-made fibres), knitted or crocheted",,6108,XI
610831,sous_position,"Nightdresses and pyjamas; women's or girls', of cotton, knitted or crocheted",,6108,XI
610832,sous_position,"Nightdresses and pyjamas; women's or girls', of man-made fibres, knitted or crocheted",,6108,XI
610839,sous_position,"Nightdresses and pyjamas; women's or girls', of textile materials (other than cotton or man-made fibres), knitted or crocheted",,6108,XI
610891,sous_position,"Negligees, bathrobes, dressing gowns and similar articles; women's or girls', of cotton, knitted or crocheted",,6108,XI
610892,sous_position,"Negligees, bathrobes, dressing gowns and similar articles; women's or girls', of man-made fibres, knitted or crocheted",,6108,XI
610899,sous_position,"Negligees, bathrobes, dressing gowns and similar articles; women's or girls', of textile materials (other than cotton or man-made fibres), knitted or crocheted",,6108,XI
6109,position,"T-shirts, singlets and other vests; knitted or crocheted",,61,XI
610910,sous_position,"T-shirts, singlets and other vests; of cotton, knitted or crocheted",,6109,XI
610990,sous_position,"T-shirts, singlets and other vests; of textile materials (other than cotton), knitted or crocheted",,6109,XI
6110,position,"Jerseys, pullovers, cardigans, waistcoats and similar articles; knitted or crocheted",,61,XI
611011,sous_position,"Jerseys, pullovers, cardigans, waistcoats and similar articles; knitted or crocheted, of wool or fine animal hair",,6110,XI
611012,sous_position,"Jerseys, pullovers, cardigans, waistcoats and similar articles; knitted or crocheted, of fibres from kashmir (cashmere) goats",,6110,XI
611019,sous_position,"Jerseys, pullovers, cardigans, waistcoats and similar articles; knitted or crocheted, of fine animal hair other than that of kashmir (cashmere) goats",,6110,XI
611020,sous_position,"Jerseys, pullovers, cardigans, waistcoats and similar articles; of cotton, knitted or crocheted",,6110,XI
611030,sous_position,"Jerseys, pullovers, cardigans, waistcoats and similar articles; of man-made fibres, knitted or crocheted",,6110,XI
611090,sous_position,"Jerseys, pullovers, cardigans, waistcoats and similar articles; of textile materials (other than wool or fine animal hair, cotton or man-made fibres), knitted or crocheted",,6110,XI
6111,position,"Garments and clothing accessories, babies'; knitted or crocheted",,61,XI
611120,sous_position,"Garments and clothing accessories; babies', of cotton, knitted or crocheted",,6111,XI
611130,sous_position,"Garments and clothing accessories; babies', of synthetic fibres, knitted or crocheted",,6111,XI
611190,sous_position,"Garments and clothing accessories; babies', of textile materials (other than cotton or synthetic fibres), knitted or crocheted",,6111,XI
6112,position,"Track suits, ski suits and swimwear; knitted or crocheted",,61,XI
611211,sous_position,"Track suits; of cotton, knitted or crocheted",,6112,XI
611212,sous_position,"Track suits; of synthetic fibres, knitted or crocheted",,6112,XI
611219,sous_position,"Track suits; of textile materials (other than cotton or synthetic fibres), knitted or crocheted",,6112,XI
611220,sous_position,Ski suits; knitted or crocheted,,6112,XI
611231,sous_position,"Swimwear; men's or boys', of synthetic fibres, knitted or crocheted",,6112,XI
611239,sous_position,"Swimwear; men's or boys', of textile materials (other than synthetic fibres), knitted or crocheted",,6112,XI
611241,sous_position,"Swimwear; women's or girls', of synthetic fibres, knitted or crocheted",,6112,XI
611249,sous_position,"Swimwear; women's or girls', of textile materials (other than synthetic fibres), knitted or crocheted",,6112,XI
6113,position,"Garments made up of knitted or crocheted fabrics of heading no. 5903, 5906 and 5907",,61,XI
611300,sous_position,"Garments made up of knitted or crocheted fabrics of heading no. 5903, 5906 and 5907",,6113,XI
6114,position,"Garments; knitted or crocheted, n.e.c. in chapter 61",,61,XI
611420,sous_position,"Garments; of cotton, knitted or crocheted, n.e.c. in chapter 61",,6114,XI
611430,sous_position,"Garments; of man-made fibres, knitted or crocheted, n.e.c. in chapter 61",,6114,XI
611490,sous_position,"Garments; of textile materials (other than cotton or man-made fibres), knitted or crocheted, n.e.c. in chapter 61",,6114,XI
6115,position,"Hosiery; panty hose, tights, stockings, socks and other hosiery, including graduated compression hosiery (for example, stockings for varicose veins) and footwear without applied soles, knitted or crocheted",,61,XI
611510,sous_position,"Graduated compression hosiery (for example, stockings for varicose veins), knitted or crocheted",,6115,XI
611521,sous_position,"Hosiery; panty hose and tights (other than graduated compression hosiery), of synthetic fibres, measuring per single yarn less than 67 decitex, knitted or crocheted",,6115,XI
611522,sous_position,"Hosiery; panty hose and tights (other than graduated compression hosiery), of synthetic fibres, measuring per single yarn 67 decitex or more, knitted or crocheted",,6115,XI
611529,sous_position,"Hosiery; panty hose and tights (other than graduated compression hosiery), of textile materials (other than synthetic fibres), knitted or crocheted",,6115,XI
611530,sous_position,"Hosiery; women's, full-length or knee-length (other than graduated compression hosiery), measuring per single yarn less than 67 decitex, knitted or crocheted",,6115,XI
611594,sous_position,"Hosiery and footwear; without applied soles, of wool or fine animal hair, knitted or crocheted (excluding graduated compression hosiery, panty hose, tights, women's full or knee-length hosiery measuring per single yarn less than 67 decitex)",,6115,XI
611595,sous_position,"Hosiery and footwear; without applied soles, of cotton, knitted or crocheted (excluding graduated compression hosiery, panty hose, tights, full or knee-length hosiery measuring per single yarn less than 67 decitex)",,6115,XI
611596,sous_position,"Hosiery and footwear; without applied soles, of synthetic fibres, knitted or crocheted (excluding graduated compression hosiery, panty hose, tights, full or knee-length hosiery measuring per single yarn less than 67 decitex)",,6115,XI
611599,sous_position,"Hosiery and footwear; without applied soles, of textile materials n.e.c. in item no. 6115.9, knitted or crocheted (excluding graduated compression hosiery, panty hose, tights, full or knee-length hosiery measuring per single yarn less than 67 decitex)",,6115,XI
6116,position,"Gloves, mittens and mitts; knitted or crocheted",,61,XI
611610,sous_position,"Gloves, mittens and mitts; knitted or crocheted, impregnated, coated, covered or laminated with plastics or rubber",,6116,XI
611691,sous_position,"Gloves, mittens and mitts; of wool or fine animal hair, knitted or crocheted, (other than impregnated, coated, covered or laminated with plastics or rubber)",,6116,XI
611692,sous_position,"Gloves, mittens and mitts; of cotton, knitted or crocheted, (other than impregnated, coated, covered or laminated with plastics or rubber)",,6116,XI
611693,sous_position,"Gloves, mittens and mitts; of synthetic fibres, knitted or crocheted, (other than impregnated, coated, covered or laminated with plastics or rubber)",,6116,XI
611699,sous_position,"Gloves, mittens and mitts; of textile materials (other than wool or fine animal hair, cotton or synthetic fibres), knitted or crocheted, (other than impregnated, coated, covered or laminated with plastics or rubber)",,6116,XI
6117,position,"Clothing accessories; made up, knitted or crocheted, knitted or crocheted parts of garments or of clothing accessories",,61,XI
611710,sous_position,"Shawls, scarves, mufflers, mantillas, veils and the like; knitted or crocheted",,6117,XI
611780,sous_position,"Clothing accessories; knitted or crocheted, n.e.c. in heading no. 6117",,6117,XI
611790,sous_position,"Clothing; parts, knitted or crocheted",,6117,XI
62,chapitre,Apparel and clothing accessories; not knitted or crocheted,,TOTAL,XI
6201,position,"Overcoats, car-coats, capes, cloaks, anoraks (including ski-jackets), wind-cheaters, wind-jackets and similar articles, men's or boys', other than those of heading no. 6203 (not knitted or crocheted)",,62,XI
620120,sous_position,"Coats; men's or boys', overcoats, raincoats, car-coats, capes, cloaks, anoraks (including ski-jackets) and similar articles, of wool or fine animal hair, other than those of heading no. 6203 (not knitted or crocheted)",,6201,XI
620130,sous_position,"Coats; men's or boys', overcoats, raincoats, car-coats, capes, cloaks, anoraks (including ski-jackets) and similar articles, of cotton, other than those of heading no. 6203 (not knitted or crocheted)",,6201,XI
620140,sous_position,"Coats; men's or boys', overcoats, raincoats, car-coats, capes, cloaks, anoraks (including ski-jackets) and similar articles, of man-made fibres, other than those of heading no. 6203 (not knitted or crocheted)",,6201,XI
620190,sous_position,"Coats; men's or boys', overcoats, rain-coats, car-coats, capes, cloaks and similar, of textile materials (other than wool, fine animal hair, cotton or man-made fibres), other than those of heading no. 6203 (not knitted or crocheted)",,6201,XI
6202,position,"Coats; women's or girls' overcoats, carcoats, capes, cloaks, anoraks (including ski-jackets), wind-cheaters, wind-jackets and similar articles, other than those of heading no. 6204 (not knitted or crocheted)",,62,XI
620220,sous_position,"Coats; women's or girls', overcoats, raincoats, car-coats, capes, cloaks anoraks (including ski-jackets) and similar articles, of wool or fine animal hair, other than those of heading no. 6204 (not knitted or crocheted)",,6202,XI
620230,sous_position,"Coats; women's or girls', overcoats, raincoats, car-coats, capes, cloaks anoraks (including ski-jackets) and similar articles, of cotton, other than those of heading no. 6204 (not knitted or crocheted)",,6202,XI
620240,sous_position,"Coats; women's or girls', overcoats, raincoats, car-coats, capes, cloaks anoraks (including ski-jackets) and similar articles, of man-made fibres, other than those of heading no. 6204 (not knitted or crocheted)",,6202,XI
620290,sous_position,"Coats; women's or girls', overcoats, raincoats, car-coats, capes, cloaks and similar articles, of textile materials (other than wool, fine animal hair, cotton or man-made fibres), other than those of heading no. 6204 (not knitted or crocheted)",,6202,XI
6203,position,"Suits, ensembles, jackets, blazers, trousers, bib and brace overalls, breeches and shorts (other than swimwear); men's or boys' (not knitted or crocheted)",,62,XI
620311,sous_position,"Suits; men's or boys', of wool or fine animal hair (not knitted or crocheted)",,6203,XI
620312,sous_position,"Suits; men's or boys', of synthetic fibres (not knitted or crocheted)",,6203,XI
620319,sous_position,"Suits; men's or boys', of textile materials n.e.c. in item no. 6203.1 (not knitted or crocheted)",,6203,XI
620322,sous_position,"Ensembles; men's or boys', of cotton (not knitted or crocheted)",,6203,XI
620323,sous_position,"Ensembles; men's or boys', of synthetic fibres (not knitted or crocheted)",,6203,XI
620329,sous_position,"Ensembles; men's or boys', of textile materials n.e.c. in item no. 6203.2 (not knitted or crocheted)",,6203,XI
620331,sous_position,"Jackets and blazers; men's or boys', of wool or fine animal hair (not knitted or crocheted)",,6203,XI
620332,sous_position,"Jackets and blazers; men's or boys', of cotton (not knitted or crocheted)",,6203,XI
620333,sous_position,"Jackets and blazers; men's or boys', of synthetic fibres (not knitted or crocheted)",,6203,XI
620339,sous_position,"Jackets and blazers; men's or boys', of textile materials n.e.c. in item no. 6203.3 (not knitted or crocheted)",,6203,XI
620341,sous_position,"Trousers, bib and brace overalls, breeches and shorts; men's or boys', of wool or fine animal hair (not knitted or crocheted)",,6203,XI
620342,sous_position,"Trousers, bib and brace overalls, breeches and shorts; men's or boys', of cotton (not knitted or crocheted)",,6203,XI
620343,sous_position,"Trousers, bib and brace overalls, breeches and shorts; men's or boys', of synthetic fibres (not knitted or crocheted)",,6203,XI
620349,sous_position,"Trousers, bib and brace overalls, breeches and shorts; men's or boys', of textile materials (other than wool, fine animal hair, cotton or synthetic fibres), (not knitted or crocheted)",,6203,XI
6204,position,"Suits, ensembles, jackets, dresses, skirts, divided skirts, trousers, bib and brace overalls, breeches and shorts (other than swimwear); women's or girls' (not knitted or crocheted)",,62,XI
620411,sous_position,"Suits; women's or girls', of wool or fine animal hair (not knitted or crocheted)",,6204,XI
620412,sous_position,"Suits; women's or girls', of cotton (not knitted or crocheted)",,6204,XI
620413,sous_position,"Suits; women's or girls', of synthetic fibres (not knitted or crocheted)",,6204,XI
620419,sous_position,"Suits; women's or girls', of textile materials n.e.c. in item no. 6204.1 (not knitted or crocheted)",,6204,XI
620421,sous_position,"Ensembles; women's or girls', of wool or fine animal hair (not knitted or crocheted)",,6204,XI
620422,sous_position,"Ensembles; women's or girls', of cotton (not knitted or crocheted)",,6204,XI
620423,sous_position,"Ensembles; women's or girls', of synthetic fibres (not knitted or crocheted)",,6204,XI
620429,sous_position,"Ensembles; women's or girls', of textile materials n.e.c. in item no. 6204.2 (not knitted or crocheted)",,6204,XI
620431,sous_position,"Jackets and blazers; women's or girls', of wool or fine animal hair (not knitted or crocheted)",,6204,XI
620432,sous_position,"Jackets and blazers; women's or girls', of cotton (not knitted or crocheted)",,6204,XI
620433,sous_position,"Jackets and blazers; women's or girls', of synthetic fibres (not knitted or crocheted)",,6204,XI
620439,sous_position,"Jackets and blazers; women's or girls', of textile materials n.e.c. in item no. 6204.3 (not knitted or crocheted)",,6204,XI
620441,sous_position,"Dresses; women's or girls', of wool or fine animal hair (not knitted or crocheted)",,6204,XI
620442,sous_position,"Dresses; women's or girls', of cotton (not knitted or crocheted)",,6204,XI
620443,sous_position,"Dresses; women's or girls', of synthetic fibres (not knitted or crocheted)",,6204,XI
620444,sous_position,"Dresses; women's or girls', of artificial fibres (not knitted or crocheted)",,6204,XI
620449,sous_position,"Dresses; women's or girls', of textile materials n.e.c. in item no. 6204.4 (not knitted or crocheted)",,6204,XI
620451,sous_position,"Skirts and divided skirts; women's or girls', of wool or fine animal hair (not knitted or crocheted)",,6204,XI
620452,sous_position,"Skirts and divided skirts; women's or girls', of cotton (not knitted or crocheted)",,6204,XI
620453,sous_position,"Skirts and divided skirts; women's or girls', of synthetic fibres (not knitted or crocheted)",,6204,XI
620459,sous_position,"Skirts and divided skirts; women's or girls', of textile materials n.e.c. in item no. 6204.5 (not knitted or crocheted)",,6204,XI
620461,sous_position,"Trousers, bib and brace overalls, breeches and shorts; women's or girls', of wool or fine animal hair (not knitted or crocheted)",,6204,XI
620462,sous_position,"Trousers, bib and brace overalls, breeches and shorts; women's or girls', of cotton (not knitted or crocheted)",,6204,XI
620463,sous_position,"Trousers, bib and brace overalls, breeches and shorts; women's or girls', of synthetic fibres (not knitted or crocheted)",,6204,XI
620469,sous_position,"Trousers, bib and brace overalls, breeches and shorts; women's or girls', of textile materials (other than wool, fine animal hair, cotton or synthetic fibres), (not knitted or crocheted)",,6204,XI
6205,position,Shirts; men's or boys' (not knitted or crocheted),,62,XI
620520,sous_position,"Shirts; men's or boys', of cotton (not knitted or crocheted)",,6205,XI
620530,sous_position,"Shirts; men's or boys', of man-made fibres (not knitted or crocheted)",,6205,XI
620590,sous_position,"Shirts; men's or boys', of textile materials n.e.c. in heading no. 6205 (not knitted or crocheted)",,6205,XI
6206,position,"Blouses, shirts and shirt-blouses; women's or girls' (not knitted or crocheted)",,62,XI
620610,sous_position,"Blouses, shirts and shirt-blouses; women's or girls', of silk or silk waste (not knitted or crocheted)",,6206,XI
620620,sous_position,"Blouses, shirts and shirt-blouses; women's or girls', of wool or fine animal hair (not knitted or crocheted)",,6206,XI
620630,sous_position,"Blouses, shirts and shirt-blouses; women's or girls', of cotton (not knitted or crocheted)",,6206,XI
620640,sous_position,"Blouses, shirts and shirt-blouses; women's or girls', of man-made fibres (not knitted or crocheted)",,6206,XI
620690,sous_position,"Blouses, shirts and shirt-blouses; women's or girls', of textile materials n.e.c. in heading no. 6206 (not knitted or crocheted)",,6206,XI
6207,position,"Singlets and other vests, underpants, briefs, night-shirts, pyjamas, bathrobes, dressing gowns and similar articles; men's or boys' (not knitted or crocheted)",,62,XI
620711,sous_position,"Underpants and briefs; men's or boys', of cotton (not knitted or crocheted)",,6207,XI
620719,sous_position,"Underpants and briefs; men's or boys', of textile materials other than cotton (not knitted or crocheted)",,6207,XI
620721,sous_position,"Nightshirts and pyjamas; men's or boys', of cotton (not knitted or crocheted)",,6207,XI
620722,sous_position,"Nightshirts and pyjamas; men's or boys', of man-made fibres (not knitted or crocheted)",,6207,XI
620729,sous_position,"Nightshirts and pyjamas; men's or boys', of textile materials other than cotton or man-made fibres (not knitted or crocheted)",,6207,XI
620791,sous_position,"Singlets and other vests, bathrobes, dressing gowns and similar articles; men's or boys', of cotton (not knitted or crocheted)",,6207,XI
620799,sous_position,"Singlets and other vests, bathrobes, dressing gowns and similar articles; men's or boys', of textile materials other than cotton (not knitted or crocheted)",,6207,XI
6208,position,"Singlets and other vests, slips, petticoats, briefs, panties, nightdresses, pyjamas, negligees, bathrobes, dressing gowns and similar articles; women's or girls' (not knitted or crocheted)",,62,XI
620811,sous_position,"Slips and petticoats; women's or girls', of man-made fibres (not knitted or crocheted)",,6208,XI
620819,sous_position,"Slips and petticoats; women's or girls', of textile materials other than man-made fibres (not knitted or crocheted)",,6208,XI
620821,sous_position,"Nightdresses and pyjamas; women's or girls', of cotton (not knitted or crocheted)",,6208,XI
620822,sous_position,"Nightdresses and pyjamas; women's or girls', of man-made fibres (not knitted or crocheted)",,6208,XI
620829,sous_position,"Nightdresses and pyjamas; women's or girls', of textile materials other than cotton or man-made fibres (not knitted or crocheted)",,6208,XI
620891,sous_position,"Singlets and other vests, briefs, panties, negligees, bathrobes, dressing gowns and similar articles; women's or girls', of cotton (not knitted or crocheted)",,6208,XI
620892,sous_position,"Singlets and other vests, briefs, panties, negligees, bathrobes, dressing gowns etc.; women's or girls', of man-made fibres (not knitted or crocheted), excluding incontinence or other sanitary garments or garment liners of heading no. 96.19",,6208,XI
620899,sous_position,"Singlets and other vests, briefs, panties, negligees, bathrobes, dressing gowns and similar articles; women's or girls', of textile materials other than cotton or man-made fibres (not knitted or crocheted)",,6208,XI
6209,position,Garments and clothing accessories; babies' (not knitted or crocheted),,62,XI
620920,sous_position,"Garments and clothing accessories; babies', of cotton (not knitted or crocheted)",,6209,XI
620930,sous_position,"Garments and clothing accessories; babies', of synthetic fibres (not knitted or crocheted)",,6209,XI
620990,sous_position,"Garments and clothing accessories; babies', of textile materials other than cotton or synthetic fibres (not knitted or crocheted)",,6209,XI
6210,position,"Garments made up of fabrics of heading no. 5602, 5603, 5903, 5906 or 5907 (not knitted or crocheted)",,62,XI
621010,sous_position,Garments; of felt or non-wovens (not knitted or crocheted),,6210,XI
621020,sous_position,"Garments; overcoats, raincoats, car-coats, capes, cloaks, anoraks (including ski-jackets) and similar articles, men's or boys', of the fabrics of heading no. 5602, 5603, 5903, 5906 or 5907 (not knitted or crocheted)",,6210,XI
621030,sous_position,"Garments; overcoats, raincoats, car-coats, capes, cloaks, anoraks (including ski-jackets) and similar articles, women's or girls', of the fabrics of heading no. 5602, 5603, 5903, 5906 or 5907 (not knitted or crocheted)",,6210,XI
621040,sous_position,"Garments; men's or boys', n.e.c. in item no. 6210.2, of the fabrics of heading no. 5602, 5603, 5903, 5906 or 5907 (not knitted or crocheted)",,6210,XI
621050,sous_position,"Garments; women's or girls', n.e.c. in item no. 6210.3, of the fabrics of heading no. 5602, 5603, 5903, 5906 or 5907 (not knitted or crocheted)",,6210,XI
6211,position,"Track suits, swimwear and other garments (not knitted or crocheted)",,62,XI
621111,sous_position,"Swimwear; men's or boys', (not knitted or crocheted)",,6211,XI
621112,sous_position,"Swimwear; women's or girls', (not knitted or crocheted)",,6211,XI
621120,sous_position,Ski suits; (not knitted or crocheted),,6211,XI
621132,sous_position,"Track suits and other garments n.e.c.; men's or boys', of cotton (not knitted or crocheted)",,6211,XI
621133,sous_position,"Track suits and other garments n.e.c.; men's or boys', of man-made fibres (not knitted or crocheted)",,6211,XI
621139,sous_position,"Track suits and other garments n.e.c.; men's or boys', of textile materials n.e.c. in item no. 6211.3 (not knitted or crocheted)",,6211,XI
621142,sous_position,"Track suits and other garments n.e.c.; women's or girls', of cotton (not knitted or crocheted)",,6211,XI
621143,sous_position,"Track suits and other garments n.e.c.; women's or girls', of man-made fibres (not knitted or crocheted)",,6211,XI
621149,sous_position,"Track suits and other garments n.e.c.; women's or girls', of textile materials n.e.c. in item no. 6211.4 (not knitted or crocheted)",,6211,XI
6212,position,"Brassieres, girdles, corsets, braces, suspenders, garters and similar articles and parts thereof; whether or not knitted or crocheted",,62,XI
621210,sous_position,Brassieres; whether or not knitted or crocheted,,6212,XI
621220,sous_position,Girdles and panty-girdles; whether or not knitted or crocheted,,6212,XI
621230,sous_position,Corselettes; whether or not knitted or crocheted,,6212,XI
621290,sous_position,"Braces, suspenders, garters and similar articles; whether or not knitted or crocheted, n.e.c. in heading no. 6212",,6212,XI
6213,position,Handkerchiefs (not knitted or crocheted),,62,XI
621320,sous_position,Handkerchiefs; of cotton (not knitted or crocheted),,6213,XI
621390,sous_position,Handkerchiefs; of textile materials other than cotton (not knitted or crocheted),,6213,XI
6214,position,"Shawls, scarves, mufflers, mantillas, veils and the like (not knitted or crocheted)",,62,XI
621410,sous_position,"Shawls, scarves, mufflers, mantillas, veils and the like; of silk or silk waste (not knitted or crocheted)",,6214,XI
621420,sous_position,"Shawls, scarves, mufflers, mantillas, veils and the like; of wool or fine animal hair (not knitted or crocheted)",,6214,XI
621430,sous_position,"Shawls, scarves, mufflers, mantillas, veils and the like; of synthetic fibres (not knitted or crocheted)",,6214,XI
621440,sous_position,"Shawls, scarves, mufflers, mantillas, veils and the like; of artificial fibres (not knitted or crocheted)",,6214,XI
621490,sous_position,"Shawls, scarves, mufflers, mantillas, veils and the like; of textile materials n.e.c. in heading no. 6214 (not knitted or crocheted)",,6214,XI
6215,position,"Ties, bow ties and cravats (not knitted or crocheted)",,62,XI
621510,sous_position,"Ties, bow ties and cravats; of silk or silk waste (not knitted or crocheted)",,6215,XI
621520,sous_position,"Ties, bow ties and cravats; of man-made fibres (not knitted or crocheted)",,6215,XI
621590,sous_position,"Ties, bow ties and cravats; of textile materials other than silk or man-made fibres (not knitted or crocheted)",,6215,XI
6216,position,"Gloves, mittens and mitts (not knitted or crocheted)",,62,XI
621600,sous_position,"Gloves, mittens and mitts (not knitted or crocheted)",,6216,XI
6217,position,Clothing accessories n.e.c.; parts of garments or accessories other than those of heading no. 6212 (not knitted or crocheted),,62,XI
621710,sous_position,Clothing accessories; other than those of heading no. 6212 (not knitted or crocheted),,6217,XI
621790,sous_position,"Clothing; parts of garments or of clothing accessories, other than those of heading no. 6212 (not knitted or crocheted)",,6217,XI
63,chapitre,"Textiles, made up articles; sets; worn clothing and worn textile articles; rags",,TOTAL,XI
6301,position,Blankets and travelling rugs,,63,XI
630110,sous_position,Blankets; electric,,6301,XI
630120,sous_position,Blankets (other than electric blankets) and travelling rugs; of wool or of fine animal hair,,6301,XI
630130,sous_position,Blankets (other than electric blankets) and travelling rugs; of cotton,,6301,XI
630140,sous_position,Blankets (other than electric blankets) and travelling rugs; of synthetic fibres,,6301,XI
630190,sous_position,Blankets and travelling rugs; n.e.c. in heading no. 6301,,6301,XI
6302,position,"Bed linen, table linen, toilet linen and kitchen linen",,63,XI
630210,sous_position,Bed linen; knitted or crocheted,,6302,XI
630221,sous_position,"Bed linen; of cotton, printed, not knitted or crocheted",,6302,XI
630222,sous_position,"Bed linen; of man-made fibres, printed, not knitted or crocheted",,6302,XI
630229,sous_position,"Bed linen; of textile materials (other than cotton or man-made fibres), printed, not knitted or crocheted",,6302,XI
630231,sous_position,"Bed linen; of cotton (not printed, knitted or crocheted)",,6302,XI
630232,sous_position,"Bed linen; of man-made fibres (not printed, knitted or crocheted)",,6302,XI
630239,sous_position,"Bed linen; of textile materials other than cotton or man-made fibres (not printed, knitted or crocheted)",,6302,XI
630240,sous_position,Table linen; knitted or crocheted,,6302,XI
630251,sous_position,"Table linen; of cotton, not knitted or crocheted",,6302,XI
630253,sous_position,"Table linen; of man-made fibres, not knitted or crocheted",,6302,XI
630259,sous_position,"Table linen; of textile materials (other than cotton or man-made fibres), not knitted or crocheted",,6302,XI
630260,sous_position,"Kitchen and toilet linen; of terry towelling or similar terry fabrics, of cotton",,6302,XI
630291,sous_position,"Toilet and kitchen linen; of cotton, excluding terry towelling or similar terry fabrics",,6302,XI
630293,sous_position,Toilet and kitchen linen; of man-made fibres,,6302,XI
630299,sous_position,Toilet and kitchen linen; of textile materials (other than cotton or man-made fibres),,6302,XI
6303,position,Curtains (including drapes) and interior blinds; curtain or bed valances,,63,XI
630312,sous_position,"Curtains (including drapes) and interior blinds; curtain or bed valances, knitted or crocheted, of synthetic fibres",,6303,XI
630319,sous_position,"Curtains (including drapes) and interior blinds; curtain or bed valances, knitted or crocheted, of textile materials other than synthetic fibres",,6303,XI
630391,sous_position,"Curtains (including drapes) and interior blinds, curtain or bed valances; of cotton, not knitted or crocheted",,6303,XI
630392,sous_position,"Curtains (including drapes) and interior blinds, curtain or bed valances; of synthetic fibres, not knitted or crocheted",,6303,XI
630399,sous_position,"Curtains (including drapes) and interior blinds, curtain or bed valances; of textile materials other than cotton or synthetic fibres, not knitted or crocheted",,6303,XI
6304,position,Furnishing articles; excluding those of heading no. 9404,,63,XI
630411,sous_position,Bedspreads; knitted or crocheted,,6304,XI
630419,sous_position,Bedspreads; not knitted or crocheted,,6304,XI
630420,sous_position,"Furnishing articles; excluding those of heading no. 9404, bed nets, specified in Subheading Note 1 to this Chapter",,6304,XI
630491,sous_position,"Furnishing articles; excluding those of heading no. 9404, n.e.c. in heading 6304, knitted or crocheted",,6304,XI
630492,sous_position,"Furnishing articles; of cotton, not knitted or crocheted (excluding bedspreads and articles of heading no. 9404)",,6304,XI
630493,sous_position,"Furnishing articles; of synthetic fibres, not knitted or crocheted (excluding bedspreads and articles of heading no. 9404)",,6304,XI
630499,sous_position,"Furnishing articles; of textile materials other than cotton or synthetic fibres, not knitted or crocheted (excluding bedspreads and articles of heading no. 9404)",,6304,XI
6305,position,"Sacks and bags, of a kind used for the packing of goods",,63,XI
630510,sous_position,"Sacks and bags; of a kind used for the packing of goods, of jute or of other textile bast fibres of heading no. 5303",,6305,XI
630520,sous_position,"Sacks and bags; of a kind used for the packing of goods, of cotton",,6305,XI
630532,sous_position,"Sacks and bags; of a kind used for the packing of goods, of man-made textile materials, flexible intermediate bulk containers",,6305,XI
630533,sous_position,"Sacks and bags; of a kind used for the packing of goods, of man-made textile materials, of polyethylene or polypropylene strip or the like, not flexible intermediate bulk containers",,6305,XI
630539,sous_position,"Sacks and bags; of a kind used for the packing of goods, of man-made textile materials, not of polyethylene or polypropylene strip or the like, not flexible intermediate bulk containers",,6305,XI
630590,sous_position,"Sacks and bags; of a kind used for the packing of goods, of textile materials (other than jute, cotton or man-made textile materials)",,6305,XI
6306,position,"Tarpaulins, awnings and sunblinds; tents (including temporary canopies and similar articles); sails for boats, sailboards or landcraft; camping goods",,63,XI
630612,sous_position,"Tarpaulins, awnings and sunblinds; of synthetic fibres",,6306,XI
630619,sous_position,"Tarpaulins, awnings and sunblinds; of textile materials other than synthetic fibres",,6306,XI
630622,sous_position,Tents (including temporary canopies and similar articles); of synthetic fibres,,6306,XI
630629,sous_position,Tents (including temporary canopies and similar articles); of textile materials other than synthetic fibres,,6306,XI
630630,sous_position,"Sails; for boats, sailboards or landcraft",,6306,XI
630640,sous_position,Camping goods; pneumatic mattresses,,6306,XI
630690,sous_position,"Camping goods; (of textile materials), n.e.c in heading no. 6306",,6306,XI
6307,position,"Textiles; made up articles n.e.c. in chapter 63, including dress patterns",,63,XI
630710,sous_position,"Cloths; floor cloths, dish-cloths, dusters and similar cleaning cloths",,6307,XI
630720,sous_position,Life-jackets and life-belts,,6307,XI
630790,sous_position,"Textiles; made up articles (including dress patterns), n.e.c. in chapter 63, n.e.c. in heading no. 6307",,6307,XI
6308,position,"Textiles; sets of woven fabric and yarn, with or without accessories, for making into rugs, tapestries, embroidered tablecloths, serviettes and similar textile articles, in packings for retail sale",,63,XI
630800,sous_position,"Fabrics, woven and yarn; in sets, whether or not with accessories, for making up into rugs, tapestries, embroidered table cloths or serviettes or similar textile articles, packaged for retail sale",,6308,XI
6309,position,Textiles; worn clothing and other worn articles,,63,XI
630900,sous_position,"Clothing; worn, and other worn articles",,6309,XI
6310,position,"Rags; used or new, scrap twine, cordage, rope and cables and worn out articles of twine, cordage, rope or cables, of textile materials",,63,XI
631010,sous_position,"Rags; used or new, scrap twine, cordage, rope and cables and worn out articles of twine, cordage, rope or cables, of textile materials; sorted",,6310,XI
631090,sous_position,"Rags; used or new, scrap twine, cordage, rope and cables and worn out articles of twine, cordage, rope or cables, of textile materials; other than sorted",,6310,XI
64,chapitre,Footwear; gaiters and the like; parts of such articles,,TOTAL,XII
6401,position,"Footwear; waterproof, with outer soles and uppers of rubber or plastics, (uppers not fixed to the sole nor assembled by stitch, rivet, nail, screw, plug or similar)",,64,XII
640110,sous_position,"Footwear; waterproof with metal toe-cap, rubber or plastic outer soles and uppers (not assembled by stitch, rivet, nail, screw, plug or similar)",,6401,XII
640192,sous_position,"Footwear; waterproof, covering the ankle (but not the knee), rubber or plastic outer soles and uppers (not assembled by stitch, rivet, nail, screw, plug or similar)",,6401,XII
640199,sous_position,"Footwear; waterproof, n.e.c. in heading no. 6401, rubber or plastic outer soles and uppers (not assembled by stitch, rivet, nail, screw, plug or similar)",,6401,XII
6402,position,Footwear; with outer soles and uppers of rubber or plastics (excluding waterproof footwear),,64,XII
640212,sous_position,"Sports footwear; with outer soles and uppers of rubber or plastics, ski-boots, cross-country ski footwear and snowboard boots",,6402,XII
640219,sous_position,"Sports footwear; (other than ski-boots, snowboard boots or cross-country ski footwear), with outer soles and uppers of rubber or plastics",,6402,XII
640220,sous_position,"Footwear; with outer soles and uppers of rubber or plastics, upper straps or thongs assembled to the sole by plugs",,6402,XII
640291,sous_position,"Footwear; n.e.c. in heading no. 6402, covering the ankle, with outer soles and uppers of rubber or plastics",,6402,XII
640299,sous_position,"Footwear; n.e.c. in heading no. 6402, (other than just covering the ankle), with outer soles and uppers of rubber or plastics",,6402,XII
6403,position,"Footwear; with outer soles of rubber, plastics, leather or composition leather and uppers of leather",,64,XII
640312,sous_position,"Sports footwear; with outer soles of rubber, plastics, leather or composition leather and uppers of leather, ski-boots, snowboard boots and cross-country ski footwear",,6403,XII
640319,sous_position,"Sports footwear; (other than ski-boots, snowboard boots or cross-country ski footwear), with outer soles of rubber, plastics, leather or composition leather and uppers of leather",,6403,XII
640320,sous_position,"Footwear; with outer soles of leather, uppers consisting of leather straps across instep and around the big toe",,6403,XII
640340,sous_position,"Footwear; with metal toe-cap, outer soles of rubber, plastics, leather or composition leather, uppers of leather",,6403,XII
640351,sous_position,"Footwear; n.e.c. in heading no. 6403, with outer soles and uppers of leather, covering the ankle",,6403,XII
640359,sous_position,"Footwear; n.e.c. in heading no. 6403, (not covering the ankle), outer soles and uppers of leather",,6403,XII
640391,sous_position,"Footwear; n.e.c. in heading no. 6403, covering the ankle, outer soles of rubber, plastics or composition leather, uppers of leather",,6403,XII
640399,sous_position,"Footwear; n.e.c. in heading no. 6403, (not covering the ankle), outer soles of rubber, plastics or composition leather, uppers of leather",,6403,XII
6404,position,"Footwear; with outer soles of rubber, plastics, leather or composition leather and uppers of textile materials",,64,XII
640411,sous_position,"Sports footwear; tennis shoes, basketball shoes, gym shoes, training shoes and the like, with outer soles of rubber or plastics and uppers of textile materials",,6404,XII
640419,sous_position,"Footwear; (other than sportswear), with outer soles of rubber or plastics and uppers of textile materials",,6404,XII
640420,sous_position,"Footwear; outer soles of leather or composition leather, uppers of textile materials",,6404,XII
6405,position,Footwear; other footwear n.e.c. in chapter 64,,64,XII
640510,sous_position,"Footwear; with uppers of leather or composition leather, n.e.c. in chapter 64",,6405,XII
640520,sous_position,"Footwear; with uppers of textile materials, n.e.c. in chapter 64",,6405,XII
640590,sous_position,Footwear; n.e.c. in chapter 64,,6405,XII
6406,position,"Footwear; parts of footwear; removable in-soles, heel cushions and similar articles; gaiters, le.g.ings and similar articles, and parts thereof",,64,XII
640610,sous_position,"Footwear; parts, uppers and parts thereof, other than stiffeners",,6406,XII
640620,sous_position,"Footwear; parts, outer soles and heels, of rubber or plastics",,6406,XII
640690,sous_position,"Footwear; parts, n.e.c. in heading 6406",,6406,XII
65,chapitre,Headgear and parts thereof,,TOTAL,XII
6501,position,"Hat-forms, hat bodies and hoods of felt, neither blocked to shape nor with made brims; plateaux and manchons (including slit manchons) of felt",,65,XII
650100,sous_position,"Hat-forms, hat bodies and hoods of felt, neither blocked to shape nor with made brims; plateaux and manchons (including slit manchons) of felt",,6501,XII
6502,position,"Hat-shapes; plaited or made by assembling strips of any material, neither blocked to shape, nor with made brims, nor lined, nor trimmed",,65,XII
650200,sous_position,"Hat-shapes; plaited or made by assembling strips of any material, neither blocked to shape, nor with made brims, nor lined, nor trimmed",,6502,XII
6504,position,"Hats and other headgear; plaited or made by assembling strips of any material, whether or not lined or trimmed",,65,XII
650400,sous_position,"Hats and other headgear; plaited or made by assembling strips of any material, whether or not lined or trimmed",,6504,XII
6505,position,"Hats and other headgear; knitted or crocheted, or made up from lace, felt or other textile fabric, in the piece (but not in strips), whether or not lined or trimmed; hair-nets of any material, whether or not lined or trimmed",,65,XII
650500,sous_position,"Hats and other headgear; knitted or crocheted, or made up from lace, felt or other textile fabric, in the piece (but not in strips), whether or not lined or trimmed; hair-nets of any material, whether or not lined or trimmed",,6505,XII
6506,position,"Headgear; n.e.c. in chapter 65, whether or not lined or trimmed",,65,XII
650610,sous_position,"Headgear; safety, whether or not lined or trimmed",,6506,XII
650691,sous_position,"Headgear; (other than safety headgear), of rubber or plastics, whether or not lined or trimmed",,6506,XII
650699,sous_position,"Headgear; (other than safety headgear), (of materials other than rubber or plastic), whether or not lined or trimmed",,6506,XII
6507,position,"Head-bands, linings, covers, hat foundations, hat frames, peaks and chinstraps, for headgear",,65,XII
650700,sous_position,"Head-bands, linings, covers, hat foundations, hat frames, peaks and chinstraps; for headgear",,6507,XII
66,chapitre,"Umbrellas, sun umbrellas, walking-sticks, seat sticks, whips, riding crops; and parts thereof",,TOTAL,XII
6601,position,"Umbrellas; sun umbrellas (including walking stick umbrellas, garden umbrellas and similar umbrellas)",,66,XII
660110,sous_position,Umbrellas and sun umbrellas; garden or similar umbrellas,,6601,XII
660191,sous_position,"Umbrellas and sun umbrellas; having a telescopic shaft, (excluding garden or similar umbrellas)",,6601,XII
660199,sous_position,Umbrellas and sun umbrellas; n.e.c. in heading no. 6601 (including walking stick umbrellas),,6601,XII
6602,position,"Walking-sticks, seat-sticks, whips, riding-crops and the like",,66,XII
660200,sous_position,"Walking-sticks, seat-sticks, whips, riding-crops and the like",,6602,XII
6603,position,"Trimmings, parts and accessories of articles of heading no. 6601 or 6602",,66,XII
660320,sous_position,Umbrella frames; including frames mounted on shafts (sticks),,6603,XII
660390,sous_position,"Trimmings, accessories and parts of articles of heading no. 6601 or 6602; n.e.c. in heading no. 6603",,6603,XII
67,chapitre,"Feathers and down, prepared; and articles made of feather or of down; artificial flowers; articles of human hair",,TOTAL,XII
6701,position,"Skin and other parts of birds with their feather or down; feathers, parts of feather, down and articles thereof (other than goods of heading no. 0505 and worked quills and scapes)",,67,XII
670100,sous_position,"Skins and other parts of birds with their feathers or down; feathers, parts of feathers, down and articles thereof (other than goods of heading no. 0505 and worked quills and scapes)",,6701,XII
6702,position,"Flowers, foliage and fruit, artificial, and parts thereof; articles made of artificial flowers, foliage or fruit",,67,XII
670210,sous_position,"Flowers, foliage and fruit, artificial, and parts thereof; articles made of artificial flowers, foliage or fruit, of plastics",,6702,XII
670290,sous_position,"Flowers, foliage and fruit, artificial, and parts thereof; articles made of artificial flowers, foliage or fruit, of materials other than plastics",,6702,XII
6703,position,"Human hair, dressed, thinned, bleached or otherwise worked; wool or other animal hair or other textile materials, prepared for use in making wigs or the like",,67,XII
670300,sous_position,"Human hair, dressed, thinned, bleached or otherwise worked; wool or other animal hair or other textile materials, prepared for use in making wigs or the like",,6703,XII
6704,position,"Wigs, false beards, eyebrows and eyelashes, switches and the like, of human or animal hair or of textile materials; articles of human hair, n.e.c. or included",,67,XII
670411,sous_position,"Wigs; complete, of synthetic textile materials",,6704,XII
670419,sous_position,"False beards, eyebrows and eyelashes, switches and the like; of synthetic textile materials",,6704,XII
670420,sous_position,"Wigs, false beards, eyebrows and eyelashes, switches and the like and other articles n.e.c.; of human hair",,6704,XII
670490,sous_position,"Wigs, false beards, eyebrows and eyelashes, switches and the like and other articles n.e.c.; of animal hair or of textile materials other than synthetic",,6704,XII
68,chapitre,"Stone, plaster, cement, asbestos, mica or similar materials; articles thereof",,TOTAL,XIII
6801,position,"Stone; setts, curbstones and flagstones, of natural stone (except slate)",,68,XIII
680100,sous_position,"Stone; setts, curbstones and flagstones, of natural stone (except slate)",,6801,XIII
6802,position,"Monumental or building stone, worked (except slate) and articles thereof (not of heading no. 6801) mosaic cubes etc., of natural stone including slate; artificially coloured granules of natural stone",,68,XIII
680210,sous_position,"Tiles, cubes and similar articles; whether or not rectangular (including square), largest face of which is capable of being enclosed in square, side less than 7cm, coloured granules, chippings, powder",,6802,XIII
680221,sous_position,"Marble, travertine and alabaster; simply cut or sawn, with a flat or even surface",,6802,XIII
680223,sous_position,"Granite; articles thereof, simply cut or sawn, with a flat or even surface",,6802,XIII
680229,sous_position,"Stone; monumental or building stone, n.e.c. in item no. 6802.2, articles thereof, simply cut or sawn, with a flat or even surface",,6802,XIII
680291,sous_position,"Marble, travertine and alabaster; articles thereof, (other than simply cut or sawn, with a flat or even surface)",,6802,XIII
680292,sous_position,"Stone; calcareous (excluding marble, travertine, alabaster) articles thereof, (other than simply cut or sawn, with a flat or even surface)",,6802,XIII
680293,sous_position,"Granite; articles thereof, (other than simply cut or sawn, with a flat or even surface)",,6802,XIII
680299,sous_position,"Stone; natural (excluding marble, travertine, alabaster, other calcareous stone or granite), monumental or building stone, (other than simply cut or sawn, with a flat or even surface)",,6802,XIII
6803,position,"Slate, worked; and articles of slate or of agglomerated slate",,68,XIII
680300,sous_position,"Slate, worked; and articles of slate or of agglomerated slate",,6803,XIII
6804,position,"Millstones, grindstones, grinding wheels, etc without frameworks, for grinding, sharpening, polishing, etc and parts thereof, natural stone, agglomerated natural or artificial abrasives or of ceramics",,68,XIII
680410,sous_position,"Millstones and grindstones; for milling, grinding or pulping",,6804,XIII
680421,sous_position,"Millstones, grindstones, grinding wheels and the like; of agglomerated synthetic or natural diamond",,6804,XIII
680422,sous_position,"Millstones, grindstones, grinding wheels and the like; of other agglomerated abrasives or of ceramics",,6804,XIII
680423,sous_position,"Millstones, grindstones, grinding wheels and the like; of natural stone",,6804,XIII
680430,sous_position,"Stones; hand sharpening or polishing stones, of natural stone, agglomerated natural or artificial abrasives or ceramics, with or without parts of other materials",,6804,XIII
6805,position,"Abrasive powder or grain; natural or artificial, on a base of textile material, of paper, paperboard or of other material, whether or not cut to shape or sewn or otherwise made up",,68,XIII
680510,sous_position,"Abrasive powder or grain; natural or artificial, on a base of woven textile fabric only, whether or not cut to shape or sewn or otherwise made up",,6805,XIII
680520,sous_position,"Abrasive powder or grain; natural or artificial, on a base of paper or paperboard only, whether or not cut to shape or sewn or otherwise made up",,6805,XIII
680530,sous_position,"Abrasive powder or grain; natural or artificial, on a base of materials n.e.c. in heading no. 6805, whether or not cut to shape or sewn or otherwise made up",,6805,XIII
6806,position,"Slag, rock wool and similar mineral wools; exfoliated vermiculite, expanded clays, foamed slag, mixtures and articles of heat, sound insulating or sound-absorbing mineral materials",,68,XIII
680610,sous_position,"Slag wool, rock wool and similar mineral wools (including intermixtures thereof), in bulk, sheets or rolls",,6806,XIII
680620,sous_position,"Exfoliated vermiculite, expanded clays, foamed slag and similar expanded mineral materials (including intermixtures thereof)",,6806,XIII
680690,sous_position,"Minerals; mixtures and articles of heat-insulating, sound-insulating or sound-absorbing mineral materials, other than those of heading no. 6811 or 6812 or of chapter 69",,6806,XIII
6807,position,Asphalt or similar material; articles (e.g. petroleum bitumen or coal tar pitch),,68,XIII
680710,sous_position,Asphalt or similar material; articles (e.g. petroleum bitumen or coal tar pitch) in rolls,,6807,XIII
680790,sous_position,Asphalt or similar material; articles (e.g. petroleum bitumen or coal tar pitch) other than in rolls,,6807,XIII
6808,position,"Panels, boards, tiles, blocks and the like; of vegetable fibre, of straw, shavings, chips, particles, sawdust or other waste, of wood, agglomerated with cement, plaster or other mineral binders",,68,XIII
680800,sous_position,"Panels, boards, tiles, blocks and the like; of vegetable fibre, of straw, shavings, chips, particles, sawdust or other waste, of wood, agglomerated with cement, plaster or other mineral binders",,6808,XIII
6809,position,Plaster or compositions based on plaster; articles thereof,,68,XIII
680911,sous_position,"Plaster, or plaster compositions; boards, sheets, panels, tiles and similar articles, faced or reinforced with paper or paperboard only, not ornamented",,6809,XIII
680919,sous_position,"Plaster, or plaster compositions; boards, sheets, panels, tiles and similar articles, (other than faced or reinforced with paper or paperboard only), not ornamented",,6809,XIII
680990,sous_position,Plaster articles or articles of compositions based on plaster; n.e.c. in heading no. 6809,,6809,XIII
6810,position,"Cement, concrete or artificial stone; whether or not reinforced, articles thereof",,68,XIII
681011,sous_position,"Cement, concrete or artificial stone; building blocks or bricks, whether or not reinforced",,6810,XIII
681019,sous_position,"Cement, concrete or artificial stone; tiles, flagstones and similar, (excluding building blocks and bricks) whether or not reinforced",,6810,XIII
681091,sous_position,"Cement, concrete or artificial stone; prefabricated structural components for building or civil engineering, whether or not reinforced",,6810,XIII
681099,sous_position,"Cement, concrete or artificial stone; articles (other than prefabricated structural components for building or civil engineering), whether or not reinforced, n.e.c. in heading no. 6810",,6810,XIII
6811,position,"Asbestos-cement, of cellulose fibre-cement or the like",,68,XIII
681140,sous_position,"Asbestos-cement; articles or the like, containing asbestos",,6811,XIII
681181,sous_position,"Cellulose fibre-cement; articles or the like; corrugated sheets, not containing asbestos",,6811,XIII
681182,sous_position,"Cellulose fibre-cement; articles or the like, sheets, panels, tiles and similar articles (other than corrugated sheets), not containing asbestos",,6811,XIII
681189,sous_position,"Cellulose fibre-cement; articles or the like, other than corrugated sheets and other sheets, panels, tiles and similar articles, not containing asbestos",,6811,XIII
6812,position,"Fabricated asbestos fibres; mixtures with a basis of asbestos or of asbestos and magnesium carbonate; articles of such mixtures or of asbestos (e.g. thread, woven fabric, clothing, footwear), whether or not reinforced, not goods of heading 6811 or 6813",,68,XIII
681280,sous_position,"Fabricated crocidolite (blue asbestos) fibres, mixtures with a basis of crocidolite (blue asbestos), articles of crocidolite (blue asbestos), whether or not reinforced, not goods of heading 6811 or 6813",,6812,XIII
681291,sous_position,"Asbestos or mixtures with a basis of asbestos (other than crocidolite); clothing, clothing accessories, footwear and headgear, whether or not reinforced, not goods of heading 6811 or 6813",,6812,XIII
681299,sous_position,"Asbestos or mixtures with a basis of asbestos (other than crocidolite); fibres, mixtures or articles n.e.c. in heading no. 6812, whether or not reinforced, not goods of heading 6811 or 6813",,6812,XIII
6813,position,"Friction material and articles thereof (e.g. sheets, rolls, strips, segments, discs, washers, pads) not mounted; for brakes, clutches or the like, with a basis of asbestos, other mineral substances, or cellulose",,68,XIII
681320,sous_position,"Friction material and articles thereof (e.g. sheets, rolls, strips, segments, discs, washers, pads) not mounted; for brakes, clutches or the like, with a basis of asbestos",,6813,XIII
681381,sous_position,Brake linings and pads; with a basis of mineral substances or cellulose (other than asbestos),,6813,XIII
681389,sous_position,"Friction material and articles thereof (e.g. sheets, rolls, strips, segments, discs, washers, pads) not mounted; for clutches or the like (not brake linings and pads), with a basis of mineral substances or cellulose (other than asbestos)",,6813,XIII
6814,position,"Mica; worked, articles of, including agglomerated or reconstituted mica; whether or not on a support of paper, paperboard or other materials",,68,XIII
681410,sous_position,"Mica; plates, sheets and strips of agglomerated or reconstituted mica, whether or not on a support of paper, paperboard or other materials",,6814,XIII
681490,sous_position,"Mica; worked mica and articles of mica (excluding plates, sheets and strips) whether or not on a support of paper, paperboard or other materials",,6814,XIII
6815,position,"Stone or other mineral substances; articles thereof (including carbon fibres, articles of carbon fibres and articles of peat), not elsewhere specified or included",,68,XIII
681511,sous_position,Stone or other mineral substances not elsewhere specified or included; carbon fibres for non-electrical uses,,6815,XIII
681512,sous_position,Stone or other mineral substances not elsewhere specified or included; fabrics of carbon fibres for non-electrical uses,,6815,XIII
681513,sous_position,Stone or other mineral substances not elsewhere specified or included; articles of carbon fibres for non-electrical uses,,6815,XIII
681519,sous_position,Stone or other mineral substances not elsewhere specified or included; non-electrical articles of graphite or carbon n.e.c. in heading 6815,,6815,XIII
681520,sous_position,Peat; articles of peat n.e.c. or included,,6815,XIII
681591,sous_position,"Stone articles and articles of other mineral substances; containing magnesite, magnesia in the form of periclase, dolomite including in the form of dolime, or chromite",,6815,XIII
681599,sous_position,Stone articles and articles of other mineral substances; n.e.c. or included in heading no. 6815,,6815,XIII
69,chapitre,Ceramic products,,TOTAL,XIII
6901,position,"Bricks, blocks, tiles and other ceramic goods of siliceous fossil meals (e.g. kieselguhr, tripolite or diatomite) or of similar siliceous earths",,69,XIII
690100,sous_position,"Bricks, blocks, tiles and other ceramic goods of siliceous fossil meals (e.g. kieselguhr, tripolite or diatomite) or of similar siliceous earths",,6901,XIII
6902,position,"Refractory bricks, blocks, tiles and similar refractory ceramic constructional goods; other than those of siliceous fossil meals or similar siliceous earths",,69,XIII
690210,sous_position,"Refractory bricks, blocks, tiles and similar refractory ceramic constructional goods; containing by weight, singly or together, more than 50% of the elements Mg, Ca or Cr, expressed as MgO, CaO or Cr2o3",,6902,XIII
690220,sous_position,"Refractory bricks, blocks, tiles and similar refractory ceramic constructional goods; containing by weight more than 50% of alumina (Al2o3), of silica (SiO2) or of a mixture or compound of these",,6902,XIII
690290,sous_position,"Refractory bricks, blocks, tiles and similar refractory ceramic constructional goods; n.e.c. in item no. 6902.1 or 6902.2",,6902,XIII
6903,position,"Ceramic goods; (e.g. retorts, crucibles, muffles, nozzles, plugs, supports cupels, tubes, pipes, sheaths, rods and slide gates) excluding those of siliceous fossil meals or of similar siliceous earths",,69,XIII
690310,sous_position,"Refractory ceramic goods; containing, by weight, more than 50% of free carbon, excluding those of siliceous fossil meals or similar earths",,6903,XIII
690320,sous_position,"Refractory ceramic goods; containing by weight more than 50% of alumina or of a mixture or compound of alumina and of silica, excluding those of siliceous fossil meals or similar earths",,6903,XIII
690390,sous_position,"Refractory ceramic goods; composition of which n.e.c. in heading no. 6903, other than those of siliceous fossil meals or similar earths",,6903,XIII
6904,position,"Ceramic building bricks, floor blocks, support or filler tiles and the like",,69,XIII
690410,sous_position,Ceramic building bricks,,6904,XIII
690490,sous_position,"Ceramic flooring blocks, supports or filler tiles and the like (excluding building bricks)",,6904,XIII
6905,position,"Roofing tiles, chimney-pots, cowls, chimney liners, architectural ornaments and other ceramic constructional goods",,69,XIII
690510,sous_position,Ceramic roofing tiles,,6905,XIII
690590,sous_position,"Ceramic chimney-pots, cowls, chimney liners, architectural ornaments and other constructional goods (excluding roofing tiles)",,6905,XIII
6906,position,"Ceramic pipes, conduits, guttering and pipe fittings",,69,XIII
690600,sous_position,"Ceramic pipes, conduits, guttering and pipe fittings",,6906,XIII
6907,position,"Ceramic flags and paving, hearth or wall tiles; ceramic mosaic cubes and the like, whether or not on a backing; finishing ceramics",,69,XIII
690721,sous_position,"Ceramic tiles; flags and paving, hearth or wall tiles other than those of subheadings 6907.30 and 6907.40, of a water absorption coefficient by weight not over 0.5%",,6907,XIII
690722,sous_position,"Ceramic tiles; flags and paving, hearth or wall tiles other than those of subheadings 6907.30 and 6907.40, of a water absorption coefficient by weight over 0.5% but not over 10%",,6907,XIII
690723,sous_position,"Ceramic tiles; flags and paving, hearth or wall tiles other than those of subheadings 6907.30 and 6907.40, of a water absorption coefficient by weight over 10%",,6907,XIII
690730,sous_position,"Mosaic cubes and the like, other than those of subheading 6907.40",,6907,XIII
690740,sous_position,Finishing ceramics,,6907,XIII
6909,position,"Ceramic ware for laboratory, chemical, other technical uses; ceramic troughs, tubs, similar receptacles used in agriculture; ceramic pots, jars and similar used in the conveyance or packing of goods",,69,XIII
690911,sous_position,"Ceramic wares; for laboratory, chemical or other technical uses, of porcelain or china",,6909,XIII
690912,sous_position,"Ceramic wares; for laboratory, chemical or other technical uses, articles having a hardness equivalent to 9 or more on the Mohs scale",,6909,XIII
690919,sous_position,"Ceramic wares; for laboratory, chemical or other technical uses, other than articles having a hardness equivalent to 9 or more on the Mohs scale or of porcelain or china",,6909,XIII
690990,sous_position,"Ceramic wares; pots, jars and similar articles of a kind used for the conveyance or packing of goods and ceramic troughs, tubs and similar receptacles used in agriculture",,6909,XIII
6910,position,"Ceramic sinks, wash basins, wash basin pedestals, baths, bidets, water closet pans, flushing cisterns, urinals and similar sanitary fixtures",,69,XIII
691010,sous_position,"Ceramic sinks, wash basins, wash basin pedestals, baths, bidets, water closet pans, flushing cisterns, urinals and similar sanitary fixtures; of porcelain or china",,6910,XIII
691090,sous_position,"Ceramic sinks, wash basins, wash basin pedestals, baths, bidets, water closet pans, flushing cisterns, urinals and similar sanitary fixtures; of other than porcelain or china",,6910,XIII
6911,position,"Tableware, kitchenware, other household articles and toilet articles; of porcelain or china",,69,XIII
691110,sous_position,Tableware and kitchenware; of porcelain or china,,6911,XIII
691190,sous_position,"Household and toilet articles; n.e.c. in heading no. 6911, of porcelain or china",,6911,XIII
6912,position,"Ceramic tableware, kitchenware, other household articles and toilet articles; other than of porcelain or china",,69,XIII
691200,sous_position,"Ceramic tableware, kitchenware, other household articles and toilet articles; other than of porcelain or china",,6912,XIII
6913,position,Statuettes and other ornamental ceramic articles,,69,XIII
691310,sous_position,"Ceramic statuettes and other ornamental ceramic articles, of porcelain or china",,6913,XIII
691390,sous_position,Ceramic statuettes and other ornamental ceramic articles; other than of porcelain or china,,6913,XIII
6914,position,Ceramic articles; n.e.c. in chapter 69,,69,XIII
691410,sous_position,Ceramic articles n.e.c. in chapter 69; of porcelain or china,,6914,XIII
691490,sous_position,Ceramic articles n.e.c. in chapter 69; other than of porcelain or china,,6914,XIII
70,chapitre,Glass and glassware,,TOTAL,XIII
7001,position,"Glass; cullet and other waste and scrap of glass, excluding glass from cathode ray tubes or other activated glass of heading 85.49, glass in the mass",,70,XIII
700100,sous_position,"Glass; cullet and other waste and scrap of glass, excluding glass from cathode ray tubes or other activated glass of heading 85.49, glass in the mass",,7001,XIII
7002,position,"Glass in balls (other than microspheres of heading no. 7018), rods or tubes, unworked",,70,XIII
700210,sous_position,"Glass; unworked, in balls (other than microspheres of heading no. 7018)",,7002,XIII
700220,sous_position,"Glass; unworked, in rods",,7002,XIII
700231,sous_position,"Glass; unworked, in tubes, of fused quartz or other fused silica",,7002,XIII
700232,sous_position,"Glass; unworked, tubes, of glass having a linear coefficient of expansion not exceeding 5 x 10 (to the minus 6), (or 0.000005) per Kelvin within a temperature range of 0-300 degrees C",,7002,XIII
700239,sous_position,"Glass; unworked, in tubes, other than of glass having a linear coefficient of expansion not exceeding 5 x 10 (to the minus 6, (or 0.000005) ) per Kelvin within a temperature range of 0-300 degrees C, not fused quartz or other fused silica",,7002,XIII
7003,position,"Glass; cast glass and rolled glass in sheets or profiles, whether or not having an absorbent, reflecting or non-reflecting layer, but not otherwise worked",,70,XIII
700312,sous_position,"Glass; cast glass and rolled glass, non-wired sheets, coloured through the mass (body tinted), opacified, flashed or having an absorbent, reflecting or non-reflecting layer",,7003,XIII
700319,sous_position,"Glass; cast glass and rolled glass, non-wired sheets, (excluding those coloured throughout the mass (body tinted) opacified, flashed or having an absorbent or reflecting layer)",,7003,XIII
700320,sous_position,"Glass; cast glass and rolled glass, wired sheets, whether or not having an absorbent or reflecting layer but not otherwise worked",,7003,XIII
700330,sous_position,"Glass; cast glass and rolled glass, profiles, not otherwise worked",,7003,XIII
7004,position,"Glass; drawn glass and blown glass, in sheets, whether or not having an absorbent, reflecting or non-reflecting layer, but not otherwise worked",,70,XIII
700420,sous_position,"Glass; drawn and blown, in sheets, coloured throughout the mass (body tinted), opacified, flashed or having an absorbent, reflecting or non-reflecting layer, but not otherwise worked",,7004,XIII
700490,sous_position,"Glass; drawn and blown, in sheets, (other than glass coloured throughout the mass (body tinted), opacified, flashed or having an absorbent, reflecting or non-reflecting layer)",,7004,XIII
7005,position,"Glass; float glass and surface ground or polished glass, in sheets, whether or not having an absorbent, reflecting or non-reflecting layer, but not otherwise worked",,70,XIII
700510,sous_position,"Glass; float glass and surface ground or polished glass, in sheets, non-wired, having an absorbent reflecting or non-reflecting layer",,7005,XIII
700521,sous_position,"Glass; float glass and surface ground or polished glass, in sheets, non-wired, coloured throughout the mass (body tinted), opacified, flashed or merely surface ground",,7005,XIII
700529,sous_position,"Glass; float glass and surface ground or polished glass, in sheets, non-wired, (other than coloured throughout the mass (body tinted), opacified, flashed or merely surface ground)",,7005,XIII
700530,sous_position,"Glass; float glass and surface ground or polished glass, in sheets, wired glass, whether or not having an absorbent or reflecting layer",,7005,XIII
7006,position,"Glass of heading no. 7003, 7004 or 7005, bent, edge-worked, engraved, drilled, enamelled or otherwise worked, not framed or fitted with other materials",,70,XIII
700600,sous_position,"Glass of heading no. 7003, 7004 or 7005; bent, edge-worked, engraved, drilled, enamelled or otherwise worked, but not framed or fitted with other materials",,7006,XIII
7007,position,"Safety glass, consisting of toughened (tempered) or laminated glass",,70,XIII
700711,sous_position,"Glass; safety glass, toughened (tempered), of size and shape suitable for incorporation in vehicles, aircraft, spacecraft or vessels",,7007,XIII
700719,sous_position,"Glass; safety glass, toughened (tempered), (not of a size and shape suitable for incorporation in vehicles, aircraft, spacecraft or vessels)",,7007,XIII
700721,sous_position,"Glass; safety glass, laminated, of size and shape suitable for incorporation in vehicles, aircraft, spacecraft or vessels",,7007,XIII
700729,sous_position,"Glass; safety glass, laminated, (not of a size and shape suitable for incorporation in vehicles, aircraft, spacecraft or vessels)",,7007,XIII
7008,position,Glass; multiple-walled insulating units of glass,,70,XIII
700800,sous_position,Glass; multiple-walled insulating units of glass,,7008,XIII
7009,position,"Glass mirrors; whether or not framed, including rear-view mirrors",,70,XIII
700910,sous_position,Glass; rear-view mirrors for vehicles,,7009,XIII
700991,sous_position,"Glass mirrors; unframed, excluding rear-view mirrors for vehicles",,7009,XIII
700992,sous_position,"Glass mirrors; framed, excluding rear-view mirrors for vehicles",,7009,XIII
7010,position,"Carboys, bottles, flasks, jars, pots, phials, ampoules, containers of glass of a kind used for the conveyance or packing of goods; preserving jars of glass; stoppers, lids and other closures of glass",,70,XIII
701010,sous_position,"Glass; ampoules, of a kind used for the conveyance or packing of goods",,7010,XIII
701020,sous_position,"Glass; stoppers, lids and other closures",,7010,XIII
701090,sous_position,"Glass; carboys, bottles, flasks, jars, pots, phials and other containers of glass, (not ampoules), used for the conveyance or packing of goods",,7010,XIII
7011,position,"Glass envelopes (including bulbs and tubes), open and glass parts thereof, without fittings, for electric lamps and light sources, cathode-ray tubes or the like",,70,XIII
701110,sous_position,"Glass envelopes (including bulbs and tubes); open, and glass parts thereof, without fittings, for electric lighting",,7011,XIII
701120,sous_position,"Glass envelopes (including bulbs and tubes); open, and glass parts thereof, without fittings, for cathode-ray tubes",,7011,XIII
701190,sous_position,"Glass envelopes (including bulbs and tubes); open, and glass parts thereof, without fittings, other than for electric lighting and cathode-ray tubes",,7011,XIII
7013,position,"Glassware of a kind used for table, kitchen, toilet, office, indoor decoration or similar purposes (other than of heading no. 7010 or 7018)",,70,XIII
701310,sous_position,"Glassware; of a kind used for table, kitchen, toilet, office, indoor decoration or similar purposes (other than of heading no. 7010 or 7018), of glass-ceramics",,7013,XIII
701322,sous_position,"Stemware drinking glasses, of lead crystal",,7013,XIII
701328,sous_position,"Stemware drinking glasses, other than of lead crystal or glass-ceramics",,7013,XIII
701333,sous_position,"Glassware; drinking glasses (not stemware), of lead crystal",,7013,XIII
701337,sous_position,"Glassware; drinking glasses (not stemware), other than of lead crystal or glass-ceramics",,7013,XIII
701341,sous_position,"Glassware of a kind used for table or kitchen purposes (not drinking glasses), of lead crystal",,7013,XIII
701342,sous_position,"Glassware of a kind used for table or kitchen purposes (not drinking glasses), of glass having a linear coefficient of expansion not exceeding 5 x 10 (to the minus 6), (or 0.000005) per Kelvin within a temperature range of 0-300 degrees C",,7013,XIII
701349,sous_position,"Glassware of a kind used for table or kitchen purposes (not drinking glasses or of glass-ceramics), of glass n.e.c. in item no. 7013.4",,7013,XIII
701391,sous_position,"Glassware; n.e.c. in heading no. 7013, of lead crystal",,7013,XIII
701399,sous_position,"Glassware; n.e.c. in heading no. 7013, other than of lead crystal",,7013,XIII
7014,position,"Signalling glassware and optical elements of glass (other than those of heading no. 7015), not optically worked",,70,XIII
701400,sous_position,"Glassware; signalling, (not optically worked)",,7014,XIII
7015,position,"Clock, watch and similar glasses, glasses for non-corrective or corrective spectacles, curved, bent, hallowed etc, not optically worked; hollow glass spheres and their segments for manufacture",,70,XIII
701510,sous_position,"Glasses for corrective spectacles; curved, bent, hollowed or the like, not optically worked",,7015,XIII
701590,sous_position,"Glasses; clock or watch and similar, glasses for non-corrective spectacles, curved, bent, hollowed etc, (not optically worked), hollow glass spheres and segments, for the manufacture of such glasses",,7015,XIII
7016,position,"Glass; paving blocks, slabs, bricks, tiles etc, of pressed, moulded glass, whether or not wired, glass smallwares for decorative purposes leaded lights and the like; multicellular or foam glass",,70,XIII
701610,sous_position,"Glass cubes and other glass smallwares; whether or not on a backing, for mosaics or similar decorative purposes",,7016,XIII
701690,sous_position,"Multicellular or foam glass; in blocks, panels, plates, shells or similar forms; paving blocks, slabs, bricks and other articles of pressed or moulded glass",,7016,XIII
7017,position,"Laboratory, hygienic or pharmaceutical glassware, whether or not graduated or calibrated",,70,XIII
701710,sous_position,"Glassware; laboratory, hygienic or pharmaceutical, whether or not graduated or calibrated, of fused quartz or other fused silica",,7017,XIII
701720,sous_position,"Glassware; laboratory, hygienic or pharmaceutical, whether or not graduated or calibrated, having a linear co-efficient of expansion not over 5 x 10 (to the minus 6), (or 0.000005)) per Kelvin with a temperature of 0-300 degrees C",,7017,XIII
701790,sous_position,"Glassware; laboratory, hygienic or pharmaceutical, whether or not graduated or calibrated, of glass n.e.c. in heading no. 7017",,7017,XIII
7018,position,"Glass beads, imitation pearls, precious or semi-precious stones and similar glass smallwares, statuettes and other ornaments of worked glass; glass microspheres not exceeding 1mm in diameter",,70,XIII
701810,sous_position,"Glass; beads, imitation pearls, imitation precious or semi-precious stones and similar glass smallwares",,7018,XIII
701820,sous_position,Glass microspheres; not exceeding 1mm in diameter,,7018,XIII
701890,sous_position,"Glass; articles thereof, statuettes and other ornaments of lamp worked glass, other than imitation jewellery",,7018,XIII
7019,position,"Glass fibres (including glass wool) and articles thereof (e.g. yarn, rovings, woven fabrics)",,70,XIII
701911,sous_position,"Glass fibres; (including glass wool), chopped strands, of a length of not more than 50mm",,7019,XIII
701912,sous_position,"Glass fibres; (including glass wool), rovings",,7019,XIII
701913,sous_position,"Glass fibres; (including glass wool), yarns and slivers",,7019,XIII
701914,sous_position,"Glass fibres; (including glass wool), mechanically bonded mats",,7019,XIII
701915,sous_position,"Glass fibres; (including glass wool), chemically bonded mats",,7019,XIII
701919,sous_position,"Glass fibres; (including glass wool), threads and mats, other than mechanically or chemically bonded mats",,7019,XIII
701961,sous_position,Glass fibres; mechanically bonded fabrics and closed woven fabrics of rovings,,7019,XIII
701962,sous_position,Glass fibres; non-woven mechanically bonded fabrics and closed fabrics of rovings,,7019,XIII
701963,sous_position,"Glass fibres; mechanically bonded fabrics and closed woven fabrics, plain weave, of yarns, not coated or laminated (other than rovings)",,7019,XIII
701964,sous_position,"Glass fibres; closed woven fabrics, plain weave, of yarns, coated or laminated, (other than rovings)",,7019,XIII
701965,sous_position,Glass fibres; open woven fabrics of a width not exceeding 30cm,,7019,XIII
701966,sous_position,Glass fibres; open woven fabrics of a width exceeding 30cm,,7019,XIII
701969,sous_position,Glass fibres; fabrics n.e.c. in item no. 7019.6,,7019,XIII
701971,sous_position,Glass fibres; chemically bonded fabrics,,7019,XIII
701972,sous_position,"Glass fibres; chemically bonded fabrics, closed fabrics n.e.c. in heading 7019",,7019,XIII
701973,sous_position,"Glass fibres; chemically bonded fabrics, open fabrics n.e.c. in heading 7019",,7019,XIII
701980,sous_position,Glass fibres; glass wool and articles thereof,,7019,XIII
701990,sous_position,Glass fibres; n.e.c. in heading no. 7019,,7019,XIII
7020,position,Glass; articles n.e.c. in chapter 70,,70,XIII
702000,sous_position,Glass; articles n.e.c. in chapter 70,,7020,XIII
71,chapitre,"Natural, cultured pearls; precious, semi-precious stones; precious metals, metals clad with precious metal, and articles thereof; imitation jewellery; coin",,TOTAL,XIV
7101,position,"Pearls; natural or cultured, whether or not worked or graded but not strung, mounted or set; pearls, natural or cultured, temporarily strung for the convenience of transport",,71,XIV
710110,sous_position,"Pearls; natural, whether or not worked or graded (but not strung, mounted or set), temporarily strung for the convenience of transport",,7101,XIV
710121,sous_position,"Pearls; cultured, unworked, whether or not graded (but not strung, mounted or set), temporarily strung for the convenience of transport",,7101,XIV
710122,sous_position,"Pearls; cultured, worked, whether or not graded (but not strung, mounted or set), temporarily strung for the convenience of transport",,7101,XIV
7102,position,"Diamonds, whether or not worked, but not mounted or set",,71,XIV
710210,sous_position,"Diamonds; whether or not worked, but not mounted or set, unsorted",,7102,XIV
710221,sous_position,"Diamonds; industrial, unworked or simply sawn, cleaved or bruted, but not mounted or set",,7102,XIV
710229,sous_position,"Diamonds; industrial, (other than unworked or simply sawn, cleaved or bruted), but not mounted or set",,7102,XIV
710231,sous_position,"Diamonds; non-industrial, unworked or simply sawn, cleaved or bruted, but not mounted or set",,7102,XIV
710239,sous_position,"Diamonds; non-industrial, (other than unworked or simply sawn, cleaved or bruted), but not mounted or set",,7102,XIV
7103,position,"Precious (excluding diamond) and semi-precious stone; worked, graded, not strung, mounted, set; ungraded precious (excluding diamond) and semi-precious stone, temporarily strung for convenience of transport",,71,XIV
710310,sous_position,"Stones; precious (other than diamonds) and semi-precious stones, unworked or simply sawn or roughly shaped, not strung, mounted or set",,7103,XIV
710391,sous_position,"Stones; rubies, sapphires and emeralds, worked (other than simply sawn or roughly shaped), not strung, mounted or set",,7103,XIV
710399,sous_position,"Stones; precious (other than diamonds) and semi-precious stones, (other than rubies, sapphires and emeralds), worked other than simply sawn or roughly shaped, not strung, mounted or set",,7103,XIV
7104,position,"Stones; synthetic or reconstructed precious or semi-precious, whether or not worked or graded but not strung, mounted or set; ungraded synthetic or reconstructed precious or semi-precious stones, temporarily strung for convenience of transport",,71,XIV
710410,sous_position,"Stones; piezo-electric quartz, whether or not worked or graded but not strung, mounted or set; ungraded synthetic or reconstructed precious or semi-precious stones, temporarily strung for convenience of transport",,7104,XIV
710421,sous_position,"Stones; diamonds, unworked or simply sawn or roughly shaped",,7104,XIV
710429,sous_position,"Stones; synthetic or reconstructed precious or semi-precious n.e.c. in heading 7104, unworked or simply sawn or roughly shaped",,7104,XIV
710491,sous_position,"Stones; diamonds, n.e.c. in heading 7104, worked or graded but not strung, mounted or set; ungraded synthetic or reconstructed precious or semi-precious stones, temporarily strung for convenience of transport",,7104,XIV
710499,sous_position,"Stones; synthetic or reconstructed precious or semi-precious n.e.c. in heading 7104, worked or graded but not strung, mounted or set; ungraded synthetic or reconstructed precious or semi-precious stones, temporarily strung for convenience of transport",,7104,XIV
7105,position,Dust and powder of natural or synthetic precious or semi-precious stone,,71,XIV
710510,sous_position,"Stones; precious and semi-precious, dust and powder, of diamonds",,7105,XIV
710590,sous_position,"Stones; precious and semi-precious, dust and powder, of natural or synthetic precious or semi-precious stones, excluding diamonds",,7105,XIV
7106,position,"Silver (including silver plated with gold or platinum); unwrought or in semi-manufactured forms, or in powder form",,71,XIV
710610,sous_position,Metals; silver powder,,7106,XIV
710691,sous_position,"Metals; silver, unwrought, (but not powder)",,7106,XIV
710692,sous_position,"Metals; silver, semi-manufactured",,7106,XIV
7107,position,Base metals clad with silver; not further worked than semi-manufactured,,71,XIV
710700,sous_position,Base metals clad with silver; not further worked than semi-manufactured,,7107,XIV
7108,position,"Gold (including gold plated with platinum) unwrought or in semi-manufactured forms, or in powder form",,71,XIV
710811,sous_position,"Metals; gold, non-monetary, powder",,7108,XIV
710812,sous_position,"Metals; gold, non-monetary, unwrought (but not powder)",,7108,XIV
710813,sous_position,"Metals; gold, semi-manufactured",,7108,XIV
710820,sous_position,"Gold, monetary",,7108,XIV
7109,position,"Base metals or silver, clad with gold, not further worked than semi-manufactured",,71,XIV
710900,sous_position,"Base metals or silver; clad with gold, not further worked than semi-manufactured",,7109,XIV
7110,position,"Platinum; unwrought or in semi-manufactured forms, or in powder form",,71,XIV
711011,sous_position,"Metals; platinum, unwrought or in powder form",,7110,XIV
711019,sous_position,"Metals; platinum, semi-manufactured",,7110,XIV
711021,sous_position,"Metals; palladium, unwrought or in powder form",,7110,XIV
711029,sous_position,"Metals; palladium, semi-manufactured",,7110,XIV
711031,sous_position,"Metals; rhodium, unwrought or in powder form",,7110,XIV
711039,sous_position,"Metals; rhodium, semi-manufactured",,7110,XIV
711041,sous_position,"Metals; iridium, osmium, ruthenium, unwrought or in powder form",,7110,XIV
711049,sous_position,"Metals; iridium, osmium, ruthenium, semi-manufactured",,7110,XIV
7111,position,"Base metals, silver or gold, clad with platinum; not further worked than semi-manufactured",,71,XIV
711100,sous_position,"Base metals, silver or gold, clad with platinum; not further worked than semi-manufactured",,7111,XIV
7112,position,"Waste and scrap of precious metal or of metal clad with precious metal; other waste and scrap containing precious metal compounds, of a kind uses principally for the recovery of precious metal other than goods of heading 85.49",,71,XIV
711230,sous_position,Waste and scrap of precious metal or of metal clad with precious metal; ash containing precious metal or precious metal compounds,,7112,XIV
711291,sous_position,"Waste and scrap of precious metals; of gold, including metal clad with gold but excluding sweepings containing other precious metals",,7112,XIV
711292,sous_position,"Waste and scrap of precious metals; of platinum, including metal clad with platinum but excluding sweepings containing other precious metals",,7112,XIV
711299,sous_position,"Waste and scrap of precious metals; waste and scrap of precious metals including metal clad with precious metals, other than that of gold and platinum and excluding ash which contains precious metal or precious metal compounds",,7112,XIV
7113,position,"Jewellery articles and parts thereof, of precious metal or of metal clad with precious metal",,71,XIV
711311,sous_position,"Jewellery; of silver, whether or not plated or clad with other precious metal, and parts thereof",,7113,XIV
711319,sous_position,"Jewellery; of precious metal (excluding silver) whether or not plated or clad with precious metal, and parts thereof",,7113,XIV
711320,sous_position,"Jewellery; of base metal clad with precious metal, and parts thereof",,7113,XIV
7114,position,"Articles of goldsmiths' or silversmiths' wares and parts thereof, of precious metal or of metal clad with precious metal",,71,XIV
711411,sous_position,"Silversmiths' wares; and parts thereof, of silver, whether or not plated or clad with other precious metal",,7114,XIV
711419,sous_position,"Goldsmiths' wares; articles of and parts thereof, of precious metal (excluding silver) whether or not plated or clad with precious metal",,7114,XIV
711420,sous_position,"Goldsmiths' and silversmiths' wares; articles of and parts thereof, of base metal clad with precious metal",,7114,XIV
7115,position,Articles of precious metal or of metal clad with precious metal,,71,XIV
711510,sous_position,"Metal; catalysts in the form of wire cloth or grill, of platinum",,7115,XIV
711590,sous_position,"Metal; precious or metal clad with precious metal, other than that of item no. 7115.10",,7115,XIV
7116,position,"Articles of natural or cultured pearls, precious or semi-precious stones (natural, synthetic or reconstructed)",,71,XIV
711610,sous_position,Pearls; articles of natural or cultured pearls,,7116,XIV
711620,sous_position,"Stones; precious or semi-precious stones (natural, synthetic or reconstructed) articles of",,7116,XIV
7117,position,Imitation jewellery,,71,XIV
711711,sous_position,"Jewellery; imitation, cuff links and studs, of base metal, whether or not plated with precious metal",,7117,XIV
711719,sous_position,"Jewellery; imitation, (excluding cuff links and studs), of base metal, whether or not plated with precious metal",,7117,XIV
711790,sous_position,"Jewellery; imitation, of other than base metal, whether or not plated with precious metal",,7117,XIV
7118,position,Coin,,71,XIV
711810,sous_position,"Coin (other than gold coin), not being legal tender",,7118,XIV
711890,sous_position,Coin; other than coin of item no. 7118.10,,7118,XIV
72,chapitre,Iron and steel,,TOTAL,XV
7201,position,"Pig iron and spiegeleisen in pigs, blocks or other primary forms",,72,XV
720110,sous_position,"Iron; non-alloy pig iron containing by weight 0.5% or less of phosphorus, in pigs, blocks or other primary forms",,7201,XV
720120,sous_position,"Iron; non-alloy pig iron containing by weight more than 0.5% of phosphorus, in pigs, blocks or other primary forms",,7201,XV
720150,sous_position,"Iron; alloy pig iron; spiegeleisen, in pigs, blocks or other primary forms",,7201,XV
7202,position,Ferro-alloys,,72,XV
720211,sous_position,"Ferro-alloys; ferro-manganese, containing by weight more than 2% of carbon",,7202,XV
720219,sous_position,"Ferro-alloys; ferro-manganese, containing by weight 2% or less of carbon",,7202,XV
720221,sous_position,"Ferro-alloys; ferro-silicon, containing by weight more than 55% of silicon",,7202,XV
720229,sous_position,"Ferro-alloys; ferro-silicon, containing by weight 55% or less of silicon",,7202,XV
720230,sous_position,Ferro-alloys; ferro-silico-manganese,,7202,XV
720241,sous_position,"Ferro-alloys; ferro-chromium, containing by weight more than 4% of carbon",,7202,XV
720249,sous_position,"Ferro-alloys; ferro-chromium, containing by weight 4% or less of carbon",,7202,XV
720250,sous_position,Ferro-alloys; ferro-silico-chromium,,7202,XV
720260,sous_position,Ferro-alloys; ferro-nickel,,7202,XV
720270,sous_position,Ferro-alloys; ferro-molybdenum,,7202,XV
720280,sous_position,Ferro-alloys; ferro-tungsten and ferro-silico-tungsten,,7202,XV
720291,sous_position,Ferro-alloys; ferro-titanium and ferro-silico-titanium,,7202,XV
720292,sous_position,Ferro-alloys; ferro-vanadium,,7202,XV
720293,sous_position,Ferro-alloys; ferro-niobium,,7202,XV
720299,sous_position,Ferro-alloys; n.e.c. in heading no. 7202,,7202,XV
7203,position,"Ferrous products obtained by direct reduction of iron ore and other spongy ferrous products, in lumps, pellets or the like; iron having a minimum purity of 99.94%, in lumps, pellets or similar forms",,72,XV
720310,sous_position,"Ferrous products; obtained by direct reduction of iron ore, in lumps, pellets or similar forms",,7203,XV
720390,sous_position,"Ferrous products; spongy ferrous products and iron having a minimum purity by weight of 99.94%, in lumps, pellets or similar forms",,7203,XV
7204,position,Ferrous waste and scrap; remelting scrap ingots of iron or steel,,72,XV
720410,sous_position,Ferrous waste and scrap; of cast iron,,7204,XV
720421,sous_position,Ferrous waste and scrap; of stainless steel,,7204,XV
720429,sous_position,Ferrous waste and scrap; of alloy steel (excluding stainless),,7204,XV
720430,sous_position,Ferrous waste and scrap; of tinned iron or steel,,7204,XV
720441,sous_position,"Ferrous waste and scrap; turnings, shavings, chips, milling waste, sawdust, filings, trimmings and stampings, whether or not in bundles",,7204,XV
720449,sous_position,Ferrous waste and scrap; n.e.c. in heading no. 7204,,7204,XV
720450,sous_position,Ferrous products; remelting scrap ingots,,7204,XV
7205,position,"Granules and powders, of pig iron, spiegeleisen, iron or steel",,72,XV
720510,sous_position,"Iron or steel, pig iron, spiegeleisen; granules thereof",,7205,XV
720521,sous_position,Alloy steel powders,,7205,XV
720529,sous_position,"Iron or steel, pig iron, spiegeleisen; powders (excluding alloy steel)",,7205,XV
7206,position,Iron and non-alloy steel in ingots or other primary forms (excluding iron of heading no. 7203),,72,XV
720610,sous_position,Iron or non-alloy steel; ingots (excluding iron of heading no. 7203),,7206,XV
720690,sous_position,Iron or non-alloy steel; primary forms (excluding ingots and iron of heading no. 7203),,7206,XV
7207,position,Iron or non-alloy steel; semi-finished products thereof,,72,XV
720711,sous_position,"Iron or non-alloy steel; semi-finished products of iron or non-alloy steel; containing by weight less than 0.25% of carbon, of rectangular (including square) cross-section, width less than twice thickness",,7207,XV
720712,sous_position,"Iron or non-alloy steel; semi-finished products of iron or non-alloy steel; containing by weight less than 0.25% of carbon, of rectangular (other than square) cross-section",,7207,XV
720719,sous_position,"Iron or non-alloy steel; semi-finished products of iron or non-alloy steel, containing by weight less than 0.25% of carbon, other than rectangular or square cross-section",,7207,XV
720720,sous_position,"Iron or non-alloy steel; semi-finished products of iron or non-alloy steel, containing by weight 0.25% or more of carbon",,7207,XV
7208,position,"Iron or non-alloy steel; flat-rolled products of a width of 600mm or more, hot-rolled, not clad, plated or coated",,72,XV
720810,sous_position,"Iron or non-alloy steel; in coils, flat-rolled, of a width 600mm or more, hot-rolled, with patterns in relief",,7208,XV
720825,sous_position,"Iron or non-alloy steel; in coils, without patterns in relief, flat-rolled, of a width 600mm or more, hot-rolled, pickled, of a thickness of 4.75mm or more",,7208,XV
720826,sous_position,"Iron or non-alloy steel; in coils, without patterns in relief, flat-rolled, of a width 600mm or more, hot-rolled, pickled, of a thickness of 3mm or more but less than 4.75mm",,7208,XV
720827,sous_position,"Iron or non-alloy steel; in coils, without patterns in relief, flat-rolled, of a width 600mm or more, hot-rolled, pickled, of a thickness of less than 3mm",,7208,XV
720836,sous_position,"Iron or non-alloy steel; in coils, without patterns in relief, flat-rolled, of a width 600mm or more, hot-rolled, of a thickness exceeding 10mm",,7208,XV
720837,sous_position,"Iron or non-alloy steel; in coils, without patterns in relief, flat-rolled, of a width 600mm or more, hot-rolled, of a thickness of 4.75mm or more but not exceeding 10mm",,7208,XV
720838,sous_position,"Iron or non-alloy steel; in coils, without patterns in relief, flat-rolled, of a width 600mm or more, hot-rolled, of a thickness of 3mm or more but less than 4.75mm",,7208,XV
720839,sous_position,"Iron or non-alloy steel; in coils, without patterns in relief, flat-rolled, of a width 600mm or more, hot-rolled, of a thickness of less than 3mm",,7208,XV
720840,sous_position,"Iron or non-alloy steel; (not in coils), flat-rolled, of a width 600mm or more, hot-rolled, with patterns in relief",,7208,XV
720851,sous_position,"Iron or non-alloy steel; (not in coils), flat-rolled, of a width 600mm or more, hot-rolled, without patterns in relief, of a thickness exceeding 10mm",,7208,XV
720852,sous_position,"Iron or non-alloy steel; (not in coils), flat-rolled, of a width 600mm or more, hot-rolled, without patterns in relief, of a thickness of 4.75mm or more but not exceeding 10mm",,7208,XV
720853,sous_position,"Iron or non-alloy steel; (not in coils), flat-rolled, of a width 600mm or more, hot-rolled, without patterns in relief, of a thickness of 3mm or more but less than 4.75mm",,7208,XV
720854,sous_position,"Iron or non-alloy steel; (not in coils), flat-rolled, of a width 600mm or more, hot-rolled, without patterns in relief, of a thickness of less than 3mm",,7208,XV
720890,sous_position,"Iron or non-alloy steel; flat-rolled, hot-rolled, of a width 600mm or more, n.e.c. in heading no. 7208",,7208,XV
7209,position,"Iron or non-alloy steel; flat-rolled products, width 600mm or more, cold-rolled (cold-reduced), not clad, plated or coated",,72,XV
720915,sous_position,"Iron or non-alloy steel; in coils, flat-rolled, width 600mm or more, cold-rolled, of a thickness of 3mm or more",,7209,XV
720916,sous_position,"Iron or non-alloy steel; in coils, flat-rolled, width 600mm or more, cold-rolled, of a thickness exceeding 1mm but less than 3mm",,7209,XV
720917,sous_position,"Iron or non-alloy steel; in coils, flat-rolled, width 600mm or more, cold-rolled, of a thickness of 0.5mm or more but not exceeding 1mm",,7209,XV
720918,sous_position,"Iron or non-alloy steel; in coils, flat-rolled, width 600mm or more, cold-rolled, of a thickness of less than 0.5mm",,7209,XV
720925,sous_position,"Iron or non-alloy steel; (not in coils), flat-rolled, width 600mm or more, cold-rolled, of a thickness of 3mm or more",,7209,XV
720926,sous_position,"Iron or non-alloy steel; (not in coils), flat-rolled, width 600mm or more, cold-rolled, of a thickness exceeding 1mm but less than 3mm",,7209,XV
720927,sous_position,"Iron or non-alloy steel; (not in coils), flat-rolled, width 600mm or more, cold-rolled, of a thickness of 0.5mm or more but not exceeding 1mm",,7209,XV
720928,sous_position,"Iron or non-alloy steel; (not in coils), flat-rolled, width 600mm or more, cold-rolled, of a thickness of less than 0.5mm",,7209,XV
720990,sous_position,"Iron or non-alloy steel; flat-rolled, width 600mm or more, cold-rolled, n.e.c. in heading no. 7209",,7209,XV
7210,position,"Iron or non-alloy steel; flat-rolled products, width 600mm or more, clad, plated or coated",,72,XV
721011,sous_position,"Iron or non-alloy steel; flat-rolled, width 600mm or more, plated or coated with tin, thickness of 0.5mm or more",,7210,XV
721012,sous_position,"Iron or non-alloy steel; flat-rolled, width 600mm or more, plated or coated with tin, thickness of less than 0.5mm",,7210,XV
721020,sous_position,"Iron or non-alloy steel; flat-rolled, width 600mm or more, plated or coated with lead, including terne-plate",,7210,XV
721030,sous_position,"Iron or non-alloy steel; flat-rolled, width 600mm or more, electrolytically plated or coated with zinc",,7210,XV
721041,sous_position,"Iron or non-alloy steel; flat-rolled, width 600mm or more, corrugated, plated or coated with zinc (not electrolytically)",,7210,XV
721049,sous_position,"Iron or non-alloy steel; flat-rolled, width 600mm or more, (not corrugated), plated or coated with zinc (not electrolytically)",,7210,XV
721050,sous_position,"Iron or non-alloy steel; flat-rolled, width 600mm or more, plated or coated with chromium oxides or with chromium and chromium oxides",,7210,XV
721061,sous_position,"Iron or non-alloy steel; flat-rolled, width 600mm or more, plated or coated with aluminium zinc-alloys",,7210,XV
721069,sous_position,"Iron or non-alloy steel; flat-rolled, width 600mm or more, plated or coated with aluminium, other than plated or coated with aluminium zinc-alloys",,7210,XV
721070,sous_position,"Iron or non-alloy steel; flat-rolled, width 600mm or more, painted, varnished or coated with plastics",,7210,XV
721090,sous_position,"Iron or non-alloy steel; flat-rolled, width 600mm or more, plated or coated with materials n.e.c. in heading no. 7210",,7210,XV
7211,position,"Iron or non-alloy steel; flat-rolled products, width less than 600mm, not clad, plated or coated",,72,XV
721113,sous_position,"Iron or non-alloy steel; flat-rolled, hot-rolled, rolled on four faces or in a closed box pass, of a width more than 150mm but less than 600mm, 4mm thick or more, not in coils, without patterns in relief",,7211,XV
721114,sous_position,"Iron or non-alloy steel; flat-rolled, hot-rolled, of a width less than 600mm, 4.75mm thick or more, excluding those of item no. 7211.13",,7211,XV
721119,sous_position,"Iron or non-alloy steel; flat-rolled, hot-rolled, of a width less than 600mm, less than 4.75mm thick, excluding those of item no. 7211.13",,7211,XV
721123,sous_position,"Iron or non-alloy steel; flat-rolled, cold-rolled, of a width less than 600mm, containing by weight less than 0.25% of carbon",,7211,XV
721129,sous_position,"Iron or non-alloy steel; flat-rolled, cold-rolled, of a width less than 600mm, containing by weight 0.25% or more of carbon",,7211,XV
721190,sous_position,"Iron or non-alloy steel; flat-rolled, n.e.c. in heading no. 7211, width less than 600mm",,7211,XV
7212,position,"Iron or non-alloy steel; flat-rolled products, width less than 600mm, clad, plated or coated",,72,XV
721210,sous_position,"Iron or non-alloy steel; flat-rolled, width less than 600mm, plated or coated with tin",,7212,XV
721220,sous_position,"Iron or non-alloy steel; flat-rolled, of a width less than 600mm, electrolytically plated or coated with zinc",,7212,XV
721230,sous_position,"Iron or non-alloy steel; flat-rolled, width less than 600mm, plated or coated with zinc (not electrolytically)",,7212,XV
721240,sous_position,"Iron or non-alloy steel; flat-rolled, width less than 600mm, painted, varnished or coated with plastics",,7212,XV
721250,sous_position,"Iron or non-alloy steel; flat-rolled, width less than 600mm, plated or coated, (excluding tin, zinc or plastic)",,7212,XV
721260,sous_position,"Iron or non-alloy steel; flat-rolled, width less than 600mm, clad",,7212,XV
7213,position,"Iron or non-alloy steel; bars and rods, hot-rolled, in irregularly wound coils",,72,XV
721310,sous_position,"Iron or non-alloy steel; bars and rods, hot-rolled, in irregularly wound coils, containing indentations, ribs, grooves or other deformations produced during the rolling process",,7213,XV
721320,sous_position,"Iron or non-alloy steel; bars and rods, hot-rolled, in irregularly wound coils, of free-cutting steel",,7213,XV
721391,sous_position,"Iron or non-alloy steel; bars and rods, hot-rolled, in irregularly wound coils, n.e.c. in heading no. 7213, of circular cross-section measuring less than 14mm in diameter",,7213,XV
721399,sous_position,"Iron or non-alloy steel; bars and rods, hot-rolled, in irregularly wound coils, n.e.c. in heading no. 7213, of circular cross-section measuring 14mm or more in diameter",,7213,XV
7214,position,"Iron or non-alloy steel; bars and rods, not further worked than forged, hot-rolled, hot drawn or hot-extruded, but including those twisted after rolling",,72,XV
721410,sous_position,"Iron or non-alloy steel; bars and rods, forged, hot-rolled, hot-drawn or hot-extruded, but including those twisted after rolling",,7214,XV
721420,sous_position,"Iron or non-alloy steel; bars and rods, hot-rolled, hot-drawn or hot-extruded, containing indentations, ribs, grooves or other deformations produced during the rolling process or twisted after rolling",,7214,XV
721430,sous_position,"Iron or non-alloy steel; bars and rods, hot-rolled, hot-drawn or hot-extruded, including those twisted after rolling, of free-cutting steel",,7214,XV
721491,sous_position,"Iron or non-alloy steel; bars and rods, hot-rolled, hot-drawn or hot-extruded, n.e.c. in heading no. 7214, of rectangular (other than square) cross-section",,7214,XV
721499,sous_position,"Iron or non-alloy steel; bars and rods, hot-rolled, hot-drawn or hot-extruded, n.e.c. in heading no. 7214, other than of rectangular cross-section",,7214,XV
7215,position,"Iron or non-alloy steel; bars and rods, n.e.c. in chapter 72",,72,XV
721510,sous_position,"Iron or non-alloy steel; bars and rods, of free-cutting steel, cold-formed or cold-finished, n.e.c. in chapter 72",,7215,XV
721550,sous_position,"Iron or non-alloy steel; bars and rods, n.e.c. in chapter 72, cold-formed or cold-finished, (not free-cutting)",,7215,XV
721590,sous_position,"Iron or non-alloy steel; bars and rods, n.e.c. in chapter 72, n.e.c. in heading no. 7215",,7215,XV
7216,position,"Iron or non-alloy steel, angles, shapes and sections",,72,XV
721610,sous_position,"Iron or non-alloy steel; U, I or H sections, hot-rolled, hot-drawn or extruded, of a height of less than 80mm",,7216,XV
721621,sous_position,"Iron or non-alloy steel; L sections, hot-rolled, hot-drawn or extruded, of a height of less than 80mm",,7216,XV
721622,sous_position,"Iron or non-alloy steel; T sections, hot-rolled, hot-drawn or extruded, of a height less than 80mm",,7216,XV
721631,sous_position,"Iron or non-alloy steel; U sections, hot-rolled, hot-drawn or extruded, of a height of 80mm or more",,7216,XV
721632,sous_position,"Iron or non-alloy steel; I sections, hot-rolled, hot-drawn or extruded, of a height of 80mm or more",,7216,XV
721633,sous_position,"Iron or non-alloy steel; H sections, hot-rolled, hot-drawn or extruded, of a height of 80mm or more",,7216,XV
721640,sous_position,"Iron or non-alloy steel; L or T sections, hot-rolled, hot-drawn or extruded, of a height of 80mm or more",,7216,XV
721650,sous_position,"Iron or non-alloy steel; angles, shapes and sections, n.e.c. in heading no. 7216, hot-rolled, hot-drawn or extruded",,7216,XV
721661,sous_position,"Iron or non-alloy steel; angles, shapes and sections, cold-formed or cold-finished, obtained from flat-rolled products",,7216,XV
721669,sous_position,"Iron or non-alloy steel; angles, shapes and sections, cold-formed or cold-finished, (not obtained from flat-rolled products)",,7216,XV
721691,sous_position,"Iron or non-alloy steel; angles, shapes and sections, n.e.c. in heading no. 7216, cold-formed or cold-finished, from flat-rolled products",,7216,XV
721699,sous_position,"Iron or non-alloy steel; angles, shapes and sections, n.e.c. in heading no. 7216",,7216,XV
7217,position,Wire of iron or non-alloy steel,,72,XV
721710,sous_position,"Iron or non-alloy steel; wire, (not plated or coated), whether or not polished",,7217,XV
721720,sous_position,"Iron or non-alloy steel; wire, plated or coated with zinc",,7217,XV
721730,sous_position,"Iron or non-alloy steel; wire, plated or coated with base metals (other than zinc)",,7217,XV
721790,sous_position,"Iron or non-alloy steel; wire, n.e.c. in heading no. 7217",,7217,XV
7218,position,Stainless steel in ingots or other primary forms; semi-finished products of stainless steel,,72,XV
721810,sous_position,"Steel, stainless; ingots and other primary forms",,7218,XV
721891,sous_position,"Steel, stainless; semi-finished products, of rectangular (other than square) cross-section",,7218,XV
721899,sous_position,"Steel, stainless; semi-finished products, other than of rectangular cross-section",,7218,XV
7219,position,Stainless steel; flat-rolled products of width of 600mm or more,,72,XV
721911,sous_position,"Steel, stainless; flat-rolled, width 600mm or more, hot-rolled, in coils, of a thickness exceeding 10mm",,7219,XV
721912,sous_position,"Steel, stainless; flat-rolled, width 600mm or more, hot-rolled, in coils, of a thickness of 4.75mm or more but not exceeding 10mm",,7219,XV
721913,sous_position,"Steel, stainless; flat-rolled, width 600mm or more, hot-rolled, in coils, of a thickness of 3mm or more but less than 4.75mm",,7219,XV
721914,sous_position,"Steel, stainless; flat-rolled, width 600mm or more, hot-rolled, in coils, of a thickness of less than 3mm",,7219,XV
721921,sous_position,"Steel, stainless; flat-rolled, width 600mm or more, hot-rolled, (not in coils), of a thickness exceeding 10mm",,7219,XV
721922,sous_position,"Steel, stainless; flat-rolled, width 600mm or more, hot-rolled, (not in coils), of a thickness of 4.75mm or more but not exceeding 10mm",,7219,XV
721923,sous_position,"Steel, stainless; flat-rolled, width 600mm or more, hot-rolled, (not in coils), of a thickness of 3mm or more but less than 4.75mm",,7219,XV
721924,sous_position,"Steel, stainless; flat-rolled, width 600mm or more, hot-rolled, (not in coils), of a thickness of less than 3mm",,7219,XV
721931,sous_position,"Steel, stainless; flat-rolled, width 600mm or more, cold-rolled or cold-reduced, of a thickness of 4.75mm or more",,7219,XV
721932,sous_position,"Steel, stainless; flat-rolled, width 600mm or more, cold-rolled, of a thickness of 3mm or more but less than 4.75mm",,7219,XV
721933,sous_position,"Steel, stainless; flat-rolled, width 600mm or more, cold-rolled, of a thickness exceeding 1mm but less than 3mm",,7219,XV
721934,sous_position,"Steel, stainless; flat-rolled, width 600mm or more, cold-rolled, of a thickness of 0.5mm or more but not exceeding 1mm",,7219,XV
721935,sous_position,"Steel, stainless; flat-rolled, width 600mm or more, cold-rolled, of a thickness of less than 0.5mm",,7219,XV
721990,sous_position,"Steel, stainless; flat-rolled, width 600mm or more, n.e.c. in heading no. 7219",,7219,XV
7220,position,Stainless steel; flat-rolled products of width less than 600mm,,72,XV
722011,sous_position,"Steel, stainless; flat-rolled, width less than 600mm, hot-rolled, of a thickness of 4.75mm or more",,7220,XV
722012,sous_position,"Steel, stainless; flat-rolled, width less than 600mm, hot-rolled, of a thickness of less than 4.75mm",,7220,XV
722020,sous_position,"Steel, stainless; flat-rolled, width less than 600mm, cold-rolled",,7220,XV
722090,sous_position,"Steel, stainless; flat-rolled, width less than 600mm, n.e.c. in heading no 7220",,7220,XV
7221,position,"Stainless steel bars and rods, hot-rolled, in irregularly wound coils",,72,XV
722100,sous_position,"Steel, stainless; bars and rods, hot-rolled, in irregularly wound coils",,7221,XV
7222,position,"Stainless steel bars and rods, angles, shapes and sections",,72,XV
722211,sous_position,"Steel, stainless; bars and rods, hot-rolled, hot-drawn or extruded, of circular cross-section",,7222,XV
722219,sous_position,"Steel, stainless; bars and rods, hot-rolled, hot-drawn or extruded, other than of circular cross-section",,7222,XV
722220,sous_position,"Steel, stainless; bars and rods, cold-formed or cold-finished",,7222,XV
722230,sous_position,"Steel, stainless; bars and rods, n.e.c. in heading no. 7222",,7222,XV
722240,sous_position,"Steel, stainless; angles, shapes and sections",,7222,XV
7223,position,Stainless steel wire,,72,XV
722300,sous_position,"Steel, stainless; wire",,7223,XV
7224,position,"Alloy steel in ingots or other primary forms, semi-finished products of other alloy steel",,72,XV
722410,sous_position,"Steel, alloy; ingots and other primary forms",,7224,XV
722490,sous_position,"Steel, alloy; semi-finished products",,7224,XV
7225,position,"Alloy steel flat-rolled products, of a width 600mm or more",,72,XV
722511,sous_position,"Steel, alloy; flat-rolled, width 600mm or more, of silicon-electrical steel, grain-oriented",,7225,XV
722519,sous_position,"Steel, alloy; flat-rolled, width 600mm or more, of silicon-electrical steel, (other than grain-oriented)",,7225,XV
722530,sous_position,"Steel, alloy; flat-rolled, width 600mm or more, hot-rolled, in coils",,7225,XV
722540,sous_position,"Steel, alloy; flat-rolled, width 600mm or more, hot-rolled, not in coils",,7225,XV
722550,sous_position,"Steel, alloy; flat-rolled, width 600mm or more, cold-rolled",,7225,XV
722591,sous_position,"Steel, alloy; flat-rolled, width 600mm or more, n.e.c. in heading no. 7225, electrolytically plated or coated with zinc",,7225,XV
722592,sous_position,"Steel, alloy; flat-rolled, width 600mm or more, n.e.c. in heading no. 7225, plated or coated with zinc (other than electrolytically)",,7225,XV
722599,sous_position,"Steel, alloy; flat-rolled, width 600mm or more, n.e.c. in heading no. 7225, (other than plated or coated with zinc)",,7225,XV
7226,position,"Alloy steel flat-rolled products, of a width of less than 600mm",,72,XV
722611,sous_position,"Steel, alloy; flat-rolled, width less than 600mm, of silicon-electrical steel, grain-oriented",,7226,XV
722619,sous_position,"Steel, alloy; flat-rolled, width less than 600mm, of silicon-electrical steel, other than grain-oriented",,7226,XV
722620,sous_position,"Steel, alloy; flat-rolled, width less than 600mm, of high speed steel",,7226,XV
722691,sous_position,"Steel, alloy; flat-rolled, width less than 600mm, (excluding silicon-electrical or high speed steel), hot-rolled",,7226,XV
722692,sous_position,"Steel, alloy; flat-rolled, width less than 600mm, (excluding silicon-electrical or high speed steel), cold-rolled",,7226,XV
722699,sous_position,"Steel, alloy; flat-rolled, width less than 600mm, n.e.c. in item no. 7226.9",,7226,XV
7227,position,"Steel, alloy; bars and rods, hot-rolled, in irregularly wound coils",,72,XV
722710,sous_position,"Steel, alloy; bars and rods, hot-rolled, in irregularly wound coils, of high speed steel",,7227,XV
722720,sous_position,"Steel, alloy; bars and rods, hot-rolled, in irregularly wound coils, of silico-manganese steel",,7227,XV
722790,sous_position,"Steel, alloy; bars and rods, hot-rolled, in irregularly wound coils, n.e.c. in heading no. 7227",,7227,XV
7228,position,"Alloy steel bars, rods, shapes and sections; hollow drill bars and rods, of alloy or non-alloy steel",,72,XV
722810,sous_position,"Steel, alloy; bars and rods, of high speed steel",,7228,XV
722820,sous_position,"Steel, alloy; bars and rods, of silico-manganese steel",,7228,XV
722830,sous_position,"Steel, alloy; bars and rods, hot-rolled, hot-drawn or extruded",,7228,XV
722840,sous_position,"Steel, alloy; bars and rods, forged",,7228,XV
722850,sous_position,"Steel, alloy; bars and rods, cold-formed or cold-finished",,7228,XV
722860,sous_position,"Steel, alloy; bars and rods n.e.c. in heading no. 7228",,7228,XV
722870,sous_position,"Steel, alloy; angles, shapes and sections",,7228,XV
722880,sous_position,"Steel, alloy or non-alloy; hollow drill bars and rods",,7228,XV
7229,position,Wire of other alloy steel,,72,XV
722920,sous_position,"Steel, alloy; wire, of silico-manganese steel",,7229,XV
722990,sous_position,"Steel, alloy; wire, of materials other than silico-manganese steel",,7229,XV
73,chapitre,Iron or steel articles,,TOTAL,XV
7301,position,"Iron or steel sheet piling, whether or not drilled, punched or made from assembled elements; welded angles, shapes and sections, of iron or steel",,73,XV
730110,sous_position,"Iron or steel; sheet piling, whether or not drilled, punched or made from assembled elements",,7301,XV
730120,sous_position,"Iron or steel; angles, shapes and sections, welded",,7301,XV
7302,position,"Railway or tramway track constructions of iron or steel; rails, check and track rails, switch blades, crossing frogs, point rods, sleepers, fish-plates, chair wedges, sole plates, bedplates, ties and the like",,73,XV
730210,sous_position,"Iron or steel, railway or tramway track construction material; rails",,7302,XV
730230,sous_position,"Iron or steel, railway or tramway track construction material; switch blades, crossing frogs, point rods and other crossing pieces",,7302,XV
730240,sous_position,"Iron or steel, railway or tramway track construction material; fish-plates and sole plates",,7302,XV
730290,sous_position,"Iron or steel, railway or tramway track construction material; n.e.c. in heading no. 7302",,7302,XV
7303,position,"Tubes, pipes and hollow profiles, of cast iron",,73,XV
730300,sous_position,"Cast iron; tubes, pipes and hollow profiles",,7303,XV
7304,position,"Tubes, pipes and hollow profiles, seamless, of iron (other than cast iron) or steel",,73,XV
730411,sous_position,"Iron or steel (excluding cast iron); seamless, line pipe of a kind used for oil or gas pipelines, of stainless steel",,7304,XV
730419,sous_position,"Iron or steel (excluding cast iron or stainless steel); seamless, line pipe of a kind used for oil or gas pipelines",,7304,XV
730422,sous_position,"Steel, stainless; seamless, drill pipe, of a kind used in drilling for oil or gas",,7304,XV
730423,sous_position,"Iron or steel (excluding cast iron or stainless steel); seamless, drill pipe, of a kind used in drilling for oil or gas",,7304,XV
730424,sous_position,"Steel, stainless; seamless, casing and tubing, of a kind used in drilling for oil or gas",,7304,XV
730429,sous_position,"Iron or steel (excluding cast iron or stainless steel); seamless, casing and tubing, of a kind used in drilling for oil or gas",,7304,XV
730431,sous_position,"Iron or non-alloy steel (excluding cast iron); seamless, cold-drawn or cold-rolled, tubes, pipes and hollow profiles of circular cross-section",,7304,XV
730439,sous_position,"Iron or non-alloy steel (excluding cast iron); seamless, (excluding cold-drawn or cold-rolled), tubes, pipes and hollow profiles of circular cross-section",,7304,XV
730441,sous_position,"Steel, stainless; cold-drawn or cold-rolled (cold-reduced), tubes and pipes of circular cross-section",,7304,XV
730449,sous_position,"Steel, stainless; (excluding cold-drawn or cold-rolled), tubes pipes and hollow profiles of circular cross-section",,7304,XV
730451,sous_position,"Steel, alloy (not stainless steel); seamless, cold-drawn or cold-rolled (cold-reduced), tubes, pipes and hollow profiles of circular cross-section",,7304,XV
730459,sous_position,"Steel, alloy (not stainless steel); (excluding cold-drawn or cold-rolled), tubes, pipes and hollow profiles of circular cross-section",,7304,XV
730490,sous_position,"Iron or steel (excluding cast iron); seamless, tubes, pipes and hollow profiles, seamless, n.e.c. in heading no. 7304",,7304,XV
7305,position,"Iron or steel (excluding cast iron); tubes and pipes (e.g. welded, riveted or similarly closed), having circular cross-sections, external diameter of which exceeds 406.4mm, not seamless",,73,XV
730511,sous_position,"Iron or steel (excluding cast iron); line pipe of a kind used for oil or gas pipelines (not seamless), longitudinally submerged arc welded, having circular cross-sections, external diameter exceeds 406.4mm",,7305,XV
730512,sous_position,"Iron or steel (excluding cast iron); line pipe of a kind used for oil or gas pipelines (not seamless), longitudinally welded (not submerged arc welded), having circular cross-sections, external diameter exceeds 406.4mm",,7305,XV
730519,sous_position,"Iron or steel (excluding cast iron); line pipe of a kind used for oil or gas pipelines (not seamless), (not longitudinally welded), having circular cross-sections, external diameter exceeds 406.4mm",,7305,XV
730520,sous_position,"Iron or steel (excluding cast iron); casing of a kind used in drilling for oil or gas (not seamless), having circular cross-sections, external diameter exceeds 406.4mm",,7305,XV
730531,sous_position,"Iron or steel (excluding cast iron); tubes and pipes (other than line pipe or casing of a kind used for oil or gas pipelines), longitudinally welded, having circular cross-sections, external diameter exceeds 406.4mm, (not seamless)",,7305,XV
730539,sous_position,"Iron or steel (excluding cast iron); tubes and pipes (other than line pipe or casing of a kind used for oil or gas pipelines), welded (not longitudinally welded), having circular cross-sections, external diameter exceeds 406.4mm, (not seamless)",,7305,XV
730590,sous_position,"Iron or steel (excluding cast iron); tubes and pipes n.e.c. in heading no. 7305, having circular cross-sections, external diameter exceeds 406.4mm, (not seamless)",,7305,XV
7306,position,"Iron or steel (excluding cast iron); tubes, pipes and hollow profiles (not seamless), n.e.c. in chapter 73",,73,XV
730611,sous_position,"Steel; stainless; line pipe of a kind used for oil or gas pipelines n.e.c. in chapter 73, welded, (not seamless)",,7306,XV
730619,sous_position,"Iron or steel (excluding cast iron); line pipe of a kind used for oil or gas pipelines (other than of stainless steel or seamless), n.e.c. in chapter 73",,7306,XV
730621,sous_position,"Steel, stainless; casing and tubing of a kind used in drilling for oil and gas, n.e.c. in chapter 73, welded, (not seamless)",,7306,XV
730629,sous_position,"Iron or steel (excluding cast iron); casing and tubing of a kind used in drilling for oil and gas (other than stainless steel or seamless), n.e.c. in chapter 73",,7306,XV
730630,sous_position,"Iron or non-alloy steel (excluding cast iron); tubes and pipes (not seamless), welded, of circular cross-section, n.e.c. in chapter 73",,7306,XV
730640,sous_position,"Steel, stainless; tubes, pipes and hollow profiles, welded, of circular cross-section, n.e.c. in chapter 73",,7306,XV
730650,sous_position,"Steel, alloy; tubes, pipes and hollow profiles (other than stainless steel or seamless), welded, of circular cross-section, n.e.c. in chapter 73",,7306,XV
730661,sous_position,"Iron or steel (excluding cast iron); tubes, pipes and hollow profiles (not seamless), welded, of square or rectangular cross-section, n.e.c. in chapter 73",,7306,XV
730669,sous_position,"Iron or steel (excluding cast iron); tubes, pipes and hollow profiles (not seamless), n.e.c. in chapter 73, welded, of non-circular cross-section (not square or rectangular cross-section)",,7306,XV
730690,sous_position,"Iron or steel (excluding cast iron); tubes, pipes and hollow profiles (not seamless), n.e.c. in chapter 73",,7306,XV
7307,position,"Tube or pipe fittings (e.g. couplings, elbows, sleeves), of iron or steel",,73,XV
730711,sous_position,"Cast iron; cast fittings, of non-malleable cast iron",,7307,XV
730719,sous_position,"Iron or steel; cast fittings, other than of non-malleable cast iron",,7307,XV
730721,sous_position,"Steel, stainless; tube or pipe fittings, flanges, of stainless steel",,7307,XV
730722,sous_position,"Steel, stainless; tube or pipe fittings, threaded elbows, bends and sleeves",,7307,XV
730723,sous_position,"Steel, stainless; tube or pipe fittings, butt welding fittings",,7307,XV
730729,sous_position,"Steel, stainless; tube or pipe fittings, n.e.c. in item no. 7307.2",,7307,XV
730791,sous_position,"Iron or steel; tube or pipe fittings, flanges, other than stainless steel",,7307,XV
730792,sous_position,"Iron or steel; tube or pipe fittings, threaded elbows, bends and sleeves, other than stainless steel",,7307,XV
730793,sous_position,"Iron or steel; tube or pipe fittings, butt welding fittings, other than stainless steel",,7307,XV
730799,sous_position,"Iron or steel; tube or pipe fittings, n.e.c. in item no. 7307.9, other than stainless steel",,7307,XV
7308,position,"Structures of iron or steel and parts thereof; plates, rods, angles, shapes, sections, tubes and the like, prepared for use in structures",,73,XV
730810,sous_position,"Iron or steel; structures and parts thereof, bridges and bridge-sections",,7308,XV
730820,sous_position,"Iron or steel; structures and parts thereof, towers and lattice masts",,7308,XV
730830,sous_position,"Iron or steel; structures and parts thereof, doors, windows and their frames and thresholds for doors",,7308,XV
730840,sous_position,"Iron or steel; structures and parts thereof, props and similar equipment for scaffolding, shuttering or pit-propping",,7308,XV
730890,sous_position,"Iron or steel; structures and parts thereof, n.e.c. in heading 7308",,7308,XV
7309,position,"Reservoirs, tanks, vats and similar containers; for any material (excluding compressed or liquefied gas), of iron or steel, capacity exceeding 300l, whether or not lined or heat insulated",,73,XV
730900,sous_position,"Reservoirs, tanks, vats and similar containers; for any material (excluding compressed or liquefied gas), of iron or steel, capacity exceeding 300l, whether or not lined or heat insulated",,7309,XV
7310,position,"Tanks, casks, drums, cans, boxes and similar containers, for any material (excluding compressed or liquefied gas), of iron or steel, capacity not exceeding 300l, whether or not lined or heat-insulated",,73,XV
731010,sous_position,"Tanks, casks, drums, cans, boxes and similar containers, for any material (excluding compressed or liquefied gas), 50l or more capacity but not exceeding 300l",,7310,XV
731021,sous_position,"Cans; which are to be closed by soldering or crimping, for any material (excluding compressed or liquefied gas), less than 50l capacity, of iron or steel",,7310,XV
731029,sous_position,"Tanks, casks, drums, boxes and similar containers for any material (excluding compressed or liquefied gas) less than 50l capacity, n.e.c. in item no. 7310.2, of iron or steel",,7310,XV
7311,position,"Containers for compressed or liquefied gas, of iron or steel",,73,XV
731100,sous_position,"Containers for compressed or liquefied gas, of iron or steel",,7311,XV
7312,position,"Stranded wire, ropes, cables, plaited bands, slings and the like, of iron or steel, not electrically insulated",,73,XV
731210,sous_position,"Iron or steel; stranded wire, ropes and cables, not electrically insulated",,7312,XV
731290,sous_position,"Iron or steel; plaited bands, slings and the like, not electrically insulated",,7312,XV
7313,position,"Barbed wire of iron or steel; twisted hoop or single flat wire, barbed or not and loosely twisted double wire, of a kind used for fencing, of iron or steel",,73,XV
731300,sous_position,"Iron of steel; barbed wire, twisted hoop or single flat wire and loosely twisted double wire, used for fencing",,7313,XV
7314,position,"Cloth (including endless bands), grill, netting and fencing, of iron or steel wire; expanded metal of iron or steel",,73,XV
731412,sous_position,"Iron or steel; woven cloth, endless bands for machinery, of stainless steel",,7314,XV
731414,sous_position,"Iron or steel; woven cloth, of stainless steel, (other than endless bands for machinery)",,7314,XV
731419,sous_position,"Iron or steel; woven cloth, other than of stainless steel",,7314,XV
731420,sous_position,"Iron or steel wire; grill, netting and fencing, welded at intersections, of wire with a maximum cross-sectional dimension of 3mm or more and mesh size 100cm2 or more",,7314,XV
731431,sous_position,"Iron or steel wire; grill, netting and fencing, welded at the intersection, n.e.c. in item no. 7314.20, plated or coated with zinc",,7314,XV
731439,sous_position,"Iron or steel wire; grill, netting and fencing, welded at the intersection, n.e.c. in item no. 7314.20, (other than plated or coated with zinc)",,7314,XV
731441,sous_position,"Iron or steel wire; grill, netting and fencing, plated or coated with zinc",,7314,XV
731442,sous_position,"Iron or steel wire; grill, netting and fencing, coated with plastic",,7314,XV
731449,sous_position,"Iron or steel wire; grill, netting and fencing, coated with materials other than zinc or plastic",,7314,XV
731450,sous_position,Iron or steel; expanded metal,,7314,XV
7315,position,"Chain and parts thereof, of iron or steel",,73,XV
731511,sous_position,"Chain; articulated link, roller, of iron or steel",,7315,XV
731512,sous_position,"Chain; articulated link, (other than roller), of iron or steel",,7315,XV
731519,sous_position,"Chain; articulated link parts, of iron or steel",,7315,XV
731520,sous_position,"Chain; skid, articulated link chain and parts thereof, of iron or steel",,7315,XV
731581,sous_position,"Chain; stud-link chain, of iron or steel",,7315,XV
731582,sous_position,"Chain; welded link chain, of iron or steel",,7315,XV
731589,sous_position,"Chain; n.e.c. in heading no. 7315, of iron or steel",,7315,XV
731590,sous_position,"Chain; parts n.e.c. in heading no. 7315, of iron or steel",,7315,XV
7316,position,"Anchors, grapnels and parts thereof, of iron or steel",,73,XV
731600,sous_position,"Iron or steel; anchors, grapnels and parts thereof",,7316,XV
7317,position,"Nails, tacks, drawing pins, corrugated nails, staples (not those of heading no. 8305) and the like, of iron or steel, with heads of other material or not, but excluding articles with heads of copper",,73,XV
731700,sous_position,"Iron or steel; nails, tacks, drawing pins, corrugated nails, staples (not those of heading no. 8305) and the like, with heads of other material or not, but excluding articles with heads of copper",,7317,XV
7318,position,"Screws, bolts, nuts, coach screws, screw hooks, rivets, cotters, cotter-pins, washers (including spring washers) and similar articles, of iron or steel",,73,XV
731811,sous_position,Iron or steel; threaded coach screws,,7318,XV
731812,sous_position,Iron or steel; threaded wood screws other than coach screws,,7318,XV
731813,sous_position,Iron or steel; threaded screw hooks and screw rings,,7318,XV
731814,sous_position,Iron or steel; threaded self-tapping screws,,7318,XV
731815,sous_position,"Iron or steel; threaded screws and bolts n.e.c. in item no. 7318.1, whether or not with their nuts or washers",,7318,XV
731816,sous_position,Iron or steel; threaded nuts,,7318,XV
731819,sous_position,"Iron or steel; threaded screws, bolts and nuts n.e.c. in item no. 7318.1",,7318,XV
731821,sous_position,Iron or steel; non-threaded spring washers and other lock washers,,7318,XV
731822,sous_position,"Iron or steel; non-threaded washers, excluding spring and lock",,7318,XV
731823,sous_position,Iron or steel; non-threaded rivets,,7318,XV
731824,sous_position,Iron or steel; non-threaded cotters and cotter-pins,,7318,XV
731829,sous_position,"Iron or steel; non-threaded articles, n.e.c. in item no. 7318.2",,7318,XV
7319,position,"Sewing and knitting needles, bodkins, crochet hooks, embroidery stilettos and similar articles, for use in the hand, of iron or steel; safety pins and other pins of iron or steel, not elsewhere specified or included",,73,XV
731940,sous_position,Safety pins and other pins; of iron or steel,,7319,XV
731990,sous_position,"Sewing and knitting needles, bodkins, crochet hooks, embroidery stilettos and similar articles, for use in the hand, not elsewhere specified or included, of iron or steel",,7319,XV
7320,position,"Springs and leaves for springs, of iron or steel",,73,XV
732010,sous_position,Iron or steel; leaf-springs and leaves therefor,,7320,XV
732020,sous_position,Iron or steel; helical springs and leaves for springs,,7320,XV
732090,sous_position,Iron or steel; springs n.e.c. in heading no. 7320,,7320,XV
7321,position,"Stoves, ranges, grates, cookers (those with subsidiary boilers for central heating), barbecues, braziers, gas-rings, plate warmers and similar non-electric domestic appliances and parts, of iron or steel",,73,XV
732111,sous_position,"Cooking appliances and plate warmers; for gas fuel or for both gas and other fuels, of iron or steel",,7321,XV
732112,sous_position,"Cooking appliances and plate warmers; for liquid fuel, of iron or steel",,7321,XV
732119,sous_position,"Cooking appliances and plate warmers; for solid fuel and fuels other than gas or liquid, of iron or steel",,7321,XV
732181,sous_position,"Domestic appliances; non-electric, (other than cookers and plate warmers), for gas fuel or for both gas and other fuels, of iron or steel",,7321,XV
732182,sous_position,"Domestic appliances; non-electric, (other than cookers and plate warmers), for liquid fuel, of iron or steel",,7321,XV
732189,sous_position,"Domestic appliances; non-electric, (other than cookers and plate warmers), for solid fuel and fuels other than gas or liquid, of iron or steel",,7321,XV
732190,sous_position,"Domestic appliances; non-electric, parts thereof, of iron or steel",,7321,XV
7322,position,"Radiators for central heating, not electrically heated and parts thereof, of iron or steel; air heaters, hot air distributors not electrically heated, with motor fan or blower",,73,XV
732211,sous_position,"Radiators and parts thereof; for central heating, (not electrically heated), of cast iron",,7322,XV
732219,sous_position,"Radiators and parts thereof; for central heating, (not electrically heated), of iron or steel other than cast iron",,7322,XV
732290,sous_position,"Air heaters and hot air distributors, (not electrically heated), incorporating a motor-driven fan or blower and parts thereof, of iron or steel",,7322,XV
7323,position,"Table, kitchen, other household articles and parts, of iron or steel; iron or steel wool; pot scourers and scouring or polishing pads, gloves and the like, of iron or steel",,73,XV
732310,sous_position,"Iron or steel; wool, pot scourers and scouring or polishing pads, gloves and the like",,7323,XV
732391,sous_position,"Cast iron; table, kitchen and other household articles and parts thereof, of cast iron, not enamelled",,7323,XV
732392,sous_position,"Cast iron; table, kitchen and other household articles and parts thereof, of cast iron, enamelled",,7323,XV
732393,sous_position,"Steel, stainless; table, kitchen and other household articles and parts thereof",,7323,XV
732394,sous_position,"Iron (excluding cast) or steel; table, kitchen and other household articles and parts thereof, enamelled",,7323,XV
732399,sous_position,"Iron or steel; table, kitchen and other household articles and parts thereof, of iron or steel n.e.c. in heading no. 7323",,7323,XV
7324,position,"Sanitary ware and parts thereof, of iron or steel",,73,XV
732410,sous_position,"Steel; sinks and wash basins, of stainless steel",,7324,XV
732421,sous_position,"Cast iron, baths, whether or not enamelled",,7324,XV
732429,sous_position,Iron (other than cast) or steel; baths,,7324,XV
732490,sous_position,"Iron or steel; sanitary ware and parts thereof, excluding sinks, wash basins and baths",,7324,XV
7325,position,Iron or steel; cast articles,,73,XV
732510,sous_position,Iron; articles of non-malleable cast iron,,7325,XV
732591,sous_position,"Iron; grinding balls and similar articles for mills, other than of non-malleable cast iron",,7325,XV
732599,sous_position,"Iron or steel; cast articles, excluding grinding balls and similar articles for mills, other than of non-malleable cast iron",,7325,XV
7326,position,"Iron or steel; articles, n.e.c. in chapter 73",,73,XV
732611,sous_position,"Iron or steel; grinding balls and similar articles for mills, forged or stamped, but not further worked",,7326,XV
732619,sous_position,"Iron or steel; articles n.e.c. in item no. 7326.11, forged or stamped, but not further worked",,7326,XV
732620,sous_position,Iron or steel; wire articles,,7326,XV
732690,sous_position,Iron or steel; articles n.e.c. in heading 7326,,7326,XV
74,chapitre,Copper and articles thereof,,TOTAL,XV
7401,position,Copper mattes; cement copper (precipitated copper),,74,XV
740100,sous_position,Copper mattes; cement copper (precipitated copper),,7401,XV
7402,position,"Copper; unrefined, copper anodes for electrolytic refining",,74,XV
740200,sous_position,"Copper; unrefined, copper anodes for electrolytic refining",,7402,XV
7403,position,"Copper; refined and copper alloys, unwrought",,74,XV
740311,sous_position,"Copper; refined, unwrought, cathodes and sections of cathodes",,7403,XV
740312,sous_position,"Copper; refined, unwrought, wire-bars",,7403,XV
740313,sous_position,"Copper; refined, unwrought, billets",,7403,XV
740319,sous_position,"Copper; refined, unwrought, n.e.c. in item no. 7403.1",,7403,XV
740321,sous_position,Copper; copper-zinc base alloys (brass) unwrought,,7403,XV
740322,sous_position,Copper; copper-tin base alloys (bronze) unwrought,,7403,XV
740329,sous_position,Copper; copper alloys n.e.c. in heading no. 7403 (other than master alloys of heading no. 7405),,7403,XV
7404,position,Copper; waste and scrap,,74,XV
740400,sous_position,Copper; waste and scrap,,7404,XV
7405,position,Copper; master alloys,,74,XV
740500,sous_position,Copper; master alloys of copper,,7405,XV
7406,position,Copper; powders and flakes,,74,XV
740610,sous_position,Copper; powders of non-lamellar structure,,7406,XV
740620,sous_position,"Copper; powders of lamellar structure, flakes",,7406,XV
7407,position,"Copper; bars, rods and profiles",,74,XV
740710,sous_position,"Copper; bars, rods and profiles, of refined copper",,7407,XV
740721,sous_position,"Copper; bars, rods and profiles, of copper-zinc base alloys (brass)",,7407,XV
740729,sous_position,"Copper; bars, rods and profiles, of copper alloys (other than copper-zinc base alloys)",,7407,XV
7408,position,Copper wire,,74,XV
740811,sous_position,"Copper; wire, of refined copper, of which the maximum cross-sectional dimension exceeds 6mm",,7408,XV
740819,sous_position,"Copper; wire, of refined copper, of which the maximum cross-sectional dimension is 6mm or less",,7408,XV
740821,sous_position,"Copper; wire, of copper-zinc base alloys (brass)",,7408,XV
740822,sous_position,"Copper; wire, of copper-nickel base alloys (cupro-nickel) or copper-nickel-zinc base alloys (nickel silver)",,7408,XV
740829,sous_position,"Copper; wire, of copper alloys (other than copper-zinc base alloys, copper-nickel base alloys or copper-nickel-zinc base alloys)",,7408,XV
7409,position,"Copper plates, sheets and strip; of a thickness exceeding 0.15mm",,74,XV
740911,sous_position,"Copper; strip, of a thickness exceeding 0.15mm, of refined copper, in coils",,7409,XV
740919,sous_position,"Copper; plates and sheets, of a thickness exceeding 0.15mm, of refined copper, not in coils",,7409,XV
740921,sous_position,"Copper; strip, of a thickness exceeding 0.15mm, of copper-zinc base alloys (brass), in coils",,7409,XV
740929,sous_position,"Copper; plates and sheets, of a thickness exceeding 0.15mm, of copper-zinc base alloys (brass), not in coils",,7409,XV
740931,sous_position,"Copper; strip, of a thickness exceeding 0.15mm, of copper-tin base alloys (bronze), in coils",,7409,XV
740939,sous_position,"Copper; plates and sheets, of a thickness exceeding 0.15mm, of copper-tin base alloys, not in coils",,7409,XV
740940,sous_position,"Copper; plates, sheets and strip, of a thickness exceeding 0.15mm, of copper-nickel base alloys (cupro-nickel) or copper-nickel-zinc base alloys (nickel silver)",,7409,XV
740990,sous_position,"Copper; plates, sheets and strip, of a thickness exceeding 0.15mm, of copper alloys (other than copper-zinc base alloys, copper-tin base alloys, copper-nickel base alloys or copper-nickel-zinc base alloys)",,7409,XV
7410,position,"Copper foil (whether or not printed or backed with paper, paperboard, plastics or similar backing materials) of a thickness (excluding any backing) not exceeding 0.15mm",,74,XV
741011,sous_position,"Copper; foil, not backed, of a thickness not exceeding 0.15mm, of refined copper",,7410,XV
741012,sous_position,"Copper; foil, not backed, of a thickness not exceeding 0.15mm, of copper alloys",,7410,XV
741021,sous_position,"Copper; foil, backed with paper, paperboard, plastics or similar backing material, of a thickness (excluding any backing) not exceeding 0.15mm, of refined copper",,7410,XV
741022,sous_position,"Copper; foil, backed with paper, paperboard, plastics or similar backing material, of a thickness (excluding any backing) not exceeding 0.15mm, of copper alloys",,7410,XV
7411,position,Copper tubes and pipes,,74,XV
741110,sous_position,"Copper; tubes and pipes, of refined copper",,7411,XV
741121,sous_position,"Copper; tubes and pipes, of copper-zinc base alloys (brass)",,7411,XV
741122,sous_position,"Copper; tubes and pipes, of copper-nickel base alloys (cupro-nickel) or copper-nickel-zinc base alloys (nickel silver)",,7411,XV
741129,sous_position,"Copper; tubes and pipes, of copper alloys (other than copper-zinc, copper-nickel base alloys (cupro-nickel) or copper-nickel-zinc base alloys (nickel-silver))",,7411,XV
7412,position,"Copper; tube or pipe fittings (e.g. couplings, elbows, sleeves)",,74,XV
741210,sous_position,"Copper; tube or pipe fittings (e.g. couplings, elbows, sleeves) of refined copper",,7412,XV
741220,sous_position,"Copper; tube or pipe fittings (e.g. couplings, elbows, sleeves) of copper alloys",,7412,XV
7413,position,"Copper; stranded wire, cables, plaited bands and the like, not electrically insulated",,74,XV
741300,sous_position,"Copper; stranded wire, cables, plaited bands and the like, not electrically insulated",,7413,XV
7415,position,"Copper, nails, tacks, drawing pins, staples (not those of heading no. 8305) and the like, of copper or iron or steel with heads of copper; screws bolts, nuts, screws hooks, rivets, cotters, washers",,74,XV
741510,sous_position,"Copper; nails and tacks, drawing pins, staples and similar articles of copper, or of iron or steel with copper heads",,7415,XV
741521,sous_position,"Copper; washers, (including spring washers), not threaded",,7415,XV
741529,sous_position,"Copper; rivets, cotters, cotter-pins and similar articles, not threaded",,7415,XV
741533,sous_position,"Copper; screws, bolts and nuts, threaded",,7415,XV
741539,sous_position,Copper; articles n.e.c. in heading no. 7415,,7415,XV
7418,position,"Copper; table, kitchen or other household articles and parts thereof; pot scourers, scouring, polishing pads, gloves and the like; sanitary ware and parts thereof",,74,XV
741810,sous_position,"Copper; table, kitchen or other household articles and parts thereof; pot scourers and scouring or polishing pads, gloves and the like",,7418,XV
741820,sous_position,Copper; sanitary ware and parts thereof,,7418,XV
7419,position,Copper; articles thereof n.e.c. in chapter 74,,74,XV
741920,sous_position,"Copper; cast, moulded, stamped or forged, but not further worked",,7419,XV
741980,sous_position,Copper; articles thereof n.e.c. in chapter 74,,7419,XV
75,chapitre,Nickel and articles thereof,,TOTAL,XV
7501,position,Nickel mattes; nickel oxide sinters and other intermediate products of nickel metallurgy,,75,XV
750110,sous_position,Nickel; nickel mattes,,7501,XV
750120,sous_position,Nickel; oxide sinters and other intermediate products of nickel metallurgy,,7501,XV
7502,position,Nickel; unwrought,,75,XV
750210,sous_position,"Nickel; unwrought, not alloyed",,7502,XV
750220,sous_position,"Nickel; unwrought, alloys",,7502,XV
7503,position,Nickel; waste and scrap,,75,XV
750300,sous_position,Nickel; waste and scrap,,7503,XV
7504,position,Nickel; powders and flakes,,75,XV
750400,sous_position,Nickel; powders and flakes,,7504,XV
7505,position,"Nickel; bars, rods, profiles and wire",,75,XV
750511,sous_position,"Nickel; bars, rods and profiles, not alloyed",,7505,XV
750512,sous_position,"Nickel; bars, rods and profiles, of nickel alloys",,7505,XV
750521,sous_position,"Nickel; wire, not alloyed",,7505,XV
750522,sous_position,"Nickel; wire, of nickel alloys",,7505,XV
7506,position,"Nickel; plates, sheets, strip and foil",,75,XV
750610,sous_position,"Nickel; plates, sheets, strip and foil, not alloyed",,7506,XV
750620,sous_position,"Nickel; plates, sheets, strip and foil, of nickel alloys",,7506,XV
7507,position,"Nickel; tubes, pipes and tube or pipe fittings (e.g. couplings, elbows, sleeves)",,75,XV
750711,sous_position,"Nickel; tubes and pipes, not alloyed",,7507,XV
750712,sous_position,"Nickel; tubes and pipes, of nickel alloys",,7507,XV
750720,sous_position,Nickel; tube and pipe fittings,,7507,XV
7508,position,Nickel; articles thereof n.e.c. in chapter 75,,75,XV
750810,sous_position,"Nickel; cloth, grill and netting, of nickel wire",,7508,XV
750890,sous_position,Nickel; articles thereof n.e.c. in item no. 7508.1,,7508,XV
76,chapitre,Aluminium and articles thereof,,TOTAL,XV
7601,position,Aluminium; unwrought,,76,XV
760110,sous_position,"Aluminium; unwrought, (not alloyed)",,7601,XV
760120,sous_position,"Aluminium; unwrought, alloys",,7601,XV
7602,position,Aluminium; waste and scrap,,76,XV
760200,sous_position,Aluminium; waste and scrap,,7602,XV
7603,position,Aluminium; powders and flakes,,76,XV
760310,sous_position,Aluminium; powders of non-lamellar structure,,7603,XV
760320,sous_position,"Aluminium; powders of lamellar structure, flakes",,7603,XV
7604,position,"Aluminium; bars, rods and profiles",,76,XV
760410,sous_position,"Aluminium; (not alloyed), bars, rods and profiles",,7604,XV
760421,sous_position,"Aluminium; alloys, hollow profiles",,7604,XV
760429,sous_position,"Aluminium; alloys, bars, rods and profiles, other than hollow",,7604,XV
7605,position,Aluminium wire,,76,XV
760511,sous_position,"Aluminium; (not alloyed), wire, maximum cross-sectional dimension exceeds 7mm",,7605,XV
760519,sous_position,"Aluminium; (not alloyed), wire, maximum cross-sectional dimension is 7mm or less",,7605,XV
760521,sous_position,"Aluminium; alloys, wire, maximum cross-sectional dimension exceeding 7mm",,7605,XV
760529,sous_position,"Aluminium; alloys, wire, maximum cross-sectional dimension is 7mm or less",,7605,XV
7606,position,"Aluminium; plates, sheets and strip, thickness exceeding 0.2mm",,76,XV
760611,sous_position,"Aluminium; plates, sheets and strip, thickness exceeding 0.2mm, (not alloyed), rectangular (including square)",,7606,XV
760612,sous_position,"Aluminium; plates, sheets and strip, thickness exceeding 0.2mm, alloys, rectangular (including square)",,7606,XV
760691,sous_position,"Aluminium; plates, sheets and strip, thickness exceeding 0.2mm, not alloyed, (not rectangular or square)",,7606,XV
760692,sous_position,"Aluminium; plates, sheets and strip, thickness exceeding 0.2mm, alloys, (not rectangular or square)",,7606,XV
7607,position,"Aluminium foil (whether or not printed or backed with paper, paperboard, plastics or similar backing materials) of a thickness (excluding any backing) not exceeding 0.2mm",,76,XV
760711,sous_position,"Aluminium; foil, (not backed), rolled (but not further worked), of a thickness not exceeding 0.2mm",,7607,XV
760719,sous_position,"Aluminium; foil, (not backed), of a thickness not exceeding 0.2mm, not rolled",,7607,XV
760720,sous_position,"Aluminium; foil, backed with paper, paperboard, plastics or similar backing materials, of a thickness (excluding any backing) not exceeding 0.2mm",,7607,XV
7608,position,Aluminium; tubes and pipes,,76,XV
760810,sous_position,"Aluminium; tubes and pipes, not alloyed",,7608,XV
760820,sous_position,"Aluminium; tubes and pipes, alloys",,7608,XV
7609,position,"Aluminium; tube or pipe fittings (e.g. couplings, elbows, sleeves)",,76,XV
760900,sous_position,"Aluminium; tube or pipe fittings (e.g. couplings, elbows, sleeves)",,7609,XV
7610,position,"Aluminium; structures (excluding prefabricated buildings of heading no. 9406) and parts (e.g. bridges and sections, towers, lattice masts, etc) plates, rods, profiles and tubes for structures",,76,XV
761010,sous_position,"Aluminium; structures (excluding prefabricated buildings of heading no. 9406) and parts of structures, doors, windows and their frames and thresholds for doors",,7610,XV
761090,sous_position,"Aluminium; structures (excluding prefabricated buildings of heading no. 9406) and parts of structures, n.e.c. in heading no. 7610, plates, rods, profiles, tubes and the like",,7610,XV
7611,position,"Aluminium; reservoirs, tanks, vats and the like for material (not compressed or liquefied gas) of capacity over 300l, whether or not lined, heat-insulated, not fitted with mechanical, thermal equipment",,76,XV
761100,sous_position,"Aluminium; reservoirs, tanks, vats and similar containers, for material (not compressed or liquefied gas), of a capacity over 300l, whether or not lined, not fitted with mechanical/thermal equipment",,7611,XV
7612,position,"Aluminium casks, drums, cans, boxes etc (including rigid, collapsible tubular containers), for materials other than compressed, liquefied gas, 300l capacity or less, lined, heat-insulated or not",,76,XV
761210,sous_position,"Aluminium; collapsible tubular containers, for any material, (not compressed or liquefied gas), 300l capacity or less, whether or not lined, not fitted with mechanical/thermal equipment",,7612,XV
761290,sous_position,"Aluminium; casks, drums, cans, boxes and the like for any material (not compressed or liquefied gas), 300l capacity or less, whether or not lined or heat-insulated, no mechanical or thermal equipment",,7612,XV
7613,position,Aluminium; containers for compressed or liquefied gas,,76,XV
761300,sous_position,Aluminium; containers for compressed or liquefied gas,,7613,XV
7614,position,"Aluminium; stranded wire, cables, plaited bands and the like, (not electrically insulated)",,76,XV
761410,sous_position,"Aluminium; stranded wire, cables, plaited bands and the like, (not electrically insulated), with steel core",,7614,XV
761490,sous_position,"Aluminium; stranded wire, cables, plaited bands and the like, (not electrically insulated), other than steel core",,7614,XV
7615,position,"Aluminium; table, kitchen or other household articles and parts thereof, pot scourers and scouring or polishing pads, gloves and the like, sanitary ware and parts thereof",,76,XV
761510,sous_position,"Aluminium; table, kitchen or other household articles and parts thereof; pot scourers and scouring or polishing pads, gloves and the like",,7615,XV
761520,sous_position,Aluminium; sanitary ware and parts thereof,,7615,XV
7616,position,Aluminium; articles n.e.c. in chapter 76,,76,XV
761610,sous_position,"Aluminium; nails, tacks, staples (other than those of heading no. 8305), screws, bolts, nuts, screw hooks, rivets, cotters, cotter-pins, washers and similar articles",,7616,XV
761691,sous_position,"Aluminium; cloth, grill, netting and fencing, of aluminium wire",,7616,XV
761699,sous_position,Aluminium; articles n.e.c. in heading 7616,,7616,XV
78,chapitre,Lead and articles thereof,,TOTAL,XV
7801,position,Lead; unwrought,,78,XV
780110,sous_position,"Lead; unwrought, refined",,7801,XV
780191,sous_position,"Lead; unwrought, unrefined, containing by weight antimony as the principal other element",,7801,XV
780199,sous_position,"Lead; unwrought, unrefined, not containing by weight antimony as the principal other element",,7801,XV
7802,position,Lead; waste and scrap,,78,XV
780200,sous_position,Lead; waste and scrap,,7802,XV
7804,position,"Lead; plates, sheets, strip and foil, lead powders and flakes",,78,XV
780411,sous_position,"Lead; sheets, strip and foil, of a thickness (excluding any backing) not exceeding 0.2mm",,7804,XV
780419,sous_position,"Lead; plates, sheets, strip and foil, of a thickness (excluding any backing) exceeding 0.2mm",,7804,XV
780420,sous_position,Lead; powders and flakes,,7804,XV
7806,position,Lead; articles n.e.c. in chapter 78,,78,XV
780600,sous_position,Lead; articles n.e.c. in chapter 78,,7806,XV
79,chapitre,Zinc and articles thereof,,TOTAL,XV
7901,position,Zinc; unwrought,,79,XV
790111,sous_position,"Zinc; unwrought, (not alloyed), containing by weight 99.99% or more of zinc",,7901,XV
790112,sous_position,"Zinc; unwrought, (not alloyed), containing by weight less than 99.99% of zinc",,7901,XV
790120,sous_position,"Zinc; unwrought, alloys",,7901,XV
7902,position,Zinc; waste and scrap,,79,XV
790200,sous_position,Zinc; waste and scrap,,7902,XV
7903,position,"Zinc; dust, powders and flakes",,79,XV
790310,sous_position,Zinc dust,,7903,XV
790390,sous_position,Zinc; powders and flakes,,7903,XV
7904,position,"Zinc; bars, rods, profiles and wire",,79,XV
790400,sous_position,"Zinc; bars, rods, profiles and wire",,7904,XV
7905,position,"Zinc; plates, sheets, strip and foil",,79,XV
790500,sous_position,"Zinc; plates, sheets, strip and foil",,7905,XV
7907,position,Zinc; articles n.e.c. in chapter 79,,79,XV
790700,sous_position,Zinc; articles n.e.c. in chapter 79,,7907,XV
80,chapitre,Tin; articles thereof,,TOTAL,XV
8001,position,Tin; unwrought,,80,XV
800110,sous_position,"Tin; unwrought, not alloyed",,8001,XV
800120,sous_position,"Tin; unwrought, alloys",,8001,XV
8002,position,Tin; waste and scrap,,80,XV
800200,sous_position,Tin; waste and scrap,,8002,XV
8003,position,"Tin; bars, rods, profiles and wire",,80,XV
800300,sous_position,"Tin; bars, rods, profiles and wire",,8003,XV
8007,position,Tin; articles n.e.c. in chapter 80,,80,XV
800700,sous_position,Tin; articles n.e.c. in chapter 80,,8007,XV
81,chapitre,"Metals; n.e.c., cermets and articles thereof",,TOTAL,XV
8101,position,"Tungsten (wolfram); articles thereof, including waste and scrap",,81,XV
810110,sous_position,"Tungsten (wolfram); articles thereof, including waste and scrap, powders",,8101,XV
810194,sous_position,"Tungsten (wolfram); unwrought, including bars and rods obtained simply by sintering",,8101,XV
810196,sous_position,Tungsten (wolfram); wire,,8101,XV
810197,sous_position,Tungsten (wolfram); waste and scrap,,8101,XV
810199,sous_position,Tungsten (wolfram); articles n.e.c. in heading no. 8101,,8101,XV
8102,position,"Molybdenum; articles thereof, including waste and scrap",,81,XV
810210,sous_position,"Molybdenum; articles thereof, including waste and scrap, powders",,8102,XV
810294,sous_position,"Molybdenum; unwrought, including bars and rods obtained simply by sintering",,8102,XV
810295,sous_position,"Molybdenum; bars and rods, other than those obtained simply by sintering, profiles, plates, sheets, strip and foil",,8102,XV
810296,sous_position,Molybdenum; wire,,8102,XV
810297,sous_position,Molybdenum; waste and scrap,,8102,XV
810299,sous_position,Molybdenum; articles n.e.c. in heading no. 8102,,8102,XV
8103,position,"Tantalum; articles thereof, including waste and scrap",,81,XV
810320,sous_position,"Tantalum; unwrought, including bars and rods obtained simply by sintering, powders",,8103,XV
810330,sous_position,Tantalum; waste and scrap,,8103,XV
810391,sous_position,Tantalum; crucibles,,8103,XV
810399,sous_position,Tantalum; articles n.e.c. in heading no. 8103,,8103,XV
8104,position,"Magnesium; articles thereof, including waste and scrap",,81,XV
810411,sous_position,"Magnesium; unwrought, containing at least 99.8% by weight of magnesium",,8104,XV
810419,sous_position,"Magnesium; unwrought, containing less than 99.8% by weight of magnesium",,8104,XV
810420,sous_position,Magnesium; waste and scrap,,8104,XV
810430,sous_position,"Magnesium; raspings, turnings and granules, graded according to size, powders",,8104,XV
810490,sous_position,Magnesium; articles n.e.c. in heading no. 8104,,8104,XV
8105,position,"Cobalt; mattes and other intermediate products of cobalt metallurgy, cobalt and articles thereof, including waste and scrap",,81,XV
810520,sous_position,"Cobalt; mattes and other intermediate products of cobalt metallurgy, unwrought cobalt, powders",,8105,XV
810530,sous_position,Cobalt; waste and scrap,,8105,XV
810590,sous_position,Cobalt; articles n.e.c. in heading no. 8105,,8105,XV
8106,position,"Bismuth; articles thereof, including waste and scrap",,81,XV
810610,sous_position,"Bismuth; articles thereof, including waste and scrap, containing more than 99.99% of bismuth, by weight",,8106,XV
810690,sous_position,"Bismuth; including articles n.e.c. in heading 8106, including waste and scrap, containing less than or equal to 99.99% of bismuth, by weight",,8106,XV
8108,position,"Titanium; articles thereof, including waste and scrap",,81,XV
810820,sous_position,"Titanium; unwrought, powders",,8108,XV
810830,sous_position,Titanium; waste and scrap,,8108,XV
810890,sous_position,"Titanium; other than unwrought, n.e.c. in heading no. 8108",,8108,XV
8109,position,"Zirconium; articles thereof, including waste and scrap",,81,XV
810921,sous_position,"Zirconium; unwrought, powders, containing less than 1 part hafnium to 500 parts zirconium by weight",,8109,XV
810929,sous_position,"Zirconium; unwrought, powders, containing not less than 1 part hafnium to 500 parts zirconium by weight",,8109,XV
810931,sous_position,"Zirconium; waste and scrap, containing less than 1 part hafnium to 500 parts zirconium by weight",,8109,XV
810939,sous_position,"Zirconium; waste and scrap, containing not less than 1 part hafnium to 500 parts zirconium by weight",,8109,XV
810991,sous_position,"Zirconium; other than unwrought, n.e.c. in heading no. 8109, containing less than 1 part hafnium to 500 parts zirconium by weight",,8109,XV
810999,sous_position,"Zirconium; other than unwrought, n.e.c. in heading no. 8109, containing not less than 1 part hafnium to 500 parts zirconium by weight",,8109,XV
8110,position,"Antimony; articles thereof, including waste and scrap",,81,XV
811010,sous_position,"Antimony and articles thereof; unwrought antimony, powders",,8110,XV
811020,sous_position,Antimony; waste and scrap,,8110,XV
811090,sous_position,"Antimony and articles thereof; wrought, other than waste and scrap",,8110,XV
8111,position,"Manganese; articles thereof, including waste and scrap",,81,XV
811100,sous_position,"Manganese; articles thereof, including waste and scrap",,8111,XV
8112,position,"Beryllium, chromium, hafnium, rhenium, thallium, cadmium, germanium, vanadium, gallium, indium and niobium (columbium), articles of these metals, including waste and scrap",,81,XV
811212,sous_position,"Beryllium and articles thereof; unwrought beryllium, powders",,8112,XV
811213,sous_position,Beryllium; waste and scrap,,8112,XV
811219,sous_position,Beryllium and articles thereof; wrought other than waste and scrap,,8112,XV
811221,sous_position,"Chromium and articles thereof; unwrought chromium, powders",,8112,XV
811222,sous_position,Chromium; waste and scrap,,8112,XV
811229,sous_position,Chromium and articles thereof; wrought other than waste and scrap,,8112,XV
811231,sous_position,"Hafnium and articles thereof; unwrought, powders, waste and scrap",,8112,XV
811239,sous_position,"Hafnium and articles thereof; wrought, other than powders, waste and scrap",,8112,XV
811241,sous_position,"Rhenium and articles thereof; unwrought, powders, waste and scrap",,8112,XV
811249,sous_position,"Rhenium and articles thereof; wrought, other than powders, waste and scrap",,8112,XV
811251,sous_position,"Thallium and articles thereof; unwrought thallium, powders",,8112,XV
811252,sous_position,Thallium; waste and scrap,,8112,XV
811259,sous_position,"Thallium and articles thereof; other than unwrought thallium, powders or waste and scrap",,8112,XV
811261,sous_position,Cadmium; waste and scrap,,8112,XV
811269,sous_position,Cadmium; other than waste and scrap,,8112,XV
811292,sous_position,"Gallium, germanium, indium, niobium (columbium) and vanadium; articles thereof, unwrought, including waste and scrap, powders",,8112,XV
811299,sous_position,"Gallium, germanium, indium, niobium (columbium) and vanadium; articles thereof, other than unwrought including waste and scrap and powders",,8112,XV
8113,position,"Cermets; articles thereof, including waste and scrap",,81,XV
811300,sous_position,"Cermets; articles thereof, including waste and scrap",,8113,XV
82,chapitre,"Tools, implements, cutlery, spoons and forks, of base metal; parts thereof, of base metal",,TOTAL,XV
8201,position,"Tools, hand; spades, shovels, mattocks, picks, hoes, forks, rakes; axes, bill hooks etc; secateurs and pruners of any kind; scythes, sickles, hay knives, hedge shears, timber wedges and other tools used in agriculture, horticulture, forestry",,82,XV
820110,sous_position,"Tools, hand; spades and shovels",,8201,XV
820130,sous_position,"Tools, hand; mattocks, picks, hoes and rakes",,8201,XV
820140,sous_position,"Tools, hand; axes, bill hooks and similar hewing tools, of a kind used in agriculture, horticulture or forestry",,8201,XV
820150,sous_position,"Tools, hand; one-handed secateurs (including poultry shears)",,8201,XV
820160,sous_position,"Tools, hand; hedge shears, two-handed pruning shears and similar two-handed shears",,8201,XV
820190,sous_position,"Tools, hand; forks, scythes, sickles, hay knives, timber wedges, and other hand tools of a kind used in agriculture, horticulture or forestry n.e.c. in heading 8201",,8201,XV
8202,position,"Tools, hand; saws and blades for saws of all kinds (including slitting, slotting or toothless saw blades)",,82,XV
820210,sous_position,"Tools, hand; hand saws",,8202,XV
820220,sous_position,"Tools, hand; band saw blades",,8202,XV
820231,sous_position,"Tools, hand; circular saw blades (including slitting or slotting saw blades), with working part of steel",,8202,XV
820239,sous_position,"Tools, hand; circular saw blades (including slitting or slotting saw blades), with working part of materials (other than steel)",,8202,XV
820240,sous_position,"Tools, hand; chain saw blades",,8202,XV
820291,sous_position,"Tools, hand; straight saw blades, for working metal",,8202,XV
820299,sous_position,"Tools, hand; saw blades n.e.c. in heading no. 8202",,8202,XV
8203,position,"Tools, hand; files, rasps, pliers (including cutting pliers), pincers, tweezers, metal cutting shears, pipe cutters, bolt croppers, perforating punches and similar",,82,XV
820310,sous_position,"Tools, hand; files, rasps and similar tools",,8203,XV
820320,sous_position,"Tools, hand; pliers (including cutting pliers), pincers, tweezers and similar tools",,8203,XV
820330,sous_position,"Tools, hand; metal cutting shears and similar tools",,8203,XV
820340,sous_position,"Tools, hand; pipe-cutters, bolt croppers, perforating punches and similar tools",,8203,XV
8204,position,"Tools, hand; hand-operated spanners and wrenches (including torque meter wrenches but not including tap wrenches), interchangeable spanner sockets, with or without handles",,82,XV
820411,sous_position,"Tools, hand; hand-operated spanners and wrenches (including torque meter wrenches but not including tap wrenches), non-adjustable",,8204,XV
820412,sous_position,"Tools, hand; hand-operated spanners and wrenches (including torque meter wrenches but not including tap wrenches), adjustable",,8204,XV
820420,sous_position,"Tools, hand; interchangeable spanner sockets, with or without handles",,8204,XV
8205,position,"Tools, hand; (including glaziers' diamonds) n.e.c.; blow lamps; vices, clamps etc, other than accessories for and parts of, machine-tools or water-jet cutting machines; anvils; portable forges; hand or pedal operated grinding wheels with frameworks",,82,XV
820510,sous_position,"Tools, hand; drilling, threading or tapping tools",,8205,XV
820520,sous_position,"Tools, hand; hammers and sledge hammers",,8205,XV
820530,sous_position,"Tools, hand; planes, chisels, gauges and similar cutting tools for working wood",,8205,XV
820540,sous_position,"Tools, hand; screwdrivers",,8205,XV
820551,sous_position,"Tools, hand; household tools",,8205,XV
820559,sous_position,"Tools, hand; other hand tools (including glaziers diamonds), excluding household tools, drilling, threading or tapping tools, hammers and sledge hammers, planes, chisels, gouges and similar cutting tools for working wood, and screwdrivers",,8205,XV
820560,sous_position,"Tools, hand; blow lamps",,8205,XV
820570,sous_position,"Tools, hand; vices, clamps and the like",,8205,XV
820590,sous_position,"Tools, hand; n.e.c. in heading 8205, including anvils, portable forges, hand or pedal-operated grinding wheels with frameworks, and sets of articles of two or more of the subheadings in heading 8205",,8205,XV
8206,position,"Tools, hand; two or more of heading no. 8202 to 8205, put up in sets for retail sale",,82,XV
820600,sous_position,"Tools, hand; two or more of heading no. 8202 to 8205, put up in sets for retail sale",,8206,XV
8207,position,"Tools, interchangeable; for hand tools, whether or not power-operated, or for machine tools (pressing, stamping, punching, drilling etc), including dies for drawing or extruding metal, and rock drilling or earth boring tools",,82,XV
820713,sous_position,"Tools, interchangeable; rock drilling or earth boring tools, with working part of cermets, whether or not power operated",,8207,XV
820719,sous_position,"Tools, interchangeable; rock drilling or earth boring tools, with working part (other than of cermets), whether or not power operated, including parts",,8207,XV
820720,sous_position,"Tools, interchangeable; (for machine or hand tools, whether or not power-operated), dies for drawing or extruding metal",,8207,XV
820730,sous_position,"Tools, interchangeable; (for machine or hand tools, whether or not power-operated), tools for pressing, stamping or punching",,8207,XV
820740,sous_position,"Tools, interchangeable; (for machine or hand tools, whether or not power-operated), tools for tapping or threading",,8207,XV
820750,sous_position,"Tools, interchangeable; (for machine or hand tools, whether or not power-operated), tools for drilling (other than rock)",,8207,XV
820760,sous_position,"Tools, interchangeable; (for machine or hand tools, whether or not power-operated), for boring or broaching",,8207,XV
820770,sous_position,"Tools, interchangeable; (for machine or hand tools, whether or not power-operated), for milling",,8207,XV
820780,sous_position,"Tools, interchangeable; (for machine or hand tools, whether or not power-operated), for turning",,8207,XV
820790,sous_position,"Tools, interchangeable; (for machine or hand tools, whether or not power-operated), for screw-driving or uses n.e.c. in heading no. 8207",,8207,XV
8208,position,"Knives and cutting blades, for machines or for mechanical appliances",,82,XV
820810,sous_position,"Tools; knives and cutting blades, for machines or for mechanical appliances, for metal working",,8208,XV
820820,sous_position,"Tools; knives and cutting blades, for wood working machines or mechanical appliances",,8208,XV
820830,sous_position,"Tools; knives and cutting blades, for kitchen appliances or for machines used by the food industry",,8208,XV
820840,sous_position,"Tools; knives and cutting blades, for agricultural, horticultural or forestry machines or mechanical appliances",,8208,XV
820890,sous_position,"Tools; knives and cutting blades, for machines or mechanical appliances, n.e.c. in heading no. 8208",,8208,XV
8209,position,"Tools; plates, sticks, tips and the like for tools, unmounted, of sintered metal carbides or cermets",,82,XV
820900,sous_position,"Tools; plates, sticks, tips and the like for tools, unmounted, of sintered metal carbides or cermets",,8209,XV
8210,position,"Tools; hand-operated mechanical appliances, weighing 10kg or less, used in the preparation, conditioning or serving of food or drink",,82,XV
821000,sous_position,"Tools; hand-operated mechanical appliances, weighing 10kg or less, used in the preparation, conditioning or serving of food or drink",,8210,XV
8211,position,"Knives; with cutting blades, serrated or not (including pruning knives), other than knives of heading no. 8208, and blades therefore",,82,XV
821110,sous_position,"Knives; with cutting blades, serrated or not (including pruning knives), sets of assorted articles, excluding knives and blades of heading no. 8208",,8211,XV
821191,sous_position,"Knives; table knives, having fixed cutting blades, serrated or not, excluding knives and blades of heading no. 8208",,8211,XV
821192,sous_position,"Knives; having fixed cutting blades, (other than table knives), serrated or not, excluding knives and blades of heading no. 8208",,8211,XV
821193,sous_position,"Knives; with cutting blades, (having other than fixed blades), serrated or not, excluding knives and blades of heading no. 8208",,8211,XV
821194,sous_position,"Blades; cutting, serrated or not, excluding those of heading no. 8208",,8211,XV
821195,sous_position,Knives; with handles of base metal,,8211,XV
8212,position,Razors and razor blades; (including razor blade blanks in strips),,82,XV
821210,sous_position,Razors,,8212,XV
821220,sous_position,"Razors; safety razor blades, including razor blade blanks in strips",,8212,XV
821290,sous_position,Razors; parts n.e.c. in heading no. 8212,,8212,XV
8213,position,"Scissors; tailors' shears and similar shears, and blades therefore",,82,XV
821300,sous_position,"Scissors; tailors' shears, similar shears and blades therefore",,8213,XV
8214,position,"Cutlery; other articles, (e.g. hair clippers, butchers' or kitchen cleavers, choppers and mincing knives, paper knives), manicure or pedicure sets and instruments (including nail files)",,82,XV
821410,sous_position,"Cutlery; paper knives, letter openers, erasing knives, pencil sharpeners and blades therefore",,8214,XV
821420,sous_position,Manicure or pedicure sets and instruments; (including nail files),,8214,XV
821490,sous_position,Cutlery; hair clippers and mincing knives,,8214,XV
8215,position,"Cutlery; spoons, forks, ladles, skimmers, cake-servers, fish-knives, butter knives, sugar tongs and similar kitchen or tableware",,82,XV
821510,sous_position,"Cutlery; sets of assorted articles (e.g. spoons, forks, ladles, skimmers, cake-servers, fish-knives, butter-knives, sugar tongs and similar), with at least one article plated with precious metal",,8215,XV
821520,sous_position,"Cutlery; sets of assorted articles (e.g. spoons, forks, ladles, skimmers, cake-servers, fish-knives, butter knives, sugar tongs and similar), not plated with precious metal",,8215,XV
821591,sous_position,"Cutlery; (e.g. spoons, forks, ladles, skimmers, cake-servers, fish-knives, butter-knives, sugar tongs and similar), plated with precious metal, not in sets",,8215,XV
821599,sous_position,Cutlery; other than plated with precious metal,,8215,XV
83,chapitre,Metal; miscellaneous products of base metal,,TOTAL,XV
8301,position,"Padlocks and locks (key, combination, electrically operated) of base metal; clasps and frames with clasps incorporating locks, of base metal, keys for any or the foregoing articles, of base metal",,83,XV
830110,sous_position,"Padlocks; (key, combination or electrically operated), of base metal",,8301,XV
830120,sous_position,"Locks; of a kind used for motor vehicles (key, combination or electrically operated), of base metal",,8301,XV
830130,sous_position,"Locks; of a kind used for furniture (key, combination or electrically operated), of base metal",,8301,XV
830140,sous_position,"Locks; (other than those for motor vehicles or furniture), (key, combination or electrically operated), of base metal",,8301,XV
830150,sous_position,"Clasps and frames with clasps; incorporating locks, of base metal",,8301,XV
830160,sous_position,"Locks; parts of padlocks, locks, clasps and frames with clasps incorporating locks, of base metal",,8301,XV
830170,sous_position,"Keys; presented separately, of base metal",,8301,XV
8302,position,"Base metal mountings, fittings and similar articles for furniture, doors, staircases, windows, trunks, chests etc, castors with mountings of base metal, automatic door closers of base metal",,83,XV
830210,sous_position,"Hinges; suitable for furniture, doors, staircases, windows, blinds, coachwork, saddlery, trunks, chests, caskets or the like, of base metal",,8302,XV
830220,sous_position,"Castors; with mountings, of base metal",,8302,XV
830230,sous_position,"Mountings, fittings and similar articles; for motor vehicles, of base metal",,8302,XV
830241,sous_position,"Mountings, fittings and similar articles; of base metal, suitable for buildings",,8302,XV
830242,sous_position,"Mountings, fittings and similar articles; suitable for furniture of base metal",,8302,XV
830249,sous_position,"Mountings, fittings and similar articles; suitable for other than buildings or furniture, of base metal",,8302,XV
830250,sous_position,"Hat-racks, hat-pegs, brackets and similar fixtures, of base metal",,8302,XV
830260,sous_position,Automatic door closures; of base metal,,8302,XV
8303,position,"Safes; armoured or reinforced, strong-boxes, doors and safe deposit lockers for strong-rooms, cash or deed boxes and the like, of base metal",,83,XV
830300,sous_position,"Safes; armoured or reinforced, strong-boxes, doors and safe deposit lockers for strong-rooms, cash or deed boxes and the like, of base metal",,8303,XV
8304,position,"Office equipment; filing cabinets, card-index cabinets, paper trays and rests, pen trays, office-stamp stands and the like, of base metal, other than office furniture of heading no. 9403",,83,XV
830400,sous_position,"Office equipment; filing cabinets, card-index cabinets, paper trays, paper rests, pen trays, office-stamp stands and similar office or desk equipment, of base metal, other than office furniture of heading no. 9403",,8304,XV
8305,position,"Stationery; fittings for loose-leaf binders or files, letter clips, letter corners, paper clips, indexing tags and the like, staples in strips (for offices, upholstery, packaging), of base metal",,83,XV
830510,sous_position,"Stationery; fittings for loose-leaf binders or files, of base metal",,8305,XV
830520,sous_position,"Stationery; staples in strips, (e.g. for offices, upholstery, packaging), of base metal",,8305,XV
830590,sous_position,"Stationery; letter clips, letter corners, paper clips, indexing tags and similar office articles, including parts, of base metal",,8305,XV
8306,position,"Bells, gongs and the like; non-electric, statuettes, other ornaments, photograph, picture, similar frames, mirrors, of base metal",,83,XV
830610,sous_position,"Bells, gongs and the like; non-electric, of base metal",,8306,XV
830621,sous_position,Statuettes and other ornaments; of base metal plated with precious metal,,8306,XV
830629,sous_position,Statuettes and other ornaments; of base metal other than plated with precious metal,,8306,XV
830630,sous_position,"Photograph, picture or similar frames, mirrors; of base metal",,8306,XV
8307,position,"Tubing; flexible, with or without fittings, of base metal",,83,XV
830710,sous_position,"Tubing; flexible, with or without fittings, of iron or steel",,8307,XV
830790,sous_position,"Tubing; flexible, with or without fittings of base metal, other than those of iron or steel",,8307,XV
8308,position,"Clasps, frames with clasps, buckles, buckle-clasps, hooks, eyes, eyelets etc for clothing & accessories, footwear, jewellery, wrist-watches, books, awnings, leather goods, travel goods, saddlery etc, tubular etc rivets, beads, spangles, of base metal",,83,XV
830810,sous_position,"Hooks, eyes and eyelets; of base metal, of a kind used for clothing, footwear, awnings, handbags, travel goods or other made up articles",,8308,XV
830820,sous_position,"Rivets; tubular or bifurcated, of base metal",,8308,XV
830890,sous_position,"Clasps, frames with clasps, buckles, buckle clasps; of base metal, of a kind used for clothing & accessories, footwear, jewellery, wrist-watches, books, awnings, leather goods, travel goods, saddlery etc, including parts",,8308,XV
8309,position,"Stoppers, caps, lids (including crown corks, screw caps, pouring stoppers); capsules for bottles, threaded bungs, bung covers, seals and other packaging accessories, of base metal",,83,XV
830910,sous_position,"Stoppers; corks, of base metal",,8309,XV
830990,sous_position,"Stoppers; caps and lids, of base metal",,8309,XV
8310,position,"Sign plates, name plates, address plates and similar plates, numbers, letters and other symbols, of base metal, excluding those of heading no. 9405",,83,XV
831000,sous_position,"Sign plates, name-plates, address-plates and similar plates, numbers, letters and other symbols; of base metal, excluding those of heading no. 9405",,8310,XV
8311,position,"Wires, rods, tubes, plates, electrodes of base metal or metal carbides; of a kind used for soldering, brazing, welding; wires and rods for metal spraying",,83,XV
831110,sous_position,"Electrodes; coated, of base metal, for electric arc-welding",,8311,XV
831120,sous_position,"Wire; cored, of base metal, for electric arc-welding",,8311,XV
831130,sous_position,"Rods and wire; coated rods and cored wire, of base metal, for soldering, brazing or welding by flame",,8311,XV
831190,sous_position,"Wires, rods, tubes, plates, electrodes of base metal or metal carbides; of a kind used for soldering, brazing, welding; wires and rods for metal spraying; n.e.c. in item no. 8311",,8311,XV
84,chapitre,"Machinery and mechanical appliances, boilers, nuclear reactors; parts thereof",,TOTAL,XVI
8401,position,"Nuclear reactors; fuel elements (cartridges), non-irradiated, for nuclear reactors, machinery and apparatus for isotopic separation",,84,XVI
840110,sous_position,Nuclear reactors,,8401,XVI
840120,sous_position,"Machinery and apparatus; for isotopic separation, and parts thereof",,8401,XVI
840130,sous_position,Fuel elements (cartridges); non-irradiated,,8401,XVI
840140,sous_position,Nuclear reactors; parts thereof,,8401,XVI
8402,position,"Boilers; steam or other vapour generating (other than central heating hot water boilers, capable also of producing low pressure steam), super heated water boilers",,84,XVI
840211,sous_position,Boilers; watertube boilers with a steam production exceeding 45t per hour,,8402,XVI
840212,sous_position,Boilers; watertube boilers with a steam production not exceeding 45t per hour,,8402,XVI
840219,sous_position,"Boilers; vapour generating boilers, including hybrid boilers n.e.c. in heading no. 8402",,8402,XVI
840220,sous_position,Boilers; super-heated water boilers,,8402,XVI
840290,sous_position,Boilers; parts of steam or other vapour generating boilers,,8402,XVI
8403,position,Central heating boilers; excluding those of heading no. 8402,,84,XVI
840310,sous_position,Boilers; central heating boilers (excluding those of heading no. 8402),,8403,XVI
840390,sous_position,Boilers; parts of central heating boilers (excluding those of heading no. 8402),,8403,XVI
8404,position,"Auxiliary plant for use with boilers of heading no. 8402 or 8403; e.g. economisers, super-heaters, soot removers, gas recoverers), condensers for steam or other vapour power units",,84,XVI
840410,sous_position,"Boilers; auxiliary plant, for use with boilers of heading no. 8402 or 8403 (e.g. economisers, super-heaters, soot removers, gas recoverers)",,8404,XVI
840420,sous_position,"Boilers; condensers, for steam or other vapour power units",,8404,XVI
840490,sous_position,"Boilers; parts of auxiliary plant, for use with boilers of heading no. 8402 and 8403 and parts of condensers for steam or other vapour power units",,8404,XVI
8405,position,"Generators for producer or water gas with or without their purifiers acetylene gas generators and similar water process gas generators, with or without their purifiers",,84,XVI
840510,sous_position,"Generators; producer gas, water gas, acetylene gas and similar water process gas generators, with or without their purifiers",,8405,XVI
840590,sous_position,"Generators; parts of producer gas, water gas, acetylene gas and similar water process gas generators, with or without their purifiers",,8405,XVI
8406,position,Turbines; steam and other vapour turbines,,84,XVI
840610,sous_position,"Turbines; steam and other vapour turbines, for marine propulsion",,8406,XVI
840681,sous_position,"Turbines; steam and other vapour turbines, (for other than marine propulsion), of an output exceeding 40MW",,8406,XVI
840682,sous_position,"Turbines; steam and other vapour turbines, (for other than marine propulsion), of an output not exceeding 40MW",,8406,XVI
840690,sous_position,Turbines; parts of steam and other vapour turbines,,8406,XVI
8407,position,Reciprocating or rotary internal combustion piston engines,,84,XVI
840710,sous_position,"Engines; for aircraft, spark-ignition reciprocating or rotary internal combustion piston engines",,8407,XVI
840721,sous_position,"Engines; outboard motors for marine propulsion, spark-ignition reciprocating or rotary internal combustion piston engines",,8407,XVI
840729,sous_position,"Engines; for marine propulsion, (other than outboard motors), spark-ignition reciprocating or rotary internal combustion piston engines",,8407,XVI
840731,sous_position,"Engines; reciprocating piston engines, of a kind used for the propulsion of vehicles of chapter 87, of a cylinder capacity not exceeding 50cc",,8407,XVI
840732,sous_position,"Engines; reciprocating piston engines, of a kind used for the propulsion of vehicles of chapter 87, of a cylinder capacity exceeding 50cc but not exceeding 250cc",,8407,XVI
840733,sous_position,"Engines; reciprocating piston engines, of a kind used for the propulsion of vehicles of chapter 87, of a cylinder capacity exceeding 250cc but not exceeding 1000cc",,8407,XVI
840734,sous_position,"Engines; reciprocating piston engines, of a kind used for the propulsion of vehicles of chapter 87, of a cylinder capacity exceeding 1000cc",,8407,XVI
840790,sous_position,"Engines; rotary internal combustion piston engines, for other than aircraft or marine propulsion",,8407,XVI
8408,position,Compression-ignition internal combustion piston engines (diesel or semi-diesel engines),,84,XVI
840810,sous_position,"Engines; for marine propulsion, compression-ignition internal combustion piston engines (diesel or semi-diesel engines)",,8408,XVI
840820,sous_position,"Engines; compression-ignition internal combustion piston engines (diesel or semi-diesel engines), of a kind used for the propulsion of vehicles of chapter 87",,8408,XVI
840890,sous_position,"Engines; compression-ignition internal combustion piston engines (diesel or semi-diesel engines), of a kind used for other than marine propulsion or the vehicles of chapter 87",,8408,XVI
8409,position,Parts suitable for use solely or principally with the engines of heading no. 8407 or 8408,,84,XVI
840910,sous_position,Engines; parts of aircraft engines (spark-ignition reciprocating or rotary internal combustion piston engines),,8409,XVI
840991,sous_position,"Engines; parts, suitable for use solely or principally with spark-ignition internal combustion piston engines (for other than aircraft)",,8409,XVI
840999,sous_position,Engines; parts for internal combustion piston engines (excluding spark-ignition),,8409,XVI
8410,position,Turbines; hydraulic water wheels and regulators therefor,,84,XVI
841011,sous_position,"Turbines; hydraulic turbines and water wheels, of a power not exceeding 1000kW",,8410,XVI
841012,sous_position,"Turbines; hydraulic turbines and water wheels, of a power exceeding 1000kW but not exceeding 10000kW",,8410,XVI
841013,sous_position,"Turbines; hydraulic turbines and water wheels, of a power exceeding 10000kW",,8410,XVI
841090,sous_position,"Turbines; parts of hydraulic turbines and water wheels, including regulators",,8410,XVI
8411,position,"Turbo-jets, turbo-propellers and other gas turbines",,84,XVI
841111,sous_position,Turbo-jets; of a thrust not exceeding 25kN,,8411,XVI
841112,sous_position,Turbo-jets; of a thrust exceeding 25kN,,8411,XVI
841121,sous_position,Turbo-propellers; of a power not exceeding 1100kW,,8411,XVI
841122,sous_position,Turbo-propellers; of a power exceeding 1100kW,,8411,XVI
841181,sous_position,"Turbines; gas-turbines (excluding turbo-jets and turbo-propellers), of a power not exceeding 5000kW",,8411,XVI
841182,sous_position,"Turbines; gas-turbines (excluding turbo-jets and turbo-propellers), of a power exceeding 5000kW",,8411,XVI
841191,sous_position,Turbines; parts of turbo-jets and turbo-propellers,,8411,XVI
841199,sous_position,Turbines; parts of gas turbines (excluding turbo-jets and turbo-propellers),,8411,XVI
8412,position,"Engines and motors; n.e.c. (e.g. reaction engines, hydraulic power engines, pneumatic power engines)",,84,XVI
841210,sous_position,"Engines; reaction engines, other than turbo-jets",,8412,XVI
841221,sous_position,"Engines; hydraulic power engines and motors, linear acting (cylinders)",,8412,XVI
841229,sous_position,"Engines; hydraulic power engines and motors, other than linear acting (cylinders)",,8412,XVI
841231,sous_position,"Engines; pneumatic power engines and motors, linear acting (cylinders)",,8412,XVI
841239,sous_position,"Engines; pneumatic power engines and motors, other than linear acting (cylinders)",,8412,XVI
841280,sous_position,"Engines; pneumatic power engines and motors, n.e.c. in heading no. 8412",,8412,XVI
841290,sous_position,"Engines; parts, for engines and motors of heading no. 8412",,8412,XVI
8413,position,"Pumps; for liquids, whether or not fitted with measuring device, liquid elevators",,84,XVI
841311,sous_position,"Pumps; fitted or designed to be fitted with a measuring device, for dispensing fuel or lubricants, of the type used in filling-stations or in garages",,8413,XVI
841319,sous_position,"Pumps; for liquids, fitted or designed to be fitted with a measuring device, other than pumps for dispensing fuel or lubricants",,8413,XVI
841320,sous_position,"Pumps; hand, fitted or designed to be fitted with a measuring device, for liquids, other than those of item no. 8413.11 or 8413.19",,8413,XVI
841330,sous_position,"Pumps; fuel, lubricating or cooling medium pumps for internal combustion piston engines",,8413,XVI
841340,sous_position,Pumps; concrete pumps,,8413,XVI
841350,sous_position,"Pumps; reciprocating positive displacement pumps, n.e.c. in heading no. 8413, for liquids",,8413,XVI
841360,sous_position,"Pumps; rotary positive displacement pumps, n.e.c. in heading no. 8413, for liquids",,8413,XVI
841370,sous_position,"Pumps; centrifugal, n.e.c. in heading no. 8413, for liquids",,8413,XVI
841381,sous_position,Pumps and liquid elevators; n.e.c. in heading no. 8413,,8413,XVI
841382,sous_position,Liquid elevators,,8413,XVI
841391,sous_position,Pumps; parts thereof,,8413,XVI
841392,sous_position,Liquid elevators; parts thereof,,8413,XVI
8414,position,"Air or vacuum pumps, air or other gas compressors and fans; ventilating or recycling hoods incorporating a fan; gas-tight biological safety cabinets whether or not fitted with filters",,84,XVI
841410,sous_position,Pumps; vacuum,,8414,XVI
841420,sous_position,Pumps; hand or foot-operated air pumps,,8414,XVI
841430,sous_position,Compressors; of a kind used in refrigerating equipment,,8414,XVI
841440,sous_position,Compressors; air compressors mounted on a wheeled chassis for towing,,8414,XVI
841451,sous_position,"Fans; table, floor, wall, window, ceiling or roof fans, with a self-contained electric motor of an output not exceeding 125W",,8414,XVI
841459,sous_position,Fans; n.e.c. in item no. 8414.51,,8414,XVI
841460,sous_position,"Hoods; ventilating or recycling hoods incorporating a fan, whether or not fitted with filters, having a maximum horizontal side not exceeding 120cm",,8414,XVI
841470,sous_position,"Gas-tight biological safety cabinets; whether or not fitted with filters, having a maximum horizontal side not exceeding 120cm",,8414,XVI
841480,sous_position,"Pumps and compressors; for air, vacuum or gas, n.e.c. in heading no. 8414",,8414,XVI
841490,sous_position,"Pumps and compressors; parts, of air or vacuum pumps, air or other gas compressors and fans, ventilating or recycling hoods incorporating a fan",,8414,XVI
8415,position,"Air conditioning machines; comprising a motor driven fan and elements for changing the temperature and humidity, including those machines in which the humidity cannot be separately regulated",,84,XVI
841510,sous_position,"Air conditioning machines; comprising a motor-driven fan and elements for changing the temperature and humidity, of a kind designed to be fixed to a window, wall, ceiling or floor, self-contained or split-system",,8415,XVI
841520,sous_position,"Air conditioning machines; comprising a motor driven fan and elements for changing the temperature and humidity, of a kind used for persons, in motor vehicles",,8415,XVI
841581,sous_position,"Air conditioning machines; containing a motor driven fan, other than window or wall types, incorporating a refrigerating unit and a valve for reversal of the cooling/heat cycle (reversible heat pumps)",,8415,XVI
841582,sous_position,"Air conditioning machines; containing a motor driven fan, other than window or wall types, incorporating a refrigerating unit",,8415,XVI
841583,sous_position,"Air conditioning machines; containing a motor driven fan, other than window or wall types, not incorporating a refrigerating unit",,8415,XVI
841590,sous_position,"Air conditioning machines; with motor driven fan and elements for temperature control, parts thereof",,8415,XVI
8416,position,"Furnace burners for liquid fuel, for pulverised solid fuel or for gas; mechanical grates, mechanical ash dischargers and similar appliances",,84,XVI
841610,sous_position,"Furnaces; furnace burners, for liquid fuel",,8416,XVI
841620,sous_position,"Furnaces; furnace burners, for pulverized solid fuel or gas, including combination burners",,8416,XVI
841630,sous_position,"Furnace accessories; mechanical stokers, mechanical grates, mechanical ash dischargers and similar appliances",,8416,XVI
841690,sous_position,"Furnaces; parts of furnace burners, for liquid fuel, pulverized solid fuel or gas, mechanical stokers, grates, ash dischargers and the like",,8416,XVI
8417,position,"Furnaces and ovens; industrial or laboratory, including incinerators, non-electric",,84,XVI
841710,sous_position,"Furnaces and ovens; non-electric, for the roasting, melting or other heat-treatment of ores, pyrites or of metals, for industrial or laboratory use",,8417,XVI
841720,sous_position,"Ovens; non-electric, bakery ovens, including biscuit ovens",,8417,XVI
841780,sous_position,"Furnaces and ovens; including incinerators, non-electric, for industrial or laboratory use, n.e.c. in heading no. 8417",,8417,XVI
841790,sous_position,"Furnaces and ovens; parts of non-electric furnaces and ovens (including incinerators), of industrial or laboratory use",,8417,XVI
8418,position,"Refrigerators, freezers and other refrigerating or freezing equipment, electric or other; heat pumps other than air conditioning machines of heading no. 8415",,84,XVI
841810,sous_position,"Refrigerators and freezers; combined refrigerator-freezers, fitted with separate external doors, electric or other",,8418,XVI
841821,sous_position,"Refrigerators; for household use, compression-type, electric or other",,8418,XVI
841829,sous_position,"Refrigerators; household, electric or not, other than compression-type",,8418,XVI
841830,sous_position,"Freezers; of the chest type, not exceeding 800l capacity",,8418,XVI
841840,sous_position,"Freezers; of the upright type, not exceeding 900l capacity",,8418,XVI
841850,sous_position,"Furniture incorporating refrigerating or freezing equipment; for storage and display, n.e.c. in item no. 8418.1, 8418.2, 8418.3 or 8418.4 (chests, cabinets, display counters, show-cases and the like)",,8418,XVI
841861,sous_position,Heat pumps; other than air conditioning machines of heading no. 8415,,8418,XVI
841869,sous_position,Refrigerating or freezing equipment; n.e.c. in heading no. 8418,,8418,XVI
841891,sous_position,"Refrigerating or freezing equipment; parts, furniture designed to receive refrigerating or freezing equipment",,8418,XVI
841899,sous_position,"Refrigerating or freezing equipment; parts thereof, other than furniture",,8418,XVI
8419,position,"Machinery, plant (not domestic), or laboratory equipment; electrically heated or not, (excluding items in 85.14) for the treatment of materials by a process involving change of temperature; including instantaneous or non electric storage water heaters",,84,XVI
841911,sous_position,"Heaters; instantaneous gas water heaters, for domestic or other purposes",,8419,XVI
841912,sous_position,"Heaters; solar water heaters, non-electric",,8419,XVI
841919,sous_position,"Heaters; instantaneous or storage water heaters, non-electric, (other than instantaneous gas or solar water heaters)",,8419,XVI
841920,sous_position,"Sterilizers; for medical, surgical or laboratory use, not used for domestic purposes",,8419,XVI
841933,sous_position,"Dryers; lyophilisation apparatus, freeze drying units and spray dryers, not used for domestic purposes",,8419,XVI
841934,sous_position,"Dryers; for agricultural products, not used for domestic purposes",,8419,XVI
841935,sous_position,"Dryers; for wood, paper pulp, paper or paperboard, not used for domestic purposes",,8419,XVI
841939,sous_position,"Dryers; for products n.e.c. in heading no. 8419, not used for domestic purposes",,8419,XVI
841940,sous_position,Distilling or rectifying plant; not used for domestic purposes,,8419,XVI
841950,sous_position,Heat exchange units; not used for domestic purposes,,8419,XVI
841960,sous_position,"Machinery; for liquefying air or gas, not used for domestic purposes",,8419,XVI
841981,sous_position,"Machinery, plant and equipment; for making hot drinks, for cooking or heating food",,8419,XVI
841989,sous_position,"Machinery, plant and laboratory equipment; for treating materials by change of temperature, other than for making hot drinks or cooking or heating food",,8419,XVI
841990,sous_position,"Machinery, plant and laboratory equipment; parts of equipment for treating materials by a process involving a change of temperature",,8419,XVI
8420,position,"Machines; calendering or other rolling machines, for other than metal or glass and cylinders therefor",,84,XVI
842010,sous_position,"Machines; calendering or other rolling machines, for other than metal or glass",,8420,XVI
842091,sous_position,"Machines; parts, cylinders for calendering or other rolling machines, for other than metal or glass",,8420,XVI
842099,sous_position,"Machines; parts, (other than cylinders), for calendering or other rolling machines, for other than metal or glass",,8420,XVI
8421,position,"Centrifuges, including centrifugal dryers; filtering or purifying machinery and apparatus for liquids or gases",,84,XVI
842111,sous_position,Centrifuges; cream separators,,8421,XVI
842112,sous_position,Centrifuges; clothes-dryers,,8421,XVI
842119,sous_position,"Centrifuges; n.e.c. in heading no. 8421, including centrifugal dryers (but not clothes-dryers)",,8421,XVI
842121,sous_position,Machinery; for filtering or purifying water,,8421,XVI
842122,sous_position,Machinery; for filtering or purifying beverages other than water,,8421,XVI
842123,sous_position,"Machinery; filtering or purifying machinery, oil or petrol filters for internal combustion engines",,8421,XVI
842129,sous_position,"Machinery; for filtering or purifying liquids, n.e.c. in item no. 8421.2",,8421,XVI
842131,sous_position,Machinery; intake air filters for internal combustion engines,,8421,XVI
842132,sous_position,"Machinery; catalytic converters or particulate filters, whether or not combined, for purifying or filtering exhaust gases from internal combustion engines",,8421,XVI
842139,sous_position,"Machinery; for filtering or purifying gases, other than intake air filters, catalytic converters or particulate filters for internal combustion engines",,8421,XVI
842191,sous_position,"Centrifuges; parts thereof, including parts for centrifugal dryers",,8421,XVI
842199,sous_position,Machinery; parts for filtering or purifying liquids or gases,,8421,XVI
8422,position,"Dish washing machines; machinery for cleaning, drying, filling, closing, sealing, capsuling or labelling bottles, cans, boxes, bags, etc, machinery for aerating beverages",,84,XVI
842211,sous_position,Dish washing machines; of the household type,,8422,XVI
842219,sous_position,Dish washing machines; of other than household type,,8422,XVI
842220,sous_position,Machinery; for cleaning or drying bottles or other containers,,8422,XVI
842230,sous_position,"Machinery; for filling, closing, sealing, capsuling or labelling bottles, cans, bags or other containers, machinery for aerating beverages",,8422,XVI
842240,sous_position,Machinery; for packing or wrapping,,8422,XVI
842290,sous_position,Machinery; parts of machinery of heading no. 8422,,8422,XVI
8423,position,"Weighing machines; excluding balances of a sensitivity of 5cg or better, including weight operated counting or checking machines and weights of all kinds",,84,XVI
842310,sous_position,Weighing machines; personal (including baby scales) and household scales,,8423,XVI
842320,sous_position,Weighing machines; scales for continuous weighing of goods on conveyors,,8423,XVI
842330,sous_position,"Weighing machines; constant weight scales and scales for discharging a predetermined weight of material into a bag or container, including hopper scales",,8423,XVI
842381,sous_position,"Weighing machines; other than personal, conveyor or constant weight scales, having a maximum weighing capacity not exceeding 30kg (excluding balances of a sensitivity of 5cg or better)",,8423,XVI
842382,sous_position,"Weighing machines; other than personal, conveyor or constant weight scales, having a maximum weighing capacity exceeding 30kg but not exceeding 5000kg",,8423,XVI
842389,sous_position,"Weighing machines; other than personal, conveyor or constant weight scales, having a maximum weighing capacity exceeding 5000kg",,8423,XVI
842390,sous_position,"Weighing machines; weights of all kinds, parts of weighing machinery",,8423,XVI
8424,position,"Mechanical appliances for projecting, dispersing or spraying liquids or powders; fire extinguishers, spray guns, steam, sand blasting machines",,84,XVI
842410,sous_position,Fire extinguishers; whether or not charged,,8424,XVI
842420,sous_position,Spray guns and similar appliances,,8424,XVI
842430,sous_position,Mechanical appliances; steam or sand blasting machines and similar jet projecting machines,,8424,XVI
842441,sous_position,Mechanical appliances; agricultural or horticultural sprayers; portable sprayers,,8424,XVI
842449,sous_position,Mechanical appliances; agricultural or horticultural sprayers; other than portable sprayers,,8424,XVI
842482,sous_position,"Mechanical appliances; agricultural or horticultural, n.e.c. in heading 8424",,8424,XVI
842489,sous_position,"Mechanical appliances; for projecting, dispersing or spraying liquids or powders, for other than agricultural or horticultural use, whether or not hand-operated",,8424,XVI
842490,sous_position,"Mechanical appliances; parts of machines projecting, dispersing or spraying liquids or powders, whether or not hand-operated",,8424,XVI
8425,position,Pulley tackle and hoists other than skip hoists; winches and capstans; jacks,,84,XVI
842511,sous_position,Pulley tackle and hoists; powered by an electric motor (excluding skip hoists or hoists of a kind used for raising vehicles),,8425,XVI
842519,sous_position,Pulley tackle and hoists; not powered by an electric motor (excluding skip hoists or hoists of a kind used for raising vehicles),,8425,XVI
842531,sous_position,Winches; capstans; powered by an electric motor,,8425,XVI
842539,sous_position,Winches; capstans; not powered by an electric motor,,8425,XVI
842541,sous_position,"Jacks; built-in jacking systems of a type used in garages, for raising vehicles",,8425,XVI
842542,sous_position,"Jacks and hoists; hydraulic, of a kind used for raising vehicles",,8425,XVI
842549,sous_position,"Jacks and hoists; (other than hydraulic), of a kind used for raising vehicles",,8425,XVI
8426,position,"Derricks, cranes, including cable cranes, mobile lifting frames, straddle carriers and works trucks fitted with a crane",,84,XVI
842611,sous_position,Cranes; overhead travelling cranes on fixed support,,8426,XVI
842612,sous_position,Cranes; mobile lifting frames on tyres and straddle carriers,,8426,XVI
842619,sous_position,"Cranes; transporter, gantry and bridge cranes",,8426,XVI
842620,sous_position,Cranes; tower cranes,,8426,XVI
842630,sous_position,Cranes; portal or pedestal jib cranes,,8426,XVI
842641,sous_position,"Cranes; self-propelled derricks and cranes, on tyres, n.e.c. in heading no. 8426",,8426,XVI
842649,sous_position,"Cranes; self-propelled derricks and cranes, not on tyres, n.e.c. in heading no. 8426",,8426,XVI
842691,sous_position,Cranes and derricks; designed for mounting on road vehicles,,8426,XVI
842699,sous_position,"Cranes and derricks; for other than mounting on road vehicles, n.e.c. in heading no. 8426",,8426,XVI
8427,position,Fork-lift and other works trucks; fitted with lifting or handling equipment,,84,XVI
842710,sous_position,"Fork-lift and other works trucks; fitted with lifting or handling equipment, self-propelled by electric motor",,8427,XVI
842720,sous_position,"Fork-lift and other works trucks; fitted with lifting or handling equipment, self-propelled by other than electric motor",,8427,XVI
842790,sous_position,"Fork-lift and other works trucks; fitted with lifting or handling equipment, not self-propelled",,8427,XVI
8428,position,"Lifting, handling, loading or unloading machinery; n.e.c. in heading no. 8425, 8426 or 8427 (e.g. lifts, escalators, conveyors, teleferics)",,84,XVI
842810,sous_position,Lifts and skip hoists,,8428,XVI
842820,sous_position,Elevators and conveyors; pneumatic,,8428,XVI
842831,sous_position,"Elevators and conveyors; continuous-action, for goods and materials, specially designed for underground use, n.e.c. in item no. 8428.20",,8428,XVI
842832,sous_position,"Elevators and conveyors; continuous-action, for goods or materials, bucket type, n.e.c. in item no. 8428.20 or 8428.31",,8428,XVI
842833,sous_position,"Elevators and conveyors; continuous-action, for goods or materials, belt type, n.e.c. in item no. 8428.20 or 8428.31",,8428,XVI
842839,sous_position,"Elevators and conveyors; continuous-action, for goods or materials, n.e.c. in item no. 8428.20, 8428.31, 8428.32 or 8428.33",,8428,XVI
842840,sous_position,Escalators and moving walkways,,8428,XVI
842860,sous_position,"Teleferics, chair-lifts, ski-draglines, traction mechanisms for funiculars",,8428,XVI
842870,sous_position,Industrial robots,,8428,XVI
842890,sous_position,"Lifting, handling, loading or unloading machinery; n.e.c. in heading no. 8425, 8426, 8427 or 8428",,8428,XVI
8429,position,"Bulldozers, graders, levellers, scrapers, angledozers, mechanical shovels, excavators, shovel loaders, tamping machines and road rollers, self-propelled",,84,XVI
842911,sous_position,"Bulldozers and angledozers; self-propelled, track laying",,8429,XVI
842919,sous_position,"Bulldozers and angledozers; self-propelled, other than track laying",,8429,XVI
842920,sous_position,Graders and levellers,,8429,XVI
842930,sous_position,Scrapers; self-propelled,,8429,XVI
842940,sous_position,Tamping machines and road rollers; self-propelled,,8429,XVI
842951,sous_position,Front-end shovel loaders,,8429,XVI
842952,sous_position,"Mechanical shovels, excavators and shovel loaders; with a 360 degree revolving super structure",,8429,XVI
842959,sous_position,"Mechanical shovels, excavators and shovel loaders; n.e.c. in item no. 8429.50",,8429,XVI
8430,position,"Moving, grading, levelling, scraping, excavating, tamping, compacting, extracting or boring machinery, for earth, minerals, or ores; pile drivers and extractors; snow ploughs and snow blowers",,84,XVI
843010,sous_position,Pile-drivers and pile-extractors,,8430,XVI
843020,sous_position,Snow-ploughs and snow-blowers,,8430,XVI
843031,sous_position,Coal or rock cutters and tunnelling machinery; self-propelled,,8430,XVI
843039,sous_position,Coal or rock cutters and tunnelling machinery; not self-propelled,,8430,XVI
843041,sous_position,"Boring or sinking machinery; self-propelled, n.e.c. in heading no. 8430",,8430,XVI
843049,sous_position,Boring and sinking machinery; not self-propelled,,8430,XVI
843050,sous_position,"Machinery; for handling earth, minerals or ores, self-propelled, n.e.c. in heading no. 8430",,8430,XVI
843061,sous_position,"Machinery; for tamping or compacting, not self-propelled",,8430,XVI
843069,sous_position,"Machinery; for moving, levelling, scraping, grading, excavating earth minerals or ores; not self propelled n.e.c in 84.30",,8430,XVI
8431,position,Machinery parts; used solely or principally with the machinery of heading no. 8425 to 8430,,84,XVI
843110,sous_position,Machinery; parts of the machinery of heading no. 8425,,8431,XVI
843120,sous_position,Machinery; parts of the machinery of heading no. 8427,,8431,XVI
843131,sous_position,"Lifts, skip hoists or escalators; parts thereof",,8431,XVI
843139,sous_position,"Machinery; parts of the machinery of heading no. 8428, (other than lifts, skip hoists or escalators)",,8431,XVI
843141,sous_position,"Machinery parts; buckets, shovels, grabs and grips, for the machinery of heading no. 8426 and 8430",,8431,XVI
843142,sous_position,Machinery parts; bulldozer or angledozer blades,,8431,XVI
843143,sous_position,Boring or sinking machinery; parts for boring or sinking machinery of subheading 8430.41 or 8430.49,,8431,XVI
843149,sous_position,"Machinery; parts of machines handling earth, minerals or ores and n.e.c. in heading no. 8431",,8431,XVI
8432,position,"Agricultural, horticultural or forestry machinery for soil preparation or cultivation; lawn or sports-ground rollers",,84,XVI
843210,sous_position,Ploughs; for soil preparation,,8432,XVI
843221,sous_position,Harrows; disc harrows,,8432,XVI
843229,sous_position,"Harrows; (excluding disc), scarifiers, cultivators, weeders and hoes",,8432,XVI
843231,sous_position,"Seeders, planters and transplanters; no-till direct seeders, planters and transplanters",,8432,XVI
843239,sous_position,"Seeders, planters and transplanters; other than no-till direct seeders, planters and transplanters",,8432,XVI
843241,sous_position,"Spreaders and distributors; for manure and fertilizers, for agricultural, horticultural or forestry use; manure spreaders",,8432,XVI
843242,sous_position,"Spreaders and distributors; for manure and fertilizers, for agricultural, horticultural or forestry use; fertiliser distributors",,8432,XVI
843280,sous_position,Rollers; for lawns or sports-grounds,,8432,XVI
843290,sous_position,Machinery; parts of machinery for soil preparation or cultivation or for rollers for lawns or sports-grounds,,8432,XVI
8433,position,"Harvesting and threshing machinery, straw and fodder balers, grass or hay mowers; machines for cleaning, sorting or grading eggs, fruit or other agricultural produce, other than machinery of heading no 8437",,84,XVI
843311,sous_position,"Mowers; lawn, parks or sports-grounds, powered, with the cutting device rotating in a horizontal plane",,8433,XVI
843319,sous_position,"Mowers; for lawns, parks or sports-grounds, other than with the cutting device rotating in a horizontal plane",,8433,XVI
843320,sous_position,Mowers; n.e.c. in item no. 8433.1 (including cutter bars for tractor mounting),,8433,XVI
843330,sous_position,Haymaking machinery,,8433,XVI
843340,sous_position,"Balers; straw or fodder balers, including pick-up balers",,8433,XVI
843351,sous_position,Combine harvester-threshers,,8433,XVI
843352,sous_position,Threshing machinery; other than combine harvester-threshers,,8433,XVI
843353,sous_position,Harvesting machinery; for roots or tubers,,8433,XVI
843359,sous_position,Harvesting machinery; n.e.c. in heading no. 8433,,8433,XVI
843360,sous_position,"Machines; for cleaning, sorting or grading eggs, fruit or other agricultural produce",,8433,XVI
843390,sous_position,"Harvesting machinery; parts, including parts of threshing machinery, straw or fodder balers and grass or hay mowers",,8433,XVI
8434,position,Milking machines and dairy machinery,,84,XVI
843410,sous_position,Milking machines,,8434,XVI
843420,sous_position,Dairy machinery,,8434,XVI
843490,sous_position,Milking machines and dairy machinery; parts thereof,,8434,XVI
8435,position,"Presses, crushers and similar machinery; used in the manufacture of wine, cider, fruit juices or similar beverages",,84,XVI
843510,sous_position,"Presses, crushers and similar machinery; used in the manufacture of wine, cider, fruit juices or similar beverages",,8435,XVI
843590,sous_position,"Presses, crushers and similar machinery; parts, used in the manufacture of wine, cider, fruit juices or similar beverages",,8435,XVI
8436,position,"Agricultural, horticultural, forestry, poultry-keeping, bee-keeping machinery; including germination plant fitted with mechanical or thermal equipment; poultry incubators and brooders",,84,XVI
843610,sous_position,Machinery; for preparing animal feeding stuffs,,8436,XVI
843621,sous_position,Poultry incubators and brooders,,8436,XVI
843629,sous_position,Poultry-keeping machinery; other than incubators and brooders,,8436,XVI
843680,sous_position,"Machinery; for agricultural, horticultural or forestry use and n.e.c. in heading no. 8436",,8436,XVI
843691,sous_position,Machinery; parts of poultry-keeping machinery or poultry incubators and brooders,,8436,XVI
843699,sous_position,"Machinery; parts of that machinery for agricultural, horticultural or forestry use n.e.c. in heading no. 8436",,8436,XVI
8437,position,"Machines for cleaning, sorting, grading seed, grain, dried leguminous vegetables; machinery used in the milling industry for the working of cereals or dried leguminous vegetables, not farm type machinery",,84,XVI
843710,sous_position,"Machines; for cleaning, sorting or grading seed, grain or dried leguminous vegetables",,8437,XVI
843780,sous_position,"Machinery; for use in the milling industry or for the working of cereals or dried leguminous vegetables, other than farm-type machinery",,8437,XVI
843790,sous_position,"Machines; parts of those for cleaning, sorting or grading seed, grain or dried leguminous vegetables or for milling or working cereals or dried leguminous vegetables (not farm-type machinery)",,8437,XVI
8438,position,"Machinery n.e.c. in this chapter, for the industrial preparation or manufacture of food or drink; other than machinery for extraction or preparation of animal or fixed vegetable or microbial fats or oils",,84,XVI
843810,sous_position,"Machinery; industrial, for bakery and for the manufacture of macaroni, spaghetti or similar products",,8438,XVI
843820,sous_position,"Machinery; industrial, for the manufacture of confectionery, cocoa or chocolate",,8438,XVI
843830,sous_position,"Machinery; industrial, for sugar manufacture",,8438,XVI
843840,sous_position,"Machinery; industrial, brewery machinery",,8438,XVI
843850,sous_position,"Machinery; industrial, for the preparation of meat or poultry",,8438,XVI
843860,sous_position,"Machinery; industrial, for the preparation of fruits, nuts or vegetables",,8438,XVI
843880,sous_position,"Machinery; used in the industrial preparation or manufacture of food or drink, n.e.c. in heading no. 8438",,8438,XVI
843890,sous_position,Machinery; parts of those machines used in the industrial preparation or manufacture of food or drink,,8438,XVI
8439,position,"Machinery; for making pulp of fibrous cellulosic material, or for making or finishing paper or paperboard",,84,XVI
843910,sous_position,Machinery; for making pulp of fibrous cellulosic material,,8439,XVI
843920,sous_position,Machinery; for making paper or paperboard,,8439,XVI
843930,sous_position,Machinery; for finishing paper or paperboard,,8439,XVI
843991,sous_position,Machinery; parts of machinery for making pulp of fibrous cellulosic material,,8439,XVI
843999,sous_position,Machinery; parts of machinery for making or finishing paper or paperboard,,8439,XVI
8440,position,Book-binding machinery; including book-sewing machines,,84,XVI
844010,sous_position,Book-binding machinery; including book-sewing machines,,8440,XVI
844090,sous_position,"Book-binding machinery; including book-sewing machines, parts thereof",,8440,XVI
8441,position,"Machines; for making up paper pulp, paper or paperboard, including cutting machines of all kinds",,84,XVI
844110,sous_position,"Machines; cutting, of all kinds, for making up paper pulp, paper or paperboard",,8441,XVI
844120,sous_position,"Machines; for making bags, sacks or envelopes of paper pulp, paper or paperboard",,8441,XVI
844130,sous_position,"Machines; for making cartons, boxes, cases, tubes, drums or similar containers (other than by moulding), of paper pulp, paper or paperboard",,8441,XVI
844140,sous_position,"Machines; for moulding articles, in paper pulp, paper or paperboard",,8441,XVI
844180,sous_position,"Machinery; n.e.c. in heading no. 8441, for making up paper pulp, paper or paperboard",,8441,XVI
844190,sous_position,"Machinery; parts of machinery for making up paper pulp, paper or paperboard, including cutting machines of all kinds",,8441,XVI
8442,position,"Machinery, apparatus and equipment (excluding machines of headings 8456 to 8465) for preparing or making printing components; plates, cylinders and other printing components; lithographic stones prepared for printing purposes",,84,XVI
844230,sous_position,"Machinery, apparatus and equipment (excluding machines of heading no. 8456 to 8465) for preparing or making printing components",,8442,XVI
844240,sous_position,"Machinery, apparatus and equipment (excluding machines of heading no. 8456 to 8465) for preparing or making printing components; parts thereof",,8442,XVI
844250,sous_position,"Plates, cylinders and other printing components; lithographic stones prepared for printing purposes (for example, planed, grained or polished)",,8442,XVI
8443,position,"Printing machinery; used for printing by means of plates, cylinders and other printing components of heading 84.42; other printers, copying machines and facsimile machines, whether or not combined; parts and accessories thereof",,84,XVI
844311,sous_position,"Printing machinery; offset, reel-fed",,8443,XVI
844312,sous_position,"Printing machinery; offset, sheet-fed, office type (sheet size not exceeding 22 x 36cm in the unfolded state)",,8443,XVI
844313,sous_position,"Printing machinery; offset, n.e.c. in item no. 8443.1",,8443,XVI
844314,sous_position,"Printing machinery; letterpress, reel-fed, excluding flexographic printing",,8443,XVI
844315,sous_position,"Printing machinery; letterpress, other than reel-fed, excluding flexographic printing",,8443,XVI
844316,sous_position,Printing machinery; flexographic,,8443,XVI
844317,sous_position,Printing machinery; gravure,,8443,XVI
844319,sous_position,"Printing machinery; used for printing by means of plates, cylinders and other printing components of heading 84.42, n.e.c. in item no. 8443.1",,8443,XVI
844331,sous_position,"Printing, copying, and facsimile machines; machines which perform two or more of the functions of printing, copying or facsimile transmission, capable of connecting to an automatic data processing machine or to a network",,8443,XVI
844332,sous_position,"Printing, copying, and facsimile machines; single-function printing, copying or facsimile machines, capable of connecting to an automatic data processing machine or to a network",,8443,XVI
844339,sous_position,"Printing, copying, and facsimile machines; single-function printing, copying or facsimile machines, not capable of connecting to an automatic data processing machine or to a network",,8443,XVI
844391,sous_position,"Printing machinery used for printing by means of plates, cylinders and other printing components of heading 8442; parts and accessories",,8443,XVI
844399,sous_position,"Printing machinery; parts and accessories, n.e.c. in item no. 8443.91",,8443,XVI
8444,position,"Textile machinery; for extruding, drawing, texturing or cutting man-made textile materials",,84,XVI
844400,sous_position,"Textile machinery; for extruding, drawing, texturing or cutting man-made textile materials",,8444,XVI
8445,position,"Textile machinery; spinning, doubling, twisting machines, textile reeling or winding machines and machines for preparing textile yarns for use on machines of heading no. 8446 and 8447",,84,XVI
844511,sous_position,Textile machinery; carding machines for preparing textile fibres,,8445,XVI
844512,sous_position,Textile machinery; combing machines for preparing textile fibres,,8445,XVI
844513,sous_position,Textile machinery; drawing or roving machines for preparing textile fibres,,8445,XVI
844519,sous_position,"Textile machinery; n.e.c. in heading no. 8445, for preparing textile fibres",,8445,XVI
844520,sous_position,Textile machinery; spinning machines,,8445,XVI
844530,sous_position,Textile machinery; doubling or twisting machines,,8445,XVI
844540,sous_position,Textile machinery; winding (including weft-winding) or reeling machines,,8445,XVI
844590,sous_position,Textile machinery; involved in textile fibre or textile yarn preparation and n.e.c. in heading no. 8445,,8445,XVI
8446,position,Weaving machines (looms),,84,XVI
844610,sous_position,Weaving machines (looms); for weaving fabrics of a width 30cm or less,,8446,XVI
844621,sous_position,"Weaving machines (looms); for weaving fabrics of a width exceeding 30cm, shuttle type, power looms",,8446,XVI
844629,sous_position,"Weaving machines (looms); for weaving fabrics of a width exceeding 30cm, shuttle type, other than power looms",,8446,XVI
844630,sous_position,"Weaving machines (looms); for weaving fabrics of a width exceeding 30cm, shuttleless type",,8446,XVI
8447,position,"Knitting machines, stitch-bonding machines and machines for making gimped yarn, tulle, lace, embroidery, trimmings, braid or net and machines for tufting",,84,XVI
844711,sous_position,"Knitting machines; circular, with cylinder diameter not exceeding 165mm",,8447,XVI
844712,sous_position,"Knitting machines; circular, with cylinder diameter exceeding 165mm",,8447,XVI
844720,sous_position,"Knitting machines; flat, stitch-bonding machines",,8447,XVI
844790,sous_position,"Machines; for making gimped yarn, tulle, lace, embroidery, trimmings, braid or net and machines for tufting",,8447,XVI
8448,position,"Machinery, auxiliary; for use with machines of heading no. 8444 to 8447 (e.g. dobbies, jacquards, automatic stop motions, shuttle changing mechanisms) parts, accessories for machines of heading no. 8444, 8447",,84,XVI
844811,sous_position,"Machinery, auxiliary; dobbies and jacquards, card reducing, copying, punching or assembling machines for use therewith",,8448,XVI
844819,sous_position,"Machinery, auxiliary; for machines of heading no. 8444, 8445, 8446 or 8447, n.e.c. in item no. 8448.11",,8448,XVI
844820,sous_position,Machines; parts and accessories of machines or auxiliary machinery of heading no. 8444,,8448,XVI
844831,sous_position,"Machines, card clothing; parts and accessories",,8448,XVI
844832,sous_position,"Machines; parts and accessories of machines or auxiliary machinery for preparing textile fibres, other than card clothing",,8448,XVI
844833,sous_position,"Machines; parts and accessories of machines or auxiliary machinery, spindles, spindle flyers, spinning rings and ring travellers",,8448,XVI
844839,sous_position,"Machines; parts and accessories of machines or auxiliary machinery of heading no. 8445, n.e.c. in item no. 8448.3",,8448,XVI
844842,sous_position,"Weaving machines (looms); parts including their auxiliary machinery, and accessories thereof, reeds for looms, healds and heald-frames",,8448,XVI
844849,sous_position,"Weaving machines (looms); parts including their auxiliary machinery, and accessories thereof n.e.c. in item no. 8448.4",,8448,XVI
844851,sous_position,"Machines; parts and accessories of machines of heading no. 8447 or auxiliary machinery, sinkers, needles and other articles used in forming stitches",,8448,XVI
844859,sous_position,"Machines; parts and accessories of machines or auxiliary machinery of heading no. 8447, other than sinkers, needles and other articles used in forming stitches",,8448,XVI
8449,position,"Machinery; for manufacture or finishing felt or non-wovens in the piece or in shapes, including machinery for making felt hats, blocks for making hats",,84,XVI
844900,sous_position,"Machinery; for manufacture or finishing felt or non-wovens in the piece or in shapes, including machinery for making felt hats, blocks for making hats",,8449,XVI
8450,position,Household or laundry-type washing machines; including machines which both wash and dry,,84,XVI
845011,sous_position,"Washing machines; household or laundry-type, fully-automatic, (of a dry linen capacity not exceeding 10kg)",,8450,XVI
845012,sous_position,"Washing machines; household or laundry-type, with built-in centrifugal drier, (not fully-automatic), of a dry linen capacity not exceeding 10kg",,8450,XVI
845019,sous_position,"Washing machines; household or laundry-type, not fully-automatic, without built-in centrifugal drier, of a dry linen capacity not exceeding 10kg",,8450,XVI
845020,sous_position,"Washing machines; household or laundry-type, of a dry linen capacity exceeding 10kg",,8450,XVI
845090,sous_position,Washing machines; parts for household or laundry-type,,8450,XVI
8451,position,"Machinery (not of heading no. 8450) for washing, cleaning, wringing, drying, ironing, pressing, bleaching, dyeing, dressing, finishing, coating or impregnating textile yarn, fabrics or made up articles",,84,XVI
845110,sous_position,Dry-cleaning machines,,8451,XVI
845121,sous_position,Drying machines; of a dry linen capacity not exceeding 10kg,,8451,XVI
845129,sous_position,Drying machines; of a dry linen capacity exceeding 10kg,,8451,XVI
845130,sous_position,Ironing machines and presses (including fusing presses),,8451,XVI
845140,sous_position,"Machines; for washing, bleaching or dyeing",,8451,XVI
845150,sous_position,"Machines; for reeling, unreeling, folding, cutting or pinking textile fabrics",,8451,XVI
845180,sous_position,"Machinery; for wringing, dressing, finishing, coating or impregnating textile yarns, fabrics or made up textile articles; for applying paste to base fabric used in manufacture of floor coverings",,8451,XVI
845190,sous_position,"Machinery; parts, of the machinery of heading no. 8451",,8451,XVI
8452,position,"Sewing machines; other than book-sewing machines of heading no. 8440; furniture, bases and covers specially designed for sewing machines; sewing machine needles",,84,XVI
845210,sous_position,Sewing machines; of the household type,,8452,XVI
845221,sous_position,"Sewing machines; (not household type), automatic units",,8452,XVI
845229,sous_position,Sewing machines; not household or automatic unit type,,8452,XVI
845230,sous_position,Sewing machine needles,,8452,XVI
845290,sous_position,"Sewing machines; furniture, bases and covers for sewing machines and parts thereof, and other parts of sewing machines",,8452,XVI
8453,position,"Machinery for preparing, tanning or working hides, skins or leather or for making or repairing footwear or other articles of hides, skins or leather, other than sewing machines",,84,XVI
845310,sous_position,"Machinery; for preparing, tanning or working hides, skins or leather, other than sewing machines",,8453,XVI
845320,sous_position,"Machinery; for making or repairing footwear, other than sewing machines",,8453,XVI
845380,sous_position,"Machinery; for making or repairing articles of hides, skins or leather, other than sewing machines",,8453,XVI
845390,sous_position,"Machinery; parts of those for preparing, tanning or working hides, skins or leather, for making or repairing footwear or other articles of hides, skin or leather, other than sewing machines",,8453,XVI
8454,position,"Converters, ladles, ingot moulds and casting machines; of a kind used metallurgy or in metal foundries",,84,XVI
845410,sous_position,Converters; of a type used in metallurgy or in metal foundries,,8454,XVI
845420,sous_position,Ingot moulds and ladles; of a kind used in metallurgy or in metal foundries,,8454,XVI
845430,sous_position,Casting machines; of a kind used in metallurgy or in metal foundries,,8454,XVI
845490,sous_position,"Machines; parts of converters, ladles, ingot moulds and casting machines, of a kind used in metallurgy or in metal foundries",,8454,XVI
8455,position,Metal-rolling mills and rolls therefor,,84,XVI
845510,sous_position,Metal-rolling mills; tube mills,,8455,XVI
845521,sous_position,Metal-rolling mills; hot or combination hot and cold rolling mills,,8455,XVI
845522,sous_position,Metal-rolling mills; cold,,8455,XVI
845530,sous_position,Metal-rolling mills; rolls thereof,,8455,XVI
845590,sous_position,Metal-rolling mills; parts thereof,,8455,XVI
8456,position,"Machine-tools; for working any material by removal of material, by laser or other light or photon beam, ultrasonic, electro-discharge, electro-chemical, electron beam, ionic-beam, or plasma arc processes; water-jet cutting machines",,84,XVI
845611,sous_position,Machine-tools; for working any material by removal of material; operated by laser,,8456,XVI
845612,sous_position,Machine-tools; for working any material by removal of material; operated by other light or photon beam processes (not laser),,8456,XVI
845620,sous_position,"Machine-tools; for working any material by removal of material, operated by ultrasonic processes",,8456,XVI
845630,sous_position,"Machine-tools; for working any material by removal of material, operated by electro-discharge processes",,8456,XVI
845640,sous_position,Machine tools; for working any material by removal of material; operated by plasma arc processes;,,8456,XVI
845650,sous_position,Machine tools; for working any material by removal of material; operated by water-jet cutting machines,,8456,XVI
845690,sous_position,Machine tools; for working any material by removal of material; operated by other processes n.e.c. in heading 8456,,8456,XVI
8457,position,"Machining centres, unit construction machines (single station) and multi-station transfer machines for working metal",,84,XVI
845710,sous_position,Machining centres; for working metal,,8457,XVI
845720,sous_position,"Machines; unit construction machines (single station), for working metal",,8457,XVI
845730,sous_position,"Metal machines; multi-station transfer machines, for working metal",,8457,XVI
8458,position,Lathes for removing metal,,84,XVI
845811,sous_position,"Lathes; for removing metal, horizontal, numerically controlled",,8458,XVI
845819,sous_position,"Lathes; for removing metal, horizontal, other than numerically controlled",,8458,XVI
845891,sous_position,"Lathes; for removing metal, numerically controlled, other than horizontal lathes",,8458,XVI
845899,sous_position,"Lathes; for removing metal, other than horizontal or numerically controlled lathes",,8458,XVI
8459,position,"Machine-tools; (including way-type unit head machines) for drilling, boring, milling, threading or tapping by removing metal, other than lathes of heading no. 8458",,84,XVI
845910,sous_position,"Machine-tools; way-type unit head machines, for drilling, boring, milling, threading or tapping by removing metal, other than lathes of heading no. 8458",,8459,XVI
845921,sous_position,"Machine-tools; for drilling by removing metal, numerically controlled",,8459,XVI
845929,sous_position,"Machine-tools; for drilling by removing metal, other than numerically controlled",,8459,XVI
845931,sous_position,"Machine-tools; for boring-milling by removing metal, numerically controlled",,8459,XVI
845939,sous_position,"Machine-tools; for boring-milling by removing metal, other than numerically controlled",,8459,XVI
845941,sous_position,"Machine-tools; for boring by removing metal, numerically controlled boring machines, n.e.c. in heading 8459",,8459,XVI
845949,sous_position,"Machine-tools; for boring by removing metal, not numerically controlled boring machines, n.e.c. in heading 8459",,8459,XVI
845951,sous_position,"Machine-tools; for milling by removing metal, knee-type, numerically controlled",,8459,XVI
845959,sous_position,"Machine-tools; for milling by removing metal, knee-type, other than numerically controlled",,8459,XVI
845961,sous_position,"Machine-tools; for milling by removing metal, (not knee-type), numerically controlled",,8459,XVI
845969,sous_position,"Machine-tools; for milling by removing metal, not knee-type, other than numerically controlled",,8459,XVI
845970,sous_position,Machine-tools; for threading or tapping by removing metal,,8459,XVI
8460,position,"Machine-tools; for deburring, sharpening, grinding, honing, lapping, polishing or otherwise finishing metal, sintered metal carbides or cermets by means of grinding stones, abrasives or polishing products",,84,XVI
846012,sous_position,"Machine-tools; flat-surface grinding machines, numerically controlled",,8460,XVI
846019,sous_position,"Machine-tools; flat-surface grinding machines, other than numerically controlled",,8460,XVI
846022,sous_position,"Machine-tools; grinding machines (excluding flat-surface), centreless, numerically controlled",,8460,XVI
846023,sous_position,"Machine-tools; cylindrical grinding machines (excluding flat-surface and centreless), numerically controlled",,8460,XVI
846024,sous_position,"Machine-tools; grinding machines (excluding flat-surface, cylindrical and centreless), numerically controlled",,8460,XVI
846029,sous_position,"Machine-tools; grinding machines (excluding flat-surface), other than numerically controlled",,8460,XVI
846031,sous_position,"Machine-tools; sharpening (tool or cutter grinding) machines, numerically controlled",,8460,XVI
846039,sous_position,"Machine-tools; sharpening (tool or cutter grinding) machines, other than numerically controlled",,8460,XVI
846040,sous_position,Machine-tools; for honing or lapping,,8460,XVI
846090,sous_position,"Machine-tools; for deburring, grinding, polishing or otherwise finishing metal, sintered metal carbides or cermets by means of grinding stones, abrasives or polishing products, n.e.c. in heading no. 8460",,8460,XVI
8461,position,"Machine-tools; for planing, shaping, slotting, broaching, gear cutting and grinding, finishing, sawing, cutting off and other tools working by removing metal, sintered metal carbides or cermets n.e.c.",,84,XVI
846120,sous_position,"Machine-tools; shaping or slotting machines, working by removing metal, sintered metal carbides or cermets",,8461,XVI
846130,sous_position,"Machine-tools; broaching machines, working by removing metal, sintered metal carbides or cermets",,8461,XVI
846140,sous_position,"Machine-tools; gear cutting, gear grinding or gear finishing machines, working by removing metal, sintered metal carbides or cermets",,8461,XVI
846150,sous_position,"Machine-tools; sawing or cutting-off machines, working by removing metal, sintered metal carbides or cermets",,8461,XVI
846190,sous_position,"Machine-tools; planing machines, and other machine-tools n.e.c. in heading no. 8461; working by removing metal, sinistered metal carbides or cerments.",,8461,XVI
8462,position,"Machine-tools (including presses) for working metal by forging, hammering or die forging (excluding rolling mills); machine-tools (including presses, slitting lines and cut-to-length lines) for working metal by bending, folding, straightening, flattening,",,84,XVI
846211,sous_position,"Machine-tools; forging and die-forging machines (including presses), closed die forging machines, for working metal",,8462,XVI
846219,sous_position,"Machine-tools; hot forming machines, hot hammers, for working metal",,8462,XVI
846222,sous_position,"Machine-tools; bending, folding, straightening or flattening machines (including press brakes) for flat products, for working metal, numerically controlled",,8462,XVI
846223,sous_position,"Machine-tools; bending, folding, straightening or flattening machines (including presses), for working metal, numerically controlled press brakes",,8462,XVI
846224,sous_position,"Machine-tools; bending, folding, straightening or flattening machines (including presses), for working metal, numerically controlled panel benders",,8462,XVI
846225,sous_position,"Machine-tools; bending, folding, straightening or flattening machines (including presses), for working metal, numerically controlled roll forming machines",,8462,XVI
846226,sous_position,"Machine-tools; bending, folding, straightening or flattening machines (including presses), for working metal, numerically controlled bending, folding, straightening or fattening machines (not press brakes, panel benders or roll forming machines)",,8462,XVI
846229,sous_position,"Machine-tools; bending, folding, straightening or flattening machines (including press brakes), for working metal, numerically controlled n.e.c. in item 84.62.2",,8462,XVI
846232,sous_position,"Machine-tools; slitting lines and cut-to-length lines, for working metal",,8462,XVI
846233,sous_position,"Machine-tools; shearing machines (excluding presses) for flat products, numerically controlled, other than combined punching and shearing machines, for working metal",,8462,XVI
846239,sous_position,"Machine-tools; shearing machines (excluding presses) for flat products, other than numerically controlled, other than combined punching and shearing machines, for working metal",,8462,XVI
846242,sous_position,"Machine-tools; punching, notching or nibbling machines (excluding presses) for flat products including combined punching and shearing machines, numerically controlled, for working metal",,8462,XVI
846249,sous_position,"Machine-tools; punching, notching or nibbling machines (excluding presses) for flat products including combined punching and shearing machines, other than numerically controlled, for working metal",,8462,XVI
846251,sous_position,"Machine-tools; for working tube, pipe, hollow section and bar (excluding presses), for working metal, numerically controlled",,8462,XVI
846259,sous_position,"Machine-tools; for working tube, pipe, hollow section and bar (excluding presses), for working metal, not numerically controlled",,8462,XVI
846261,sous_position,"Machine-tools; cold metal working presses, hydraulic presses",,8462,XVI
846262,sous_position,"Machine-tools; cold metal working presses, mechanical presses",,8462,XVI
846263,sous_position,"Machine-tools; cold metal working presses, servo-presses",,8462,XVI
846269,sous_position,"Machine-tools; cold metal working presses, other than hydraulic, mechanical or servo-presses",,8462,XVI
846290,sous_position,"Machine-tools; (including presses) for working metal by forging, hammering or die-forging, for bending, folding, straightening, flattening, shearing, punching, notching or nibbling metal, n.e.c. in heading 8462",,8462,XVI
8463,position,"Machine-tools; n.e.c. for working metal, sintered metal carbides or cermets without removing material",,84,XVI
846310,sous_position,"Machine-tools; for working metal, sintered metal carbides or cermets, without removing material, draw-benches for bars, tubes, profiles, wire or the like",,8463,XVI
846320,sous_position,"Machine-tools; for working metal, sintered metal carbides or cermets, without removing material, thread rolling machines",,8463,XVI
846330,sous_position,"Machine-tools; machines for working wire, without removing material",,8463,XVI
846390,sous_position,"Machine-tools; for working metal, sintered metal carbides or cermets, without removing material, n.e.c. in heading no. 8463",,8463,XVI
8464,position,"Machine-tools; for working stone, ceramics, concrete, asbestos-cement or like mineral materials or for cold working glass",,84,XVI
846410,sous_position,"Machine-tools; sawing machines, for working stone, ceramics, concrete, asbestos-cement or like mineral materials or for cold working glass",,8464,XVI
846420,sous_position,"Machine-tools; grinding or polishing machines, for working stone, ceramics, concrete, asbestos-cement or like mineral materials or for cold working glass",,8464,XVI
846490,sous_position,"Machine-tools; for working stone, ceramics, concrete, asbestos-cement or like mineral materials or for cold working glass, (other than sawing, grinding or polishing machines)",,8464,XVI
8465,position,"Machine-tools; (including machines for nailing, stapling, glueing or otherwise assembling) for working wood, cork, bone, hard plastics or rubber or similar hard materials",,84,XVI
846510,sous_position,"Machine-tools; which can carry out different types of machining operations without tool change between such operations, for working wood, cork, bone, hard rubber, hard plastics or similar",,8465,XVI
846520,sous_position,"Machine-tools; for working wood, cork, bone, hard rubber, hard plastics or similar hard materials; machining centres",,8465,XVI
846591,sous_position,"Machine-tools; for working wood, cork, bone, hard rubber, hard plastics or similar hard materials; sawing machines",,8465,XVI
846592,sous_position,"Machine-tools; for working wood, cork, bone, hard rubber, hard plastics or similar hard materials; planing, milling or moulding (by cutting) machines",,8465,XVI
846593,sous_position,"Machine-tools; for working wood, cork, bone, hard rubber, hard plastics or similar hard materials; grinding, sanding or polishing machines",,8465,XVI
846594,sous_position,"Machine-tools; for working wood, cork, bone, hard rubber, hard plastics or similar hard materials; bending or assembling machines",,8465,XVI
846595,sous_position,"Machine-tools; for working wood, cork, bone, hard rubber, hard plastics or similar hard materials; drilling or morticing machines",,8465,XVI
846596,sous_position,"Machine-tools; for working wood, cork, bone, hard rubber, hard plastics or similar hard materials; splitting, slicing or paring machines",,8465,XVI
846599,sous_position,"Machine-tools; for working wood, cork, bone, hard rubber, hard plastics or similar hard materials; n.e.c. in heading no. 8465",,8465,XVI
8466,position,"Parts & accessories suited for use only/mainly with machines of headings 8456-8465, including work/tool holders, self-opening dieheads, dividing heads & other special attachments for the machines; tool holders for any type of tool for working in the hand",,84,XVI
846610,sous_position,Parts & accessories suited for use solely/principally with machines of headings 8456-8465; tool holders and self-opening dieheads,,8466,XVI
846620,sous_position,Parts & accessories suited for use solely/principally with machines of headings 8456-8465; work holders,,8466,XVI
846630,sous_position,Parts & accessories suited for use solely/principally with machines of headings 8456-8465; dividing heads and other special attachments for machines,,8466,XVI
846691,sous_position,"Parts & accessories suited for use solely/principally; for the machines of heading no. 8464, n.e.c. in heading no. 8466",,8466,XVI
846692,sous_position,"Parts & accessories suited for use solely/principally for the machines of heading no. 8465, n.e.c. in heading no. 8466",,8466,XVI
846693,sous_position,Parts & accessories suited for use solely/principally with machines of headings 8456-8465; n.e.c. in heading no. 8466,,8466,XVI
846694,sous_position,"Machine-tools; parts and accessories, for the machines of heading no. 8462 or 8463, n.e.c. in heading no. 8466",,8466,XVI
8467,position,"Tools; for working in the hand, pneumatic, hydraulic or with self-contained electric or non-electric motor",,84,XVI
846711,sous_position,"Tools; for working in the hand, pneumatic, rotary type (including combined rotary-percussion)",,8467,XVI
846719,sous_position,"Tools; for working in the hand, pneumatic, other than rotary type",,8467,XVI
846721,sous_position,"Tools; for working in the hand, with self-contained electric motor; drills of all kinds",,8467,XVI
846722,sous_position,"Tools; for working in the hand, with self-contained electric motor; saws",,8467,XVI
846729,sous_position,"Tools; for working in the hand, with self-contained electric motor; other than saws and drills",,8467,XVI
846781,sous_position,"Tools; for working in the hand, chain saws with self-contained non-electric motor",,8467,XVI
846789,sous_position,"Tools; for working in the hand, (other than chain saws), hydraulic or with self-contained non-electric motor, (not pneumatic)",,8467,XVI
846791,sous_position,"Tools; for working in the hand, parts of chain saws, with self-contained non-electric motor",,8467,XVI
846792,sous_position,"Tools; for working in the hand, parts of pneumatic tools",,8467,XVI
846799,sous_position,"Tools; for working in the hand, parts thereof for other than chain saws and pneumatic tools",,8467,XVI
8468,position,"Machinery and apparatus for soldering, brazing, welding, whether or not capable of cutting, other than those of heading no. 8515; gas-operated surface tempering machines and appliances",,84,XVI
846810,sous_position,"Machinery and apparatus; hand-held blow pipes for soldering, brazing or welding, whether or not capable of cutting",,8468,XVI
846820,sous_position,"Machinery and apparatus; gas operated machinery and apparatus n.e.c. in item no. 8468.10, for soldering, brazing or welding, whether or not capable of cutting",,8468,XVI
846880,sous_position,"Machinery and apparatus; for soldering, brazing or welding, whether or not capable of cutting, n.e.c. in heading no. 8468",,8468,XVI
846890,sous_position,"Machinery and apparatus; parts, soldering, brazing or welding, whether or not capable of cutting, parts thereof",,8468,XVI
8470,position,"Calculating machines and pocket-size data recording, reproducing and displaying machines with calculating functions; accounting machines, postage-franking machines, ticket-issuing machines and similar, incorporating a calculating device; cash registers",,84,XVI
847010,sous_position,"Calculating machines; electronic calculators capable of operation without an external source of electric power and pocket-size data recording, reproducing and displaying machines with calculating functions",,8470,XVI
847021,sous_position,"Calculating machines; electronic, incorporating a printing device, needing an external source of power",,8470,XVI
847029,sous_position,"Calculating machines; electronic, (not incorporating a printing device), needing an external power source",,8470,XVI
847030,sous_position,Calculating machines; non-electronic,,8470,XVI
847050,sous_position,Cash registers,,8470,XVI
847090,sous_position,Machines incorporating a calculating device; n.e.c. in heading no. 8470,,8470,XVI
8471,position,"Automatic data processing machines and units thereof, magnetic or optical readers, machines for transcribing data onto data media in coded form and machines for processing such data, not elsewhere specified or included",,84,XVI
847130,sous_position,"Automatic data processing machines; portable, weighing not more than 10kg, consisting of at least a central processing unit, a keyboard and a display",,8471,XVI
847141,sous_position,"Automatic data processing machines; comprising in the same housing at least a central processing unit and an input and output unit, whether or not combined, n.e.c. in item no. 8471.30",,8471,XVI
847149,sous_position,"Automatic data processing machines; presented in the form of systems, n.e.c. in item no. 8471.30 or 8471.41",,8471,XVI
847150,sous_position,"Units of automatic data processing machines; processing units other than those of item no. 8471.41 or 8471.49, whether or not containing in the same housing one or two of the following types of unit: storage units, input units or output units",,8471,XVI
847160,sous_position,"Units of automatic data processing machines; input or output units, whether or not containing storage units in the same housing",,8471,XVI
847170,sous_position,Units of automatic data processing machines; storage units,,8471,XVI
847180,sous_position,"Units of automatic data processing machines; n.e.c. in item no. 8471.50, 8471.60 or 8471.70",,8471,XVI
847190,sous_position,"Magnetic or optical readers, machines for transcribing data onto data media in coded form and machines for processing such data, not elsewhere specified or included",,8471,XVI
8472,position,Office machines; not elsewhere classified,,84,XVI
847210,sous_position,Office machines; duplicating machines,,8472,XVI
847230,sous_position,"Office machines; for sorting or folding mail or for inserting mail in envelopes or bands, machines for opening, closing or sealing mail and machines for affixing or cancelling postage stamps",,8472,XVI
847290,sous_position,Office machines; not elsewhere classified,,8472,XVI
8473,position,"Machinery; parts and accessories (other than covers, carrying cases and the like) suitable for use solely or principally with machines of headings 84.70 to 84.72",,84,XVI
847321,sous_position,"Calculating machines; parts and accessories of the electronic calculating machines of item no. 8470.10, 8470.21 or 8470.29 (other than covers, carrying cases and the like)",,8473,XVI
847329,sous_position,"Machinery; parts and accessories of the machines of item no. 8470.30. 8470.50 or 8470.90 (other than covers, carrying cases and the like)",,8473,XVI
847330,sous_position,"Machinery; parts and accessories (other than covers, carrying cases and the like) of the machines of heading no. 8471",,8473,XVI
847340,sous_position,"Machinery; parts and accessories (other than covers, carrying cases and the like) of the machines of heading no. 8472",,8473,XVI
847350,sous_position,"Machines; parts and accessories (other than covers, carrying cases and the like) equally suitable for use with machines of two or more of the headings 8470 to 8472",,8473,XVI
8474,position,"Machinery for sorting, screening, separating, washing, crushing, grinding, mixing or kneading earth, stone, ores in solid form, shaping, moulding machinery for solid mineral fuels",,84,XVI
847410,sous_position,"Machines; for sorting, screening, separating or washing earth, stone, ores or other mineral substances",,8474,XVI
847420,sous_position,"Machines; for crushing or grinding earth, stone, ores or other mineral substances",,8474,XVI
847431,sous_position,Machines; concrete or mortar mixers,,8474,XVI
847432,sous_position,Machines; for mixing mineral substances with bitumen,,8474,XVI
847439,sous_position,"Machines; for mixing or kneading mineral substances, excluding concrete mixers and machines for mixing mineral substances with bitumen",,8474,XVI
847480,sous_position,"Machines; for agglomerating, shaping or moulding solid mineral fuels, ceramic paste, unhardened cements, plastering materials in powder or paste form, machines for forming foundry moulds of sand",,8474,XVI
847490,sous_position,"Machines, for sorting, screening, separating, washing, crushing etc mineral substances, for agglomerating, shaping or moulding solid fuels, ceramic pastes etc, for forming foundry moulds of sand; parts",,8474,XVI
8475,position,"Machines; for assembling electric or electronic lamps, tubes, valves, flashbulbs, in glass envelopes, machines for manufacturing or hot working glass or glassware",,84,XVI
847510,sous_position,"Machines; for assembling electric or electronic lamps, tubes, valves or flashbulbs, in glass envelopes",,8475,XVI
847521,sous_position,"Machines; for manufacturing or hot working glass or glassware, for making optical fibres and preforms thereof",,8475,XVI
847529,sous_position,"Machines; for manufacturing or hot working glass or glassware, not for making optical fibres and preforms thereof",,8475,XVI
847590,sous_position,"Machines; parts, of those for assembling electric or electronic lamps, tubes, valves or flash-bulbs, in glass envelopes and manufacturing or hot working glass or glassware",,8475,XVI
8476,position,"Automatic goods-vending machines (e.g. postage stamp, cigarette, food or beverage machines), including money-changing machines",,84,XVI
847621,sous_position,"Machines; automatic beverage-vending machines, incorporating heating or refrigerating devices",,8476,XVI
847629,sous_position,"Machines; automatic beverage-vending machines, not incorporating heating or refrigerating devices",,8476,XVI
847681,sous_position,"Machines; automatic goods-vending machines, (e.g. postage stamp, cigarette, food or money-changing machines, excluding beverage-vending machines), incorporating heating or refrigerating devices",,8476,XVI
847689,sous_position,"Machines; automatic goods-vending machines, (e.g. postage stamp, cigarette, food or money-changing machines, excluding beverage-vending machines), not incorporating heating or refrigerating devices",,8476,XVI
847690,sous_position,Machines; parts of automatic goods-vending machines,,8476,XVI
8477,position,"Machinery; for working rubber or plastics or for the manufacture of products from these materials, n.e.c. in this chapter",,84,XVI
847710,sous_position,"Machinery; injection-moulding machines, for working rubber or plastics or for the manufacture of products from these materials",,8477,XVI
847720,sous_position,"Machinery; extruders, for working rubber or plastics or for the manufacture of products from these materials",,8477,XVI
847730,sous_position,"Machinery; blow moulding machines, for working rubber or plastics or for the manufacture of products from these materials",,8477,XVI
847740,sous_position,"Machinery; vacuum moulding machines and other thermoforming machines, for working rubber or plastics or for the manufacture of products from these materials",,8477,XVI
847751,sous_position,Machinery; for moulding or retreading pneumatic tyres or for moulding or otherwise forming inner tubes,,8477,XVI
847759,sous_position,"Machinery; for moulding or forming, for working rubber or plastics or for the manufacture of products from these materials, n.e.c. in this chapter",,8477,XVI
847780,sous_position,"Machinery; for working rubber or plastics or for the manufacture of products from these materials, n.e.c. in this chapter",,8477,XVI
847790,sous_position,"Machinery; parts of the machines of heading no. 8477, n.e.c. in item no. 8477.90",,8477,XVI
8478,position,"Machinery; for preparing or making up tobacco, n.e.c. in this chapter",,84,XVI
847810,sous_position,"Machinery; for preparing or making up tobacco, n.e.c. in this chapter",,8478,XVI
847890,sous_position,"Machinery; parts of those for preparing or making up tobacco, n.e.c. in this chapter",,8478,XVI
8479,position,"Machinery and mechanical appliances; having individual functions, n.e.c. in this chapter",,84,XVI
847910,sous_position,"Machinery and mechanical appliances; for public works, building or the like",,8479,XVI
847920,sous_position,Machinery; for the extraction or preparation of animal or fixed vegetable or microbial fats or oils,,8479,XVI
847930,sous_position,Machinery and mechanical appliances; presses for the manufacture of particle or fibre building board of wood or other ligneous materials and other machinery for treating wood or cork,,8479,XVI
847940,sous_position,Machines; for making rope or cable,,8479,XVI
847950,sous_position,"Machinery and mechanical appliances; industrial robots, n.e.c. or included",,8479,XVI
847960,sous_position,Machinery and mechanical appliances; evaporative air coolers,,8479,XVI
847971,sous_position,"Machinery and mechanical appliances; passenger boarding bridges, of a kind used in airports",,8479,XVI
847979,sous_position,"Machinery and mechanical appliances; passenger boarding bridges, other than of a kind used in airports",,8479,XVI
847981,sous_position,"Machines and mechanical appliances; for treating metal, including electric wire coil-winders",,8479,XVI
847982,sous_position,"Machines; for mixing, kneading, crushing, grinding, screening, sifting, homogenising, emulsifying or stirring",,8479,XVI
847983,sous_position,Machines and mechanical appliances; cold isostatic presses,,8479,XVI
847989,sous_position,"Machines and mechanical appliances; having individual functions, n.e.c. or included in this chapter",,8479,XVI
847990,sous_position,"Machines and mechanical appliances; parts, of those having individual functions",,8479,XVI
8480,position,"Moulding boxes for metal foundry, moulding patterns, moulds for metals (excluding ingot moulds), metal carbides, glass, mineral materials, rubber or plastics",,84,XVI
848010,sous_position,Moulding boxes; for metal foundry,,8480,XVI
848020,sous_position,"Mould bases; for metal, metal carbides, glass, mineral materials, rubber or plastics",,8480,XVI
848030,sous_position,"Moulding patterns; of metal, metal carbides, glass, mineral materials, rubber or plastics",,8480,XVI
848041,sous_position,"Moulds; for metal or metal carbides, injection or compression types",,8480,XVI
848049,sous_position,"Moulds; for metal or metal carbides, other than injection or compression types",,8480,XVI
848050,sous_position,Moulds; for glass,,8480,XVI
848060,sous_position,Moulds; for mineral materials,,8480,XVI
848071,sous_position,"Moulds; for rubber or plastics, injection or compression types",,8480,XVI
848079,sous_position,"Moulds; for rubber or plastics, other than injection or compression types",,8480,XVI
8481,position,"Taps, cocks, valves and similar appliances for pipes, boiler shells, tanks, vats or the like, including pressure-reducing valves and thermostatically controlled valves",,84,XVI
848110,sous_position,"Valves; pressure reducing, for pipes, boiler shells, tanks, vats or the like",,8481,XVI
848120,sous_position,Valves; for oleohydraulic or pneumatic transmissions,,8481,XVI
848130,sous_position,"Valves; check (nonreturn) valves, for pipes, boiler shells, tanks, vats or the like",,8481,XVI
848140,sous_position,"Valves; safety or relief valves, for pipes, boiler shells, tanks, vats or the like",,8481,XVI
848180,sous_position,"Taps, cocks, valves and similar appliances; for pipes, boiler shells, tanks, vats or the like, including thermostatically controlled valves",,8481,XVI
848190,sous_position,"Taps, cocks, valves and similar appliances; parts thereof",,8481,XVI
8482,position,Ball or roller bearings,,84,XVI
848210,sous_position,Ball bearings,,8482,XVI
848220,sous_position,"Bearings; tapered roller bearings, including cone and tapered roller assemblies",,8482,XVI
848230,sous_position,Bearings; spherical roller bearings,,8482,XVI
848240,sous_position,"Bearings; needle roller bearings, including cage and needle roller assemblies",,8482,XVI
848250,sous_position,"Bearings; cylindrical roller bearings, including cage and roller assemblies n.e.c. in heading no. 8482",,8482,XVI
848280,sous_position,"Bearings; n.e.c. in heading no. 8482, including combined ball/roller",,8482,XVI
848291,sous_position,"Bearings; parts, balls, needles and rollers",,8482,XVI
848299,sous_position,"Bearings; parts, (other than balls, needles and rollers)",,8482,XVI
8483,position,Transmission shafts (including cam and crank) and cranks; bearing housings and plain shaft bearings; gears and gearing; ball or roller screws; gear boxes and other speed changers; flywheels and pulleys; clutches and shaft couplings,,84,XVI
848310,sous_position,Transmission shafts (including cam shafts and crank shafts) and cranks,,8483,XVI
848320,sous_position,"Bearing housings, incorporating ball or roller bearings",,8483,XVI
848330,sous_position,"Bearing housings, not incorporating ball or roller bearings and plain shaft bearings",,8483,XVI
848340,sous_position,"Gears and gearing; (not toothed wheels, chain sprockets and other transmission elements presented separately); ball or roller screws; gear boxes and other speed changers, including torque converters",,8483,XVI
848350,sous_position,"Pulleys and flywheels, including pulley blocks",,8483,XVI
848360,sous_position,Clutches and shaft couplings (including universal joints),,8483,XVI
848390,sous_position,"Transmission components; toothed wheels, chain sprockets and other transmission elements presented separately; parts",,8483,XVI
8484,position,"Gaskets and similar joints of metal sheeting combined with other material or of two or more layers of metal; sets or assortments of gaskets and similar joints, dissimilar in composition, put up in pouches, envelopes or similar packings; mechanical seals",,84,XVI
848410,sous_position,Gaskets and similar joints; of metal sheeting combined with other material or two or more layers of metal,,8484,XVI
848420,sous_position,Seals; mechanical,,8484,XVI
848490,sous_position,"Gasket sets or assortments of gaskets and similar joints; dissimilar in composition, put up in pouches, envelopes or similar packings",,8484,XVI
8485,position,Machines for additive manufacturing,,84,XVI
848510,sous_position,Machines for additive manufacturing; by metal deposit,,8485,XVI
848520,sous_position,Machines for additive manufacturing; by plastic or rubber deposit,,8485,XVI
848530,sous_position,"Machines for additive manufacturing; by plaster, cement, ceramics or glass deposit",,8485,XVI
848580,sous_position,"Machines for additive manufacturing; by other than metal, plastic, rubber, plaster, cement, ceramics or glass deposits",,8485,XVI
848590,sous_position,Machines for additive manufacturing; parts,,8485,XVI
8486,position,"Machines and apparatus of a kind used solely or principally for the manufacture of semiconductor boules or wafers, semiconductor devices, electronic integrated circuits or flat panel displays; machines & apparatus specified in note 11 (C) to this Chapter",,84,XVI
848610,sous_position,Machines and apparatus of a kind used solely or principally for the manufacture of semiconductor boules or wafers,,8486,XVI
848620,sous_position,Machines and apparatus of a kind used solely or principally for the manufacture of semiconductor devices or of electronic integrated circuits,,8486,XVI
848630,sous_position,Machines and apparatus of a kind used solely or principally for the manufacture of flat panel displays,,8486,XVI
848640,sous_position,"Machines and apparatus of a kind used solely or principally for the manufacture or repair of masks and reticles, assembling semiconductor devices or electronic integrated circuits, or for lifting, handling, loading or unloading items of heading 8486",,8486,XVI
848690,sous_position,Machines and apparatus of heading 8486; parts and accessories,,8486,XVI
8487,position,"Machinery parts; not containing electrical connectors, insulators, coils, contacts or other electrical features, n.e.c. in this chapter",,84,XVI
848710,sous_position,Ships' or boats' propellers and blades therefor,,8487,XVI
848790,sous_position,"Machinery parts; not containing electrical connectors, insulators, coils, contacts or other electrical features, n.e.c. in chapter 84, other than ships' or boats' propellers and blades therefor",,8487,XVI
85,chapitre,"Electrical machinery and equipment and parts thereof; sound recorders and reproducers; television image and sound recorders and reproducers, parts and accessories of such articles",,TOTAL,XVI
8501,position,Electric motors and generators (excluding generating sets),,85,XVI
850110,sous_position,Electric motors; of an output not exceeding 37.5W,,8501,XVI
850120,sous_position,Electric motors; universal AC/DC of an output exceeding 37.5W,,8501,XVI
850131,sous_position,"Electric motors and generators; DC, of an output not exceeding 750W",,8501,XVI
850132,sous_position,"Electric motors and generators; DC, of an output exceeding 750W but not exceeding 75kW",,8501,XVI
850133,sous_position,"Electric motors and generators; DC, of an output exceeding 75kW but not exceeding 375kW",,8501,XVI
850134,sous_position,"Electric motors and generators; DC, of an output exceeding 375kW",,8501,XVI
850140,sous_position,"Electric motors; AC motors, single-phase",,8501,XVI
850151,sous_position,"Electric motors; AC motors, multi-phase, of an output not exceeding 750W",,8501,XVI
850152,sous_position,"Electric motors; AC motors, multi-phase, of an output exceeding 750W but not exceeding 75kW",,8501,XVI
850153,sous_position,"Electric motors; AC motors, multi-phase, of an output exceeding 75kW",,8501,XVI
850161,sous_position,"Generators; AC generators, (alternators), other than photovoltaic generators, of an output not exceeding 75kVA",,8501,XVI
850162,sous_position,"Electric generators; AC generators, (alternators), other than photovoltaic generators, of an output exceeding 75kVA but not exceeding 375kVA",,8501,XVI
850163,sous_position,"Electric generators; AC generators, (alternators), other than photovoltaic generators, of an output exceeding 375kVA but not exceeding 750kVA",,8501,XVI
850164,sous_position,"Electric generators; AC generators, (alternators), other than photovoltaic generators, of an output exceeding 750kVA",,8501,XVI
850171,sous_position,"Electric generators; photovoltaic DC generators, of an output not exceeding 50W",,8501,XVI
850172,sous_position,"Electric generators; photovoltaic DC generators, of an output exceeding 50W",,8501,XVI
850180,sous_position,"Electric generators; (excluding generating sets), photovoltaic AC generators (alternators)",,8501,XVI
8502,position,Electric generating sets and rotary converters,,85,XVI
850211,sous_position,"Electric generating sets; with compression-ignition internal combustion piston engines (diesel or semi-diesel engines), of an output not exceeding 75kVA",,8502,XVI
850212,sous_position,"Electric generating sets; with compression-ignition internal combustion piston engines (diesel or semi-diesel engines), of an output exceeding 75kVA but not exceeding 375kVA",,8502,XVI
850213,sous_position,"Electric generating sets; with compression-ignition internal combustion piston engines (diesel or semi-diesel engines), of an output exceeding 375kVA",,8502,XVI
850220,sous_position,Electric generating sets; with spark-ignition internal combustion piston engines,,8502,XVI
850231,sous_position,"Electric generating sets; wind-powered, (excluding those with spark-ignition or compression-ignition internal combustion piston engines)",,8502,XVI
850239,sous_position,"Electric generating sets; (excluding those with spark-ignition or compression-ignition internal combustion piston engines), other than wind powered",,8502,XVI
850240,sous_position,Electric rotary converters,,8502,XVI
8503,position,Electric motors and generators; parts suitable for use solely or principally with the machines of heading no. 8501 or 8502,,85,XVI
850300,sous_position,Electric motors and generators; parts suitable for use solely or principally with the machines of heading no. 8501 or 8502,,8503,XVI
8504,position,"Electric transformers, static converters (e.g. rectifiers) and inductors",,85,XVI
850410,sous_position,Discharge lamps or tubes; ballasts therefor,,8504,XVI
850421,sous_position,"Electrical transformers; liquid dielectric, having a power handling capacity not exceeding 650kVA",,8504,XVI
850422,sous_position,"Electrical transformers; liquid dielectric, having a power handling capacity exceeding 650kVA but not exceeding 10,000kVA",,8504,XVI
850423,sous_position,"Electrical transformers; liquid dielectric, having a power handling capacity exceeding 10,000kVA",,8504,XVI
850431,sous_position,"Electrical transformers; n.e.c. in item no. 8504.2, having a power handling capacity not exceeding 1kVA",,8504,XVI
850432,sous_position,"Transformers; n.e.c. in item no. 8504.2, having a power handling capacity exceeding 1kVA but not exceeding 16kVA",,8504,XVI
850433,sous_position,"Transformers; n.e.c. in item no. 8504.2, having a power handling capacity exceeding 16kVA but not exceeding 500kVA",,8504,XVI
850434,sous_position,"Transformers; n.e.c. in item no. 8504.2, having a power handling capacity exceeding 500kVA",,8504,XVI
850440,sous_position,Electrical static converters,,8504,XVI
850450,sous_position,Electrical inductors; n.e.c. in heading no. 8504,,8504,XVI
850490,sous_position,"Electrical transformers, static converters and inductors; parts thereof",,8504,XVI
8505,position,"Electro-magnets; permanent magnets, intended permanent magnets; electro-magnetic, permanent magnet chucks, clamps, similar; electromagnetic couplings, clutches, brakes; electro-magnetic lifting heads",,85,XVI
850511,sous_position,"Magnets; permanent magnets and articles intended to become permanent magnets after magnetisation, of metal",,8505,XVI
850519,sous_position,"Magnets; permanent magnets and articles intended to become permanent magnets after magnetisation, other than of metal",,8505,XVI
850520,sous_position,"Magnets; electro-magnetic couplings, clutches and brakes",,8505,XVI
850590,sous_position,"Magnets; electro-magnets, holding devices and parts n.e.c. in heading no. 8505",,8505,XVI
8506,position,Cells and batteries; primary,,85,XVI
850610,sous_position,"Cells and batteries; primary, manganese dioxide",,8506,XVI
850630,sous_position,"Cells and batteries; primary, mercuric oxide",,8506,XVI
850640,sous_position,"Cells and batteries; primary, silver oxide",,8506,XVI
850650,sous_position,"Cells and batteries; primary, lithium",,8506,XVI
850660,sous_position,"Cells and batteries; primary, air-zinc",,8506,XVI
850680,sous_position,"Cells and batteries; primary, (other than manganese dioxide, mercuric oxide, silver oxide, lithium or air-zinc)",,8506,XVI
850690,sous_position,"Cells and batteries; primary, parts thereof",,8506,XVI
8507,position,"Electric accumulators, including separators therefor; whether or not rectangular (including square)",,85,XVI
850710,sous_position,"Electric accumulators; lead-acid, of a kind used for starting piston engines, including separators, whether or not rectangular (including square)",,8507,XVI
850720,sous_position,"Electric accumulators; lead-acid, (other than for starting piston engines), including separators, whether or not rectangular (including square)",,8507,XVI
850730,sous_position,"Electric accumulators; nickel-cadmium, including separators, whether or not rectangular (including square)",,8507,XVI
850750,sous_position,"Electric accumulators; nickel-metal hydride, including separators, whether or not rectangular (including square)",,8507,XVI
850760,sous_position,"Electric accumulators; lithium-ion, including separators, whether or not rectangular (including square)",,8507,XVI
850780,sous_position,"Electric accumulators; other than lead-acid, nickel-cadmium, nickel-metal hydride and lithium-ion, including separators, whether or not rectangular (including square)",,8507,XVI
850790,sous_position,Electric accumulators; parts n.e.c. in heading no. 8507,,8507,XVI
8508,position,Vacuum cleaners,,85,XVI
850811,sous_position,"Vacuum cleaners, with self-contained electric motor, of a power not exceeding 1,500 W and having a dust bag or other receptacle capacity not exceeding 20L",,8508,XVI
850819,sous_position,"Vacuum cleaners, with self-contained electric motor, n.e.c. in item no. 8508.1",,8508,XVI
850860,sous_position,"Vacuum cleaners, other than with a self-contained electric motor",,8508,XVI
850870,sous_position,Parts of vacuum cleaners,,8508,XVI
8509,position,"Electro-mechanical domestic appliances; with self-contained electric motor, other than vacuum cleaners of heading 85.08.",,85,XVI
850940,sous_position,"Electro-mechanical domestic appliances; food grinders and mixers, fruit or vegetable juice extractors, with self-contained electric motor",,8509,XVI
850980,sous_position,"Electro-mechanical domestic appliances; with self-contained electric motor, other than vacuum cleaners of heading 85.08, n.e.c. in heading no. 8509",,8509,XVI
850990,sous_position,Electro-mechanical domestic appliances; parts for the appliances of heading no. 8509,,8509,XVI
8510,position,"Shavers, hair clippers and hair removing appliances, with self-contained electric motor",,85,XVI
851010,sous_position,Shavers; with self-contained electric motor,,8510,XVI
851020,sous_position,Hair clippers; with a self-contained electric motor,,8510,XVI
851030,sous_position,Hair-removing appliances; with self-contained electric motor,,8510,XVI
851090,sous_position,Shavers and hair clippers; parts of those with self-contained electric motor,,8510,XVI
8511,position,Ignition or starting equipment; used for spark-ignition or compression-ignition internal combustion engines; generators and cut outs used in conjunction with such engines,,85,XVI
851110,sous_position,"Ignition or starting equipment; spark plugs, of a kind used for spark or compression-ignition internal combustion engines",,8511,XVI
851120,sous_position,"Ignition or starting equipment; ignition magnetos, magneto-dynamos and magnetic flywheels, of a kind used for spark or compression-ignition internal combustion engines",,8511,XVI
851130,sous_position,Ignition or starting equipment; distributors and ignition coils of a kind used for spark-ignition or compression-ignition internal combustion engines,,8511,XVI
851140,sous_position,"Ignition or starting equipment; starter motors and dual purpose starter-generators, of a kind used for spark or compression-ignition internal combustion engines",,8511,XVI
851150,sous_position,"Ignition or starting equipment; generators n.e.c. in heading no. 8511, of a kind used for spark or compression-ignition internal combustion engines",,8511,XVI
851180,sous_position,"Ignition or starting equipment; n.e.c. in heading no. 8511, of a kind used for spark or compression-ignition internal combustion engines",,8511,XVI
851190,sous_position,"Ignition or starting equipment; parts of the equipment of heading no. 8511, for use in spark-ignition or compression-ignition internal combustion engines",,8511,XVI
8512,position,"Lighting or visual signalling equipment (excluding articles of heading no. 8539), windscreen wipers, defrosters and demisters; electrical, of a kind used for cycles or motor vehicles",,85,XVI
851210,sous_position,"Lighting or visual signalling equipment; electrical, of a kind used on bicycles, excluding articles of heading no. 8539",,8512,XVI
851220,sous_position,"Lighting or visual signalling equipment; electrical, of a kind used on motor vehicles (excluding articles of heading no. 8539)",,8512,XVI
851230,sous_position,"Sound signalling equipment; electrical, used on cycles or motor vehicles (excluding articles of heading no. 8539)",,8512,XVI
851240,sous_position,"Windscreen wipers, defrosters and demisters; electrical, of kinds used for cycles or motor vehicles",,8512,XVI
851290,sous_position,"Lighting or signalling equipment; electrical, (excluding articles of heading no. 8539), windscreen wipers, defrosters and demisters; parts, of those kinds used for cycles or motor vehicles",,8512,XVI
8513,position,"Lamps; portable, electric, designed to function by their own source of energy (e.g. dry batteries, accumulators, magnetos), excluding lighting equipment of heading no. 8512",,85,XVI
851310,sous_position,"Lamps; portable, electric, designed to function by their own source of energy (excluding lighting equipment of heading no. 8512)",,8513,XVI
851390,sous_position,"Lamps; parts of portable, electric lamps of heading no. 8513, designed to function by their own source of energy",,8513,XVI
8514,position,Industrial or laboratory electric furnaces and ovens (including those functioning by induction or dielectric loss); other industrial or laboratory equipment for the heat treatment of materials by induction or dielectric loss,,85,XVI
851411,sous_position,"Furnaces and ovens; electric, for industrial or laboratory use, resistance heated; hot isostatic presses",,8514,XVI
851419,sous_position,"Furnaces and ovens; electric, for industrial or laboratory use, resistance heated; other than hot isostatic presses, for the manufacture of semiconductor devices on semiconductor wafers",,8514,XVI
851420,sous_position,"Furnaces and ovens; electric, for industrial or laboratory use, functioning by induction or dielectric loss",,8514,XVI
851431,sous_position,"Furnaces and ovens; electric, for industrial or laboratory use, other than those functioning by induction, dielectric loss or resistance heated, electron beam furnaces",,8514,XVI
851432,sous_position,"Furnaces and ovens; electric, for industrial or laboratory use, other than those functioning by induction, dielectric loss or resistance heated, plasma and vacuum arc furnaces",,8514,XVI
851439,sous_position,"Furnaces and ovens; electric, for industrial or laboratory use, other than those functioning by induction, dielectric loss or resistance heated, other than electron beam, plasma or vacuum arc furnaces",,8514,XVI
851440,sous_position,"Heating equipment; for the heat treatment of materials by induction or dielectric loss, industrial or laboratory, other than furnaces and ovens",,8514,XVI
851490,sous_position,"Furnaces, ovens and heating equipment; parts of the industrial or laboratory equipment of heading no. 8514",,8514,XVI
8515,position,"Electric (electrically heated gas) soldering, brazing, welding machines and apparatus, capable or not of cutting, electric machines and apparatus for hot spraying of metals or sintered carbides",,85,XVI
851511,sous_position,"Brazing or soldering machines and apparatus; soldering irons and guns, whether or not capable of cutting",,8515,XVI
851519,sous_position,"Brazing or soldering machines and apparatus; other than soldering irons and guns, whether or not capable of cutting",,8515,XVI
851521,sous_position,"Welding machines and apparatus; for resistance welding of metal, fully or partly automatic, whether or not capable of cutting",,8515,XVI
851529,sous_position,"Welding machines and apparatus; for resistance welding of metal, other than fully or partly automatic, whether or not capable of cutting",,8515,XVI
851531,sous_position,"Welding machines and apparatus; for arc (including plasma arc) welding of metals, fully or partly automatic, whether or not capable of cutting",,8515,XVI
851539,sous_position,"Welding machines and apparatus; for arc (including plasma arc) welding of metals, other than fully or partly automatic, whether or not capable of cutting",,8515,XVI
851580,sous_position,"Welding machines and apparatus; n.e.c. in heading no. 8515, whether or not capable of cutting",,8515,XVI
851590,sous_position,"Welding, brazing or soldering machines; parts of the machines of heading no. 8515",,8515,XVI
8516,position,"Electric water, space, soil heaters; electro-thermic hair-dressing apparatus; hand dryers, irons; electro-thermic appliances for domestic purposes; electro heating resistors, not of heading no. 8545",,85,XVI
851610,sous_position,"Heaters; electric, instantaneous or storage water and immersion heaters",,8516,XVI
851621,sous_position,Heating apparatus; electric storage heating radiators,,8516,XVI
851629,sous_position,Heating apparatus; electric soil heating apparatus and space heating apparatus (excluding storage heating radiators),,8516,XVI
851631,sous_position,Hair-dressing apparatus; electro-thermic hair dryers,,8516,XVI
851632,sous_position,"Hair-dressing apparatus; electro-thermic, other than hair dryers",,8516,XVI
851633,sous_position,Hand-drying apparatus; electro-thermic,,8516,XVI
851640,sous_position,Smoothing irons; electric,,8516,XVI
851650,sous_position,"Ovens; microwave, of a kind used for domestic purposes",,8516,XVI
851660,sous_position,"Ovens, cookers, cooking plates, boiling rings, grillers and roasters; of a kind used for domestic purposes (excluding microwaves)",,8516,XVI
851671,sous_position,"Electro-thermic appliances; coffee or tea makers, of a kind used for domestic purposes",,8516,XVI
851672,sous_position,"Electro-thermic appliances; toasters, of a kind used for domestic purposes",,8516,XVI
851679,sous_position,"Electro-thermic appliances; n.e.c. in heading no. 8516, used for domestic purposes",,8516,XVI
851680,sous_position,"Resistors; electric heating, other than those of heading no. 8545",,8516,XVI
851690,sous_position,"Electro-thermic appliances; parts, of heating resistors, of water, space and soil heaters, hair-dressing apparatus, hand dryers, smoothing irons and other domestic appliances of heading no. 8516",,8516,XVI
8517,position,"Telephone sets, including smartphones and other telephones for cellular/wireless networks; other apparatus for the transmission or reception of voice, images or other data (including wired/wireless networks), excluding items of 8443, 8525, 8527, or 8528",,85,XVI
851711,sous_position,Line telephone sets with cordless handsets,,8517,XVI
851713,sous_position,Telephone sets; smartphones for cellular or other wireless networks,,8517,XVI
851714,sous_position,"Telephone sets; other than smartphones, for cellular or other wireless networks",,8517,XVI
851718,sous_position,Telephone sets n.e.c. in item no. 8517.1,,8517,XVI
851761,sous_position,Base stations,,8517,XVI
851762,sous_position,"Communication apparatus (excluding telephone sets or base stations); machines for the reception, conversion and transmission or regeneration of voice, images or other data, including switching and routing apparatus",,8517,XVI
851769,sous_position,"Communication apparatus (excluding telephone sets or base stations); machines for the transmission or reception of voice, images or other data (including wired/wireless networks), n.e.c. in item no. 8517.6",,8517,XVI
851771,sous_position,"Communication apparatus; parts, aerials and aerial reflectors of all kinds, part suitable for use therewith",,8517,XVI
851779,sous_position,"Communication apparatus; parts, other than aerials and aerial reflectors of all kinds",,8517,XVI
8518,position,"Microphones and their stands; loudspeakers, mounted or not in their enclosures; headphones and earphones, combined or not with a microphone, and sets of a microphone and one or more loudspeakers; audio-frequency and electric sound amplifiers and sets",,85,XVI
851810,sous_position,Microphones and stands therefor,,8518,XVI
851821,sous_position,"Loudspeakers; single, mounted in their enclosures",,8518,XVI
851822,sous_position,"Loudspeakers; multiple, mounted in the same enclosure",,8518,XVI
851829,sous_position,Loudspeakers; not mounted in their enclosures,,8518,XVI
851830,sous_position,"Headphones and earphones, whether or not combined with a microphone, and sets consisting of a microphone and one or more loudspeakers",,8518,XVI
851840,sous_position,Amplifiers; audio-frequency electric,,8518,XVI
851850,sous_position,Amplifier sets; electric sound,,8518,XVI
851890,sous_position,"Microphones, headphones, earphones, amplifier equipment; parts of the equipment of heading no. 8518",,8518,XVI
8519,position,Sound recording or reproducing apparatus,,85,XVI
851920,sous_position,"Sound recording or reproducing apparatus; operated by coins, banknotes, bank cards, tokens or by other means of payment",,8519,XVI
851930,sous_position,Sound recording or reproducing apparatus; turntables (record-decks),,8519,XVI
851981,sous_position,"Sound recording or reproducing apparatus; using magnetic, optical or semiconductor media, n.e.c. in item no 8519.20, 8519.30 or 8519.50",,8519,XVI
851989,sous_position,Sound recording or reproducing apparatus; n.e.c. in heading no 8519,,8519,XVI
8521,position,Video recording or reproducing apparatus,,85,XVI
852110,sous_position,Video recording or reproducing apparatus; magnetic tape-type,,8521,XVI
852190,sous_position,Video recording or reproducing apparatus; other than magnetic tape-type,,8521,XVI
8522,position,Sound or video recording apparatus; parts and accessories suitable for use solely or principally with the apparatus of heading 8519 or 8521,,85,XVI
852210,sous_position,"Sound recording or reproducing apparatus; parts and accessories thereof, pick-up cartridges",,8522,XVI
852290,sous_position,"Sound or video recording or reproducing apparatus; parts and accessories thereof, other than pick-up cartridges",,8522,XVI
8523,position,"Discs, tapes, solid-state non-volatile storage devices, smart cards and other media for the recording of sound or of other phenomena, whether or not recorded, including matrices and masters for the production of discs, excluding products of Chapter 37",,85,XVI
852321,sous_position,"Magnetic media; cards incorporating a magnetic stripe, whether or not recorded, excluding products of Chapter 37",,8523,XVI
852329,sous_position,"Magnetic media; other than cards incorporating a magnetic stripe, whether or not recorded, excluding products of Chapter 37",,8523,XVI
852341,sous_position,"Optical media; unrecorded, excluding products of Chapter 37",,8523,XVI
852349,sous_position,"Optical media; recorded, excluding products of Chapter 37",,8523,XVI
852351,sous_position,"Semiconductor media; solid-state non-volatile storage devices, whether or not recorded, excluding products of Chapter 37",,8523,XVI
852352,sous_position,"Semiconductor media; smart cards, whether or not recorded, excluding products of Chapter 37",,8523,XVI
852359,sous_position,"Semiconductor media; other than smart cards, whether or not recorded, excluding products of Chapter 37",,8523,XVI
852380,sous_position,"Media n.e.c. in heading 8523, whether or not recorded, excluding products of Chapter 37",,8523,XVI
8524,position,"Flat panel display modules, whether or not incorporating touch-sensitive screens",,85,XVI
852411,sous_position,"Flat panel display modules, whether or not incorporating touch-sensitive screens; of liquid crystals, without drivers or control circuits",,8524,XVI
852412,sous_position,"Flat panel display modules, whether or not incorporating touch-sensitive screens; of organic light-emitting diodes (OLED), without drivers or control circuits",,8524,XVI
852419,sous_position,"Flat panel display modules, whether or not incorporating touch-sensitive screens; of other than liquid crystals or organic light-emitting diodes (OLED), without drivers or control circuits",,8524,XVI
852491,sous_position,"Flat panel display modules, whether or not incorporating touch-sensitive screens; of liquid crystals, with drivers or control circuits",,8524,XVI
852492,sous_position,"Flat panel display modules, whether or not incorporating touch-sensitive screens; of organic light-emitting diodes (OLED), with drivers or control circuits",,8524,XVI
852499,sous_position,"Flat panel display modules, whether or not incorporating touch-sensitive screens; of other than liquid crystals or organic light-emitting diodes (OLED), with drivers or control circuits",,8524,XVI
8525,position,"Transmission apparatus for radio-broadcasting or television, whether or not incorporating reception apparatus or sound recording or reproducing apparatus; television cameras, digital cameras and video camera recorders",,85,XVI
852550,sous_position,"Transmission apparatus for radio-broadcasting or television, whether or not incorporating sound recording or reproducing apparatus, not incorporating reception apparatus",,8525,XVI
852560,sous_position,"Transmission apparatus for radio-broadcasting or television, whether or not incorporating sound recording or reproducing apparatus, incorporating reception apparatus",,8525,XVI
852581,sous_position,"Television cameras, digital cameras and video camera recorders; high-speed goods as specified in subheading note 1 to this chapter",,8525,XVI
852582,sous_position,"Television cameras, digital cameras and video camera recorders; radiation-hardened or radiation-tolerant goods as specified in subheading note 2 to this chapter",,8525,XVI
852583,sous_position,"Television cameras, digital cameras and video camera recorders; night vision goods as specified in subheading note 3 to this chapter",,8525,XVI
852589,sous_position,Television cameras; n.e.c. in item no 8525.8,,8525,XVI
8526,position,"Radar apparatus, radio navigational aid apparatus and radio remote control apparatus",,85,XVI
852610,sous_position,Radar apparatus,,8526,XVI
852691,sous_position,Radio navigational aid apparatus,,8526,XVI
852692,sous_position,Radio remote control apparatus,,8526,XVI
8527,position,"Reception apparatus for radio-broadcasting, whether or not combined, in the same housing, with sound recording or reproducing apparatus or a clock.",,85,XVI
852712,sous_position,Radio broadcast receivers capable of operating without an external power source; pocket-size radio cassette-players,,8527,XVI
852713,sous_position,"Radio broadcast receivers capable of operating without an external power source; apparatus (other than pocket-size radio cassette-players), combined with sound recording or reproducing apparatus",,8527,XVI
852719,sous_position,Radio broadcast receivers capable of operating without an external power source; n.e.c. in item no. 8527.1,,8527,XVI
852721,sous_position,"Radio-broadcast receivers not capable of operating without an external source of power, of a kind used in motor vehicles; combined with sound recording or reproducing apparatus",,8527,XVI
852729,sous_position,"Radio-broadcast receivers not capable of operating without an external source of power, of a kind used in motor vehicles; not combined with sound recording or reproducing apparatus",,8527,XVI
852791,sous_position,Radio-broadcast receivers n.e.c. in heading no. 8527; combined with sound recording or reproducing apparatus,,8527,XVI
852792,sous_position,Radio-broadcast receivers n.e.c. in heading no. 8527; not combined with sound recording or reproducing apparatus but combined with a clock,,8527,XVI
852799,sous_position,Radio-broadcast receivers n.e.c. in heading no. 8527; not combined with sound recording or reproducing apparatus and not combined with a clock,,8527,XVI
8528,position,"Monitors and projectors, not incorporating television reception apparatus; reception apparatus for television, whether or not incorporating radio-broadcast receivers or sound or video recording or reproducing apparatus",,85,XVI
852842,sous_position,"Monitors; cathode-ray tube, capable of directly connecting to and designed for use with an automatic data processing machine of heading 84.71",,8528,XVI
852849,sous_position,"Monitors; cathode-ray tube, n.e.c. in subheading 8528.42, whether or not colour",,8528,XVI
852852,sous_position,Monitors; other than cathode-ray tube; capable of directly connecting to and designed for use with an automatic data processing machine of heading 84.71,,8528,XVI
852859,sous_position,"Monitors other than cathode-ray tube; n.e.c. in subheading 8528.52, whether or not colour",,8528,XVI
852862,sous_position,Projectors; capable of directly connecting to and designed for use with an automatic data processing machine of heading 84.71,,8528,XVI
852869,sous_position,"Projectors; n.e.c. in subheading 8528.62, whether or not colour",,8528,XVI
852871,sous_position,"Reception apparatus for television, whether or not incorporating radio-broadcast receivers or sound or video recording or reproducing apparatus; not designed to incorporate a video display or screen",,8528,XVI
852872,sous_position,"Reception apparatus for television, whether or not incorporating radio-broadcast receivers or sound or video recording or reproducing apparatus; incorporating a colour video display or screen",,8528,XVI
852873,sous_position,"Reception apparatus for television, whether or not incorporating radio-broadcast receivers or sound or video recording or reproducing apparatus; incorporating a monochrome video display or screen",,8528,XVI
8529,position,Transmission apparatus; parts suitable for use solely or principally with the apparatus of heading no. 8524 to 8528,,85,XVI
852910,sous_position,Reception and transmission apparatus; aerials and aerial reflectors of all kinds and parts suitable for use therewith,,8529,XVI
852990,sous_position,"Reception and transmission apparatus; for use with the apparatus of heading no. 8524 to 8528, excluding aerials and aerial reflectors",,8529,XVI
8530,position,"Signalling, safety or traffic control equipment; for railways, tramways, roads, inland waterways, parking facilities, port installations, airfields, excluding those of heading no. 8608",,85,XVI
853010,sous_position,"Signalling, safety or traffic control equipment; for railways or tramways (excluding those of heading no. 8608)",,8530,XVI
853080,sous_position,"Signalling, safety or traffic control equipment; for roads, inland waterways, parking facilities, port installations or airfields (excluding those of heading no. 8608)",,8530,XVI
853090,sous_position,"Signalling apparatus; parts of safety, traffic control equipment for railways, tramways, roads, inland waterways, airfields, parking facilities, port instalments (excluding those of heading no. 8608)",,8530,XVI
8531,position,"Signalling apparatus; electric sound or visual (e.g. bells, sirens, indicator panels, burglar or fire alarms), excluding those of heading no. 8512 or 8530",,85,XVI
853110,sous_position,"Signalling apparatus; electric, sound or visual, burglar or fire alarms and similar, other than those of heading no. 8512 or 8530",,8531,XVI
853120,sous_position,"Signalling apparatus; electric, sound or visual, indicator panels incorporating liquid crystal devices (LCD) or light-emitting diodes (LED), excluding those of heading no. 8512 or 8530",,8531,XVI
853180,sous_position,"Signalling apparatus; electric, sound or visual, apparatus n.e.c. in heading no. 8531, excluding those of heading no. 8512 or 8530",,8531,XVI
853190,sous_position,"Signalling apparatus; parts of the electric, sound or visual apparatus of heading no. 8531",,8531,XVI
8532,position,"Electrical capacitors; fixed, variable or adjustable (pre-set)",,85,XVI
853210,sous_position,"Electrical capacitors; fixed, designed for use in 50/60 Hz circuits and having a reactive power handling capacity of not less than 0.5 kvar (power capacitors)",,8532,XVI
853221,sous_position,"Electrical capacitors; fixed, tantalum",,8532,XVI
853222,sous_position,"Electrical capacitors; fixed, aluminium electrolytic",,8532,XVI
853223,sous_position,"Electrical capacitors; fixed, ceramic dielectric, single layer",,8532,XVI
853224,sous_position,"Electrical capacitors; fixed, ceramic dielectric, multilayer",,8532,XVI
853225,sous_position,"Electrical capacitors; fixed, dielectric of paper or plastics",,8532,XVI
853229,sous_position,"Electrical capacitors; fixed, n.e.c. in heading no. 8532",,8532,XVI
853230,sous_position,Electrical capacitors; variable or adjustable (pre-set) capacitors,,8532,XVI
853290,sous_position,Electrical capacitors; parts of the capacitors of heading no. 8532,,8532,XVI
8533,position,"Electrical resistors (including rheostats and potentiometers), excluding heating resistors",,85,XVI
853310,sous_position,"Electrical resistors; fixed carbon resistors, composition or film types (including rheostats and potentiometers but excluding heating resistors)",,8533,XVI
853321,sous_position,"Electrical resistors; fixed, for a power handling capacity not exceeding 20W (including rheostats and potentiometers but excluding heating resistors and carbon resistors)",,8533,XVI
853329,sous_position,"Electrical resistors; fixed, for a power handling capacity exceeding 20W (including rheostats and potentiometers but excluding heating resistors and carbon resistors)",,8533,XVI
853331,sous_position,"Electrical resistors; wirewound variable, including rheostats and potentiometers, for a power handling capacity not exceeding 20W (excluding heating)",,8533,XVI
853339,sous_position,"Electrical resistors; wirewound variable, including rheostats and potentiometers, for a power handling capacity exceeding 20W (excluding heating)",,8533,XVI
853340,sous_position,"Electrical resistors; variable, including rheostats and potentiometers (excluding heating)",,8533,XVI
853390,sous_position,Resistors; parts of the resistors of heading no. 8533,,8533,XVI
8534,position,Circuits; printed,,85,XVI
853400,sous_position,Circuits; printed,,8534,XVI
8535,position,"Electrical apparatus for switching, protecting electrical circuits, for making connections to or in electrical circuits; for a voltage exceeding 1000 volts",,85,XVI
853510,sous_position,"Electrical apparatus; fuses, for a voltage exceeding 1000 volts",,8535,XVI
853521,sous_position,"Electrical apparatus; automatic circuit breakers, for a voltage exceeding 1000 volts but less than 72.5kV",,8535,XVI
853529,sous_position,"Electrical apparatus; automatic circuit breakers, for a voltage of 72.5kV or more",,8535,XVI
853530,sous_position,"Electrical apparatus; isolating and make-and-break switches, for a voltage exceeding 1000 volts",,8535,XVI
853540,sous_position,"Electrical apparatus; lightning arresters, voltage limiters and surge suppressors (for a voltage exceeding 1000 volts)",,8535,XVI
853590,sous_position,"Electrical apparatus; n.e.c. in heading no. 8535, for switching or protecting electrical circuits, for a voltage exceeding 1000 volts",,8535,XVI
8536,position,"Electrical apparatus for switching, protecting electrical circuits, for making connections to or in electrical circuits, for a voltage not exceeding 1000 volts; connectors for optical fibres, optical fibre bundles or cables",,85,XVI
853610,sous_position,"Electrical apparatus; fuses, for a voltage not exceeding 1000 volts",,8536,XVI
853620,sous_position,"Electrical apparatus; automatic circuit breakers, for a voltage not exceeding 1000 volts",,8536,XVI
853630,sous_position,"Electrical apparatus; for protecting electrical circuits, n.e.c. in heading no. 8536, for a voltage not exceeding 1000 volts",,8536,XVI
853641,sous_position,"Electrical apparatus; relays, (for a voltage not exceeding 60 volts)",,8536,XVI
853649,sous_position,"Electrical apparatus; relays, for a voltage exceeding 60 volts",,8536,XVI
853650,sous_position,"Electrical apparatus; switches n.e.c. in heading no. 8536, for a voltage not exceeding 1000 volts",,8536,XVI
853661,sous_position,"Electrical apparatus; lamp-holders, for a voltage not exceeding 1000 volts",,8536,XVI
853669,sous_position,"Electrical apparatus; plugs and sockets, for a voltage not exceeding 1000 volts",,8536,XVI
853670,sous_position,"Connectors for optical fibres, optical fibre bundles or cables",,8536,XVI
853690,sous_position,"Electrical apparatus; n.e.c. in heading no. 8536, for switching or protecting electrical circuits, for a voltage not exceeding 1000 volts",,8536,XVI
8537,position,"Boards, panels, consoles, desks, cabinets, bases with apparatus of heading no. 8535, 8536 for electricity control and distribution, (other than switching apparatus of heading no. 8517)",,85,XVI
853710,sous_position,"Boards, panels, consoles, desks and other bases; for electric control or the distribution of electricity, (other than switching apparatus of heading no. 8517), for a voltage not exceeding 1000 volts",,8537,XVI
853720,sous_position,"Boards, panels, consoles, desks and other bases; for electric control or the distribution of electricity, (other than switching apparatus of heading no. 8517), for a voltage exceeding 1000 volts",,8537,XVI
8538,position,"Electrical apparatus; parts suitable for use solely or principally with the apparatus of heading no. 8535, 8536 and 8537",,85,XVI
853810,sous_position,"Electrical apparatus; parts (e.g. boards, panels, consoles, desks, cabinets, other bases), for goods of heading no. 8537, not equipped with their apparatus",,8538,XVI
853890,sous_position,"Electrical apparatus; parts suitable for use solely or principally with the apparatus of heading no. 8535, 8536 or 8537",,8538,XVI
8539,position,"Lamps; electric filament or discharge lamps, including sealed beam lamp units and ultra-violet or infra-red lamps, arc lamps, light-emitting diode (LED) light sources",,85,XVI
853910,sous_position,Lamps; sealed beam units,,8539,XVI
853921,sous_position,"Lamps; filament, (excluding ultra-violet or infra-red), tungsten halogen",,8539,XVI
853922,sous_position,"Lamps; filament, (excluding ultra-violet or infra-red), of a power not exceeding 200W and for a voltage exceeding 100 volts, other than tungsten halogen",,8539,XVI
853929,sous_position,"Lamps; filament, (excluding ultra-violet or infra-red), n.e.c. in item no. 8539.2",,8539,XVI
853931,sous_position,"Lamps; discharge, (excluding ultra-violet), fluorescent, hot cathode",,8539,XVI
853932,sous_position,"Lamps; discharge, (excluding ultra-violet), mercury or sodium vapour lamps, metal halide lamps",,8539,XVI
853939,sous_position,"Lamps; discharge, (excluding ultra-violet, excluding fluorescent, hot cathode)",,8539,XVI
853941,sous_position,Lamps; arc-lamps,,8539,XVI
853949,sous_position,"Lamps; ultra-violet or infra-red lamps, (excluding arc-lamps)",,8539,XVI
853951,sous_position,"Lamps; light-emitting diode (LED) light sources, light-emitting diode (LED) modules",,8539,XVI
853952,sous_position,"Lamps; light-emitting diode (LED) light sources, light-emitting diode (LED) lamps",,8539,XVI
853990,sous_position,Lamps; parts of the lamps of heading no. 8539,,8539,XVI
8540,position,"Thermionic, cold cathode or photo-cathode valves and tubes (e.g. vacuum, vapour, gas filled valves and tubes, mercury arc rectifying valves and tubes, cathode-ray and television camera tubes)",,85,XVI
854011,sous_position,"Tubes; cathode-ray television picture tubes, including video monitor cathode-ray tubes, colour",,8540,XVI
854012,sous_position,"Tubes; cathode-ray television picture tubes, including video monitor cathode-ray tubes, monochrome",,8540,XVI
854020,sous_position,"Tubes; television camera tubes, image converters and intensifiers, other photo-cathode tubes",,8540,XVI
854040,sous_position,"Tubes; data/graphic display tubes, monochrome; data/graphic display tubes, colour, with a phosphor dot screen pitch smaller than 0.4mm",,8540,XVI
854060,sous_position,"Tubes; cathode ray, n.e.c. in heading no. 8540",,8540,XVI
854071,sous_position,"Tubes; microwave, magnetrons, excluding grid-controlled tubes",,8540,XVI
854079,sous_position,"Tubes; microwave (for example klystrons, travelling wave tubes, carlinotrons), excluding magnetrons and grid-controlled tubes",,8540,XVI
854081,sous_position,Valves and tubes; receiver or amplifier,,8540,XVI
854089,sous_position,Valves and tubes; n.e.c. in heading no. 8540,,8540,XVI
854091,sous_position,Tubes; parts of cathode-ray tubes,,8540,XVI
854099,sous_position,"Valves and tubes; parts of the valves and tubes of heading no. 8540, excluding parts of cathode-ray tubes",,8540,XVI
8541,position,"Semiconductor devices (e.g. diodes, transistors, semiconductor based transducers); including photovoltaic cells assembled or not in modules or panels, light-emitting diodes (LED) assembled with other LEDs or not, mounted piezo-electric crystals",,85,XVI
854110,sous_position,"Electrical apparatus; diodes, other than photosensitive or light-emitting diodes (LED)",,8541,XVI
854121,sous_position,"Electrical apparatus; transistors, (other than photosensitive), with a dissipation rate of less than 1W",,8541,XVI
854129,sous_position,"Electrical apparatus; transistors, (other than photosensitive), with a dissipation rate of 1W or more",,8541,XVI
854130,sous_position,"Electrical apparatus; thyristors, diacs and triacs, other than photosensitive devices",,8541,XVI
854141,sous_position,"Electrical apparatus; photosensitive semiconductor devices, light emitting diodes (LED)",,8541,XVI
854142,sous_position,"Electrical apparatus; photosensitive semiconductor devices, photovoltaic cells not assembled in modules or made up into panels",,8541,XVI
854143,sous_position,"Electrical apparatus; photosensitive semiconductor devices, photovoltaic cells assembled in modules or made up into panels",,8541,XVI
854149,sous_position,"Electrical apparatus; photosensitive semiconductor devices, diodes other than light emitting diodes and photovoltaic cells whether or not assembled in modules or made up into panels",,8541,XVI
854151,sous_position,"Electrical apparatus; photosensitive semiconductor devices, semiconductor-based transducers",,8541,XVI
854159,sous_position,Electrical apparatus; photosensitive semiconductor devices n.e.c. in heading no. 8541,,8541,XVI
854160,sous_position,Crystals; mounted piezo-electric,,8541,XVI
854190,sous_position,"Electrical apparatus; parts for diodes, transistors and similar semiconductor devices and photosensitive semiconductor devices",,8541,XVI
8542,position,Electronic integrated circuits,,85,XVI
854231,sous_position,"Electronic integrated circuits; processors and controllers, whether or not combined with memories, converters, logic circuits, amplifiers, clock and timing circuits, or other circuits",,8542,XVI
854232,sous_position,Electronic integrated circuits; memories,,8542,XVI
854233,sous_position,Electronic integrated circuits; amplifiers,,8542,XVI
854239,sous_position,Electronic integrated circuits; n.e.c. in heading no. 8542,,8542,XVI
854290,sous_position,Parts of electronic integrated circuits,,8542,XVI
8543,position,"Electrical machines and apparatus; having individual functions, not specified or included elsewhere in this chapter",,85,XVI
854310,sous_position,Electrical machines and apparatus; particle accelerators,,8543,XVI
854320,sous_position,Electrical machines and apparatus; signal generators,,8543,XVI
854330,sous_position,"Electrical machines and apparatus; for electroplating, electrolysis or electrophoresis",,8543,XVI
854340,sous_position,Electrical machines and apparatus; electronic cigarettes and similar personal electric vaporising devices,,8543,XVI
854370,sous_position,"Electrical machines and apparatus; having individual functions, not specified or included elsewhere in this chapter, n.e.c. in heading no. 8543",,8543,XVI
854390,sous_position,Electrical machines and apparatus; parts of the electrical goods of heading no. 8543,,8543,XVI
8544,position,"Insulated wire, cable and other electric conductors, connector fitted or not; optical fibre cables of individually sheathed fibres, whether or not assembled with electric conductors or fitted with connectors",,85,XVI
854411,sous_position,"Insulated electric conductors; winding wire, of copper",,8544,XVI
854419,sous_position,"Insulated electric conductors; winding wire, (of other than copper)",,8544,XVI
854420,sous_position,Insulated electric conductors; co-axial cable and other co-axial electric conductors,,8544,XVI
854430,sous_position,"Insulated electric conductors; ignition wiring sets and other wiring sets of a kind used in vehicles, aircraft or ships",,8544,XVI
854442,sous_position,"Insulated electric conductors; for a voltage not exceeding 1000 volts, fitted with connectors",,8544,XVI
854449,sous_position,"Insulated electric conductors; for a voltage not exceeding 1000 volts, not fitted with connectors",,8544,XVI
854460,sous_position,Insulated electric conductors; for a voltage exceeding 1000 volts,,8544,XVI
854470,sous_position,Insulated electric conductors; optical fibre cables,,8544,XVI
8545,position,"Carbon electrodes, carbon brushes, lamp carbons, battery carbons and other articles of graphite or other carbon; with or without metal, of a kind used for electrical purposes",,85,XVI
854511,sous_position,"Carbon electrodes; with or without metal, of a kind used for furnaces",,8545,XVI
854519,sous_position,"Carbon electrodes; with or without metal, of a kind used for other than furnaces",,8545,XVI
854520,sous_position,"Carbon brushes; with or without metal, used for electrical purposes",,8545,XVI
854590,sous_position,"Carbon; lamp carbons, battery carbons and other articles of graphite or other carbon, with or without metal, of a kind used for electrical purposes",,8545,XVI
8546,position,Electrical insulators of any material,,85,XVI
854610,sous_position,Electrical insulators; of glass,,8546,XVI
854620,sous_position,Electrical insulators; of ceramics,,8546,XVI
854690,sous_position,Electrical insulators; other than of glass and ceramics,,8546,XVI
8547,position,"Insulating fittings; for electrical machines, appliances, equipment, excluding insulators of heading no. 8546, electrical conduit tubing and joints therefore",,85,XVI
854710,sous_position,"Insulating fittings; of ceramics, for electrical machines, of insulating material only (except minor assembly parts), excluding those of heading no. 8546",,8547,XVI
854720,sous_position,"Insulating fittings; of plastics, for electrical machines, of insulating material only (except minor assembly parts), excluding those of heading no. 8546",,8547,XVI
854790,sous_position,"Insulating fittings; (other than of ceramics or plastics), for electrical machines, appliances and equipment, excluding insulators of heading no. 8546",,8547,XVI
8548,position,Electrical parts of machinery or apparatus; not specified or elsewhere included in this chapter,,85,XVI
854800,sous_position,Electrical parts of machinery or apparatus; not specified or elsewhere included in this chapter,,8548,XVI
8549,position,Electrical and electronic waste and scrap,,85,XVI
854911,sous_position,Waste and scrap of lead-acid accumulators; spent lead-acid accumulators,,8549,XVI
854912,sous_position,"Waste and scrap; of primary cells, primary batteries and electric accumulators, spent or not, containing lead, cadmium or mercury, other than lead-acid accumulators",,8549,XVI
854913,sous_position,"Waste and scrap; of primary cells, primary batteries and electric accumulators, spent or not, sorted by chemical type and not containing lead, cadmium or mercury",,8549,XVI
854914,sous_position,"Waste and scrap; of primary cells, primary batteries and electric accumulators, spent or not, unsorted and not containing lead, cadmium or mercury",,8549,XVI
854919,sous_position,"Waste and scrap; of primary cells, primary batteries and electric accumulators, n.e.c. in item no 8549.1",,8549,XVI
854921,sous_position,"Electrical and electronic waste and scrap; of a kind used principally for the recovery of precious metal, containing primary cells and batteries, electric accumulators, mercury-switches, glass from cathode ray tubes or other activated glass, or electrical",,8549,XVI
854929,sous_position,Waste and scrap; of a kind used principally for the recovery of precious metal n.e.c. in item no 8549.21,,8549,XVI
854931,sous_position,"Electrical and electronic waste and scrap; electrical and electronic assemblies and printed circuit boards, other than those used principally for the recovery of precious metal, containing primary cells and batteries, electric accumulators, mercury-switch",,8549,XVI
854939,sous_position,"Waste and scrap; electrical and electronic assemblies and printed circuit boards, other than those used principally for the recovery of precious metal n.e.c. in item no 8549.31",,8549,XVI
854991,sous_position,Waste and scrap; n.e.c. in heading no 8549,,8549,XVI
854999,sous_position,Waste and scrap; n.e.c. in item no 8549.91,,8549,XVI
86,chapitre,"Railway, tramway locomotives, rolling-stock and parts thereof; railway or tramway track fixtures and fittings and parts thereof; mechanical (including electro-mechanical) traffic signalling equipment of all kinds",,TOTAL,XVII
8601,position,Rail locomotives; powered from an external source of electricity or by electric accumulators,,86,XVII
860110,sous_position,Rail locomotives; powered from an external source of electricity,,8601,XVII
860120,sous_position,Rail locomotives; powered by electric accumulators,,8601,XVII
8602,position,"Rail locomotives; (other than those of heading no. 8601), locomotive tenders",,86,XVII
860210,sous_position,Rail locomotives; diesel-electric powered,,8602,XVII
860290,sous_position,Rail locomotives and locomotive tenders; other than diesel-electric powered,,8602,XVII
8603,position,"Railway or tramway coaches, vans and trucks; self-propelled tenders, other than those of heading no. 8604",,86,XVII
860310,sous_position,"Railway or tramway coaches, vans and trucks; self-propelled, powered from an external source of electricity (excluding those of heading no. 8604)",,8603,XVII
860390,sous_position,"Railway or tramway coaches, vans and trucks; self-propelled, powered other than from an external source of electricity (excluding those of heading no. 8604)",,8603,XVII
8604,position,"Railway or tramway maintenance or service vehicles; whether or not self-propelled (e.g. workshops, cranes, ballast tampers, trackliners, testing coaches and track inspection vehicles)",,86,XVII
860400,sous_position,"Railway or tramway maintenance or service vehicles; whether or not self-propelled (e.g. workshops, cranes, ballast tampers, trackliners, testing coaches and track inspection vehicles)",,8604,XVII
8605,position,"Railway or tramway coaches; passenger coaches, luggage vans, post office coaches and other special purpose railway or tramway coaches, not self-propelled (excluding those of heading no. 8604)",,86,XVII
860500,sous_position,"Railway or tramway coaches; passenger coaches, luggage vans, post office coaches and other special purpose railway or tramway coaches, not self-propelled (excluding those of heading no. 8604)",,8605,XVII
8606,position,Railway or tramway goods vans and wagons; not self-propelled,,86,XVII
860610,sous_position,"Railway or tramway goods vans and wagons; tank wagons and the like, not self-propelled",,8606,XVII
860630,sous_position,"Railway or tramway goods vans and wagons; self-discharging, not self-propelled, excluding those of item no. 8606.10",,8606,XVII
860691,sous_position,"Railway or tramway goods vans and wagons; covered and closed, not self-propelled",,8606,XVII
860692,sous_position,"Railway or tramway goods vans and wagons; open, with non-removable sides of a height exceeding 60cm, not self-propelled",,8606,XVII
860699,sous_position,"Railway or tramway goods vans and wagons; n.e.c. in heading no. 8606, not self-propelled",,8606,XVII
8607,position,Railway or tramway locomotives or rolling stock; parts thereof,,86,XVII
860711,sous_position,"Railway or tramway locomotives or rolling stock; parts, driving bogies and bissel-bogies",,8607,XVII
860712,sous_position,"Railway or tramway locomotives or rolling stock; parts, bogies and bissel-bogies (excluding driving bogies and bissel-bogies)",,8607,XVII
860719,sous_position,"Railway or tramway locomotives or rolling stock; parts, axles and wheels, and parts thereof",,8607,XVII
860721,sous_position,"Railway or tramway locomotives or rolling stock; parts, air brakes and parts thereof",,8607,XVII
860729,sous_position,"Railway or tramway locomotives or rolling stock; parts, brakes (other than air brakes) and parts thereof",,8607,XVII
860730,sous_position,"Railway or tramway locomotives or rolling stock; parts, hooks and other coupling devices, buffers and parts thereof",,8607,XVII
860791,sous_position,Railway or tramway locomotives; parts n.e.c. in heading no. 8607,,8607,XVII
860799,sous_position,Railway or tramway rolling stock; parts n.e.c. in heading no. 8607,,8607,XVII
8608,position,"Railway or tramway track fixtures and fittings; mechanical (including electro-mechanical) signalling, safety or traffic control equipment for railways, tramways, roads, inland waterways, parking facilities, port installations or airfields; parts thereof",,86,XVII
860800,sous_position,"Railway or tramway track fixtures and fittings; mechanical (including electro-mechanical) signalling, safety or traffic control equipment for railways, tramways, roads, inland waterways, parking facilities, port installations or airfields; parts thereof",,8608,XVII
8609,position,Containers; (including containers for transport of fluids) specially designed and equipped for carriage by one or more modes of transport,,86,XVII
860900,sous_position,Containers; (including containers for transport of fluids) specially designed and equipped for carriage by one or more modes of transport,,8609,XVII
87,chapitre,"Vehicles; other than railway or tramway rolling stock, and parts and accessories thereof",,TOTAL,XVII
8701,position,Tractors; (other than tractors of heading no 8709),,87,XVII
870110,sous_position,Tractors; single axle,,8701,XVII
870121,sous_position,"Tractors; road tractors for semi-trailers, with only compression-ignition internal combustion piston engine (diesel or semi-diesel)",,8701,XVII
870122,sous_position,"Tractors; road tractors for semi-trailers, with both compression-ignition internal combustion piston engine (diesel or semi-diesel) and electric motors for propulsion",,8701,XVII
870123,sous_position,"Tractors; road tractors for semi-trailers, with both spark-ignition internal combustion piston engine and electric motors for propulsion",,8701,XVII
870124,sous_position,"Tractors; road tractors for semi-trailers, with only electric motors for propulsion",,8701,XVII
870129,sous_position,"Tractors; road tractors for semi-trailers, with other propulsion methods n.e.c. in item no 8701.2",,8701,XVII
870130,sous_position,Tractors; track-laying,,8701,XVII
870191,sous_position,Tractors; n.e.c. in heading no 8701 (other than tractors of heading no 8709); of an engine power not exceeding 18kW,,8701,XVII
870192,sous_position,Tractors; n.e.c. in heading no 8701 (other than tractors of heading no 8709); of an engine power exceeding 18kW but not exceeding 37kW,,8701,XVII
870193,sous_position,Tractors; n.e.c. in heading no 8701 (other than tractors of heading no 8709); of an engine power exceeding 37kW but not exceeding 75kW,,8701,XVII
870194,sous_position,Tractors; n.e.c. in heading no 8701 (other than tractors of heading no 8709); of an engine power exceeding 75kW but not exceeding 130kW,,8701,XVII
870195,sous_position,Tractors; n.e.c. in heading no 8701 (other than tractors of heading no 8709); of an engine power exceeding 130kW,,8701,XVII
8702,position,Vehicles; public transport passenger type,,87,XVII
870210,sous_position,"Vehicles; public transport type (carries 10 or more persons, including driver), with only compression-ignition internal combustion piston engine (diesel or semi-diesel), new or used",,8702,XVII
870220,sous_position,"Vehicles; public transport type (carries 10 or more persons, including driver), with both compression-ignition internal combustion piston engine (diesel or semi-diesel) and electric motor for propulsion, new or used",,8702,XVII
870230,sous_position,"Vehicles; public transport type (carries 10 or more persons, including driver), with both compression-ignition internal combustion piston engine (diesel or semi-diesel) and electric motor for propulsion, new or used",,8702,XVII
870240,sous_position,"Vehicles; public transport type (carries 10 or more persons, including driver), with only electric motor for propulsion, new or used",,8702,XVII
870290,sous_position,"Vehicles; public transport type (carries 10 or more persons, including driver), n.e.c. in heading 8702, new or used",,8702,XVII
8703,position,"Motor cars and other motor vehicles; principally designed for the transport of persons (other than those of heading no. 8702), including station wagons and racing cars",,87,XVII
870310,sous_position,"Vehicles; specially designed for travelling on snow, golf cars and similar vehicles",,8703,XVII
870321,sous_position,"Vehicles; with only spark-ignition internal combustion piston engine, cylinder capacity not over 1000cc",,8703,XVII
870322,sous_position,"Vehicles; with only spark-ignition internal combustion piston engine, cylinder capacity over 1000 but not over 1500cc",,8703,XVII
870323,sous_position,"Vehicles; with only spark-ignition internal combustion reciprocating piston engine, cylinder capacity over 1500 but not over 3000cc",,8703,XVII
870324,sous_position,"Vehicles; with only spark-ignition internal combustion reciprocating piston engine, cylinder capacity over 3000cc",,8703,XVII
870331,sous_position,"Vehicles; with only compression-ignition internal combustion piston engine (diesel or semi-diesel), cylinder capacity not over 1500cc",,8703,XVII
870332,sous_position,"Vehicles; with only compression-ignition internal combustion piston engine (diesel or semi-diesel), cylinder capacity over 1500 but not over 2500cc",,8703,XVII
870333,sous_position,"Vehicles; with only compression-ignition internal combustion piston engine (diesel or semi-diesel), cylinder capacity over 2500cc",,8703,XVII
870340,sous_position,"Vehicles; with both spark-ignition internal combustion piston engine and electric motor for propulsion, incapable of being charged by plugging to external source of electric power",,8703,XVII
870350,sous_position,"Vehicles; with both compression-ignition internal combustion piston engine (diesel or semi-diesel) and electric motor for propulsion, incapable of being charged by plugging to external source of electric power",,8703,XVII
870360,sous_position,"Vehicles; with both spark-ignition internal combustion piston engine and electric motor for propulsion, capable of being charged by plugging to external source of electric power",,8703,XVII
870370,sous_position,"Vehicles; with both compression-ignition internal combustion piston engine (diesel or semi-diesel) and electric motor for propulsion, capable of being charged by plugging to external source of electric power",,8703,XVII
870380,sous_position,Vehicles; with only electric motor for propulsion,,8703,XVII
870390,sous_position,Vehicles; for transport of persons (other than those of heading no. 8702) n.e.c. in heading no. 8703,,8703,XVII
8704,position,Vehicles; for the transport of goods,,87,XVII
870410,sous_position,"Vehicles; dumpers, designed for off-highway use, for transport of goods",,8704,XVII
870421,sous_position,"Vehicles; with only compression-ignition internal combustion piston engine (diesel or semi-diesel), for transport of goods, (of a gvw not exceeding 5 tonnes), n.e.c. in item no 8704.1",,8704,XVII
870422,sous_position,"Vehicles; with only compression-ignition internal combustion piston engine (diesel or semi-diesel), for transport of goods, (of a g.v.w. exceeding 5 tonnes but not exceeding 20 tonnes), n.e.c. in item no 8704.1",,8704,XVII
870423,sous_position,"Vehicles; with only compression-ignition internal combustion piston engine (diesel or semi-diesel), for transport of goods, (of a g.v.w. exceeding 20 tonnes), n.e.c. in item no 8704.1",,8704,XVII
870431,sous_position,"Vehicles; with only spark-ignition internal combustion piston engine, for transport of goods, (of a g.v.w. not exceeding 5 tonnes), n.e.c. in item no 8704.1",,8704,XVII
870432,sous_position,"Vehicles; with only spark-ignition internal combustion piston engine, for transport of goods, (of a g.v.w. exceeding 5 tonnes), n.e.c. in item no 8704.1",,8704,XVII
870441,sous_position,"Vehicles; with both compression-ignition internal combustion piston engine (diesel/semi-diesel) and electric motor as motor for propulsion, unassembled as in section 14, (gvw not exceeding 5000kg), for the transport of goods, vans",,8704,XVII
870442,sous_position,"Vehicles; with both compression-ignition internal combustion piston engine (diesel/semi-diesel) and electric motors for propulsion, of a g.v.w. exceeding 5,000kg but not exceeding 20,000kg",,8704,XVII
870443,sous_position,"Vehicles; with both compression-ignition internal combustion piston engine (diesel/semi-diesel) and electric motors for propulsion, of a g.v.w. exceeding 20,000kg",,8704,XVII
870451,sous_position,"Vehicles; with both spark-ignition internal combustion piston engine and electric motors for propulsion, of a g.v.w. not exceeding 5,000kg",,8704,XVII
870452,sous_position,"Vehicles; with both spark-ignition internal combustion piston engine and electric motors for propulsion, of a g.v.w. exceeding 5,000kg",,8704,XVII
870460,sous_position,Vehicles; with only electric motor for propulsion,,8704,XVII
870490,sous_position,"Vehicles; for transport of goods, n.e.c. in heading no. 8704",,8704,XVII
8705,position,"Special purpose motor vehicles; not those for the transport of persons or goods (e.g. breakdown lorries, road sweeper lorries, spraying lorries, mobile workshops, mobile radiological units etc)",,87,XVII
870510,sous_position,Vehicles; crane lorries,,8705,XVII
870520,sous_position,Vehicles; mobile drilling derricks,,8705,XVII
870530,sous_position,Vehicles; fire fighting vehicles,,8705,XVII
870540,sous_position,Vehicles; concrete-mixer lorries,,8705,XVII
870590,sous_position,"Vehicles; break-down lorries, road-sweepers, spraying lorries, mobile workshops, mobile radiological units, and other special purpose vehicles n.e.c. in heading no. 8705",,8705,XVII
8706,position,"Chassis; fitted with engines, for the motor vehicles of heading no. 8701 to 8705",,87,XVII
870600,sous_position,"Chassis; fitted with engines, for the motor vehicles of heading no. 8701 to 8705",,8706,XVII
8707,position,Bodies; (including cabs) for the motor vehicles of heading no. 8701 to 8705,,87,XVII
870710,sous_position,Vehicles; bodies (including cabs) for the motor vehicles of heading no. 8703,,8707,XVII
870790,sous_position,"Vehicles; bodies (including cabs) for the motor vehicles of heading no. 8701, 8702, 8704 or 8705",,8707,XVII
8708,position,"Motor vehicles; parts and accessories, of heading no. 8701 to 8705",,87,XVII
870810,sous_position,"Vehicles; bumpers and parts thereof, for the vehicles of heading no. 8701 to 8705",,8708,XVII
870821,sous_position,"Vehicles; parts of bodies, safety seat belts",,8708,XVII
870822,sous_position,"Vehicles; parts and accessories, front windscreens (windshields), rear windows and other windows specified in subheading note 1 to this chapter",,8708,XVII
870829,sous_position,"Vehicles; parts and accessories, of bodies, other than safety seat belts",,8708,XVII
870830,sous_position,"Vehicle parts; brakes, servo-brakes and parts thereof",,8708,XVII
870840,sous_position,Vehicle parts; gear boxes and parts thereof,,8708,XVII
870850,sous_position,"Vehicle parts; drive-axles with differential, whether or not provided with other transmission components, and non-driving axles; parts thereof",,8708,XVII
870870,sous_position,Vehicle parts; road wheels and parts and accessories thereof,,8708,XVII
870880,sous_position,Vehicle parts; suspension systems and parts thereof (including shock-absorbers),,8708,XVII
870891,sous_position,Vehicle parts; radiators and parts thereof,,8708,XVII
870892,sous_position,Vehicle parts; silencers (mufflers) and exhaust pipes; parts thereof,,8708,XVII
870893,sous_position,Vehicle parts; clutches and parts thereof,,8708,XVII
870894,sous_position,"Vehicle parts; steering wheels, steering columns and steering boxes; parts thereof",,8708,XVII
870895,sous_position,Vehicle parts; safety airbags with inflater system; parts thereof,,8708,XVII
870899,sous_position,Vehicle parts and accessories; n.e.c. in heading no. 8708,,8708,XVII
8709,position,"Works trucks, self-propelled, (not fitted with lifting or handling equipment), for factories, warehouses etc, for short distance transport of goods, tractors used on railway station platforms; parts thereof",,87,XVII
870911,sous_position,"Vehicles; electrical, self-propelled, (not fitted with lifting or handling equipment), of the type used for short distance transport of goods in factories, warehouses, dock areas or airports",,8709,XVII
870919,sous_position,"Vehicles; (not electrical), self-propelled, without handling equipment, used for short distance transport of goods in factories, airports and such, and tractors of the type used on railway station platforms",,8709,XVII
870990,sous_position,Vehicles; parts of the vehicles of heading no. 8709,,8709,XVII
8710,position,"Tanks and other armoured fighting vehicles; motorised, whether or not fitted with weapons, and parts of such vehicles",,87,XVII
871000,sous_position,"Tanks and other armoured fighting vehicles; motorised, whether or not fitted with weapons, and parts of such vehicles",,8710,XVII
8711,position,"Motorcycles (including mopeds) and cycles; fitted with an auxiliary motor, with or without side-cars; side-cars",,87,XVII
871110,sous_position,"Motorcycles (including mopeds) and cycles; fitted with an auxiliary motor, with internal combustion piston engine of a cylinder capacity not exceeding 50cc, with or without side-cars; side-cars",,8711,XVII
871120,sous_position,"Motorcycles (including mopeds) and cycles; fitted with an auxiliary motor, internal combustion piston engine, of cylinder capacity exceeding 50cc but not exceeding 250cc, with or without side-cars; side-cars",,8711,XVII
871130,sous_position,"Motorcycles (including mopeds) and cycles; fitted with an auxiliary motor, internal combustion piston engine, of cylinder capacity exceeding 250cc but not exceeding 500cc, with or without side-cars; side-cars",,8711,XVII
871140,sous_position,"Motorcycles (including mopeds) and cycles; fitted with auxiliary motor, internal combustion piston engine of cylinder capacity exceeding 500cc but not exceeding 800cc, with or without sidecars; side-cars",,8711,XVII
871150,sous_position,"Motorcycles (including mopeds) and cycles; fitted with auxiliary motor, with internal combustion piston engine of a cylinder capacity exceeding 800cc, with or without side-cars; side-cars",,8711,XVII
871160,sous_position,"Motorcycles (including mopeds) and cycles; fitted with auxiliary motor, with electric motor for propulsion, with or without side-cars; side-cars",,8711,XVII
871190,sous_position,"Motorcycles (including mopeds) and cycles; n.e.c. in heading no. 8711, fitted with auxiliary motor, with or without side-cars; side-cars",,8711,XVII
8712,position,"Bicycles and other cycles; including delivery tricycles, not motorised",,87,XVII
871200,sous_position,"Bicycles and other cycles; including delivery tricycles, not motorised",,8712,XVII
8713,position,Carriages for disabled persons; whether or not motorised or otherwise mechanically propelled,,87,XVII
871310,sous_position,Carriages for disabled persons; not mechanically propelled,,8713,XVII
871390,sous_position,Carriages for disabled persons; mechanically propelled,,8713,XVII
8714,position,Vehicles; parts and accessories of heading no. 8711 to 8713,,87,XVII
871410,sous_position,Motorcycles (including mopeds); parts and accessories,,8714,XVII
871420,sous_position,Carriages for disabled persons; parts and accessories thereof,,8714,XVII
871491,sous_position,"Cycles; frames and forks, and parts thereof",,8714,XVII
871492,sous_position,"Cycles; parts thereof, wheel rims and spokes",,8714,XVII
871493,sous_position,"Cycles; parts thereof, hubs (other than coaster braking hubs and hub brakes) and free-wheel sprocket-wheels",,8714,XVII
871494,sous_position,"Cycles; parts thereof, brakes, including coaster braking hubs and hub-brakes, and parts thereof",,8714,XVII
871495,sous_position,"Cycles; parts thereof, saddles",,8714,XVII
871496,sous_position,"Cycles; parts, pedals and crank-gear, and parts thereof",,8714,XVII
871499,sous_position,"Cycles; parts thereof, n.e.c. in item no. 8714.9",,8714,XVII
8715,position,Baby carriages and parts thereof,,87,XVII
871500,sous_position,Baby carriages and parts thereof,,8715,XVII
8716,position,"Trailers and semi-trailers; other vehicles, not mechanically propelled; parts thereof",,87,XVII
871610,sous_position,"Trailers and semi-trailers; of the caravan type, for housing or camping",,8716,XVII
871620,sous_position,"Trailers and semi-trailers; self-loading or self-unloading, for agricultural purposes",,8716,XVII
871631,sous_position,Tanker trailers and tanker semi-trailers,,8716,XVII
871639,sous_position,Trailers and semi-trailers; (other than tanker type),,8716,XVII
871640,sous_position,Trailers and semi-trailers; n.e.c. in item no. 8716.3,,8716,XVII
871680,sous_position,Vehicles; n.e.c. in heading no. 8716,,8716,XVII
871690,sous_position,"Trailers, semi-trailers and other vehicles not mechanically propelled; parts thereof for heading no. 8716",,8716,XVII
88,chapitre,"Aircraft, spacecraft, and parts thereof",,TOTAL,XVII
8801,position,"Balloons and dirigibles; gliders, hang gliders and other non-powered aircraft.",,88,XVII
880100,sous_position,"Balloons and dirigibles; gliders, hang gliders and other non-powered aircraft.",,8801,XVII
8802,position,"Aircraft n.e.c. in heading no. 8801, except unmanned aircraft of heading 8806, (e.g. helicopters, aeroplanes); spacecraft (including satellites) and suborbital and spacecraft launch vehicles",,88,XVII
880211,sous_position,"Helicopters, except unmanned; of an unladen weight not exceeding 2000kg",,8802,XVII
880212,sous_position,"Helicopters, except unmanned; of an unladen weight exceeding 2000kg",,8802,XVII
880220,sous_position,"Aeroplanes and other aircraft, except unmanned; of an unladen weight not exceeding 2000kg",,8802,XVII
880230,sous_position,"Aeroplanes and other aircraft, except unmanned; of an unladen weight exceeding 2000kg but not exceeding 15,000kg",,8802,XVII
880240,sous_position,"Aeroplanes and other aircraft, except unmanned; of an unladen weight exceeding 15,000kg",,8802,XVII
880260,sous_position,Spacecraft; (including satellites) and suborbital and spacecraft launch vehicles,,8802,XVII
8804,position,Parachutes (including dirigible parachutes and paragliders) and rotochutes; parts thereof and accessories thereto,,88,XVII
880400,sous_position,Parachutes (including dirigible parachutes and paragliders) and rotochutes; parts thereof and accessories thereto,,8804,XVII
8805,position,"Aircraft launching gear, deck-arrestor or similar gear, ground flying trainers; parts of the foregoing articles",,88,XVII
880510,sous_position,"Aircraft launching gear, deck-arrestor or similar gear and parts thereof",,8805,XVII
880521,sous_position,Ground flying trainers and parts thereof; air combat simulators and parts thereof,,8805,XVII
880529,sous_position,Ground flying trainers and parts thereof; other than air combat simulators and parts thereof,,8805,XVII
8806,position,Unmanned aircraft,,88,XVII
880610,sous_position,Unmanned aircraft; for carriage of passengers,,8806,XVII
880621,sous_position,"Unmanned aircraft; for remote-controlled flight only, for other than for carriage of passengers, with the maximum take-off weight of not more than 250g",,8806,XVII
880622,sous_position,"Unmanned aircraft; for remote-controlled flight only, for other than for carriage of passengers, with the maximum take-off weight of more than 250g but not more than 7kg",,8806,XVII
880623,sous_position,"Unmanned aircraft; for remote-controlled flight only, for other than for carriage of passengers, with the maximum take-off weight of more than 7kg but not more than 25kg",,8806,XVII
880624,sous_position,"Unmanned aircraft; for remote-controlled flight only, for other than for carriage of passengers, with the maximum take-off weight of more than 25kg but not more than 150kg",,8806,XVII
880629,sous_position,"Unmanned aircraft; for remote-controlled flight only, for other than for carriage of passengers, with the maximum take-off weight of more than 150kg",,8806,XVII
880691,sous_position,Unmanned aircraft; for other than remote-controlled flight and other than for carriage of passengers with a maximum take-off weight not more than 250g,,8806,XVII
880692,sous_position,Unmanned aircraft; for other than remote-controlled flight and other than for carriage of passengers with a maximum take-off weight more than 250g but not more than 7kg,,8806,XVII
880693,sous_position,Unmanned aircraft; for other than remote-controlled flight and other than for carriage of passengers with a maximum take-off weight more than 7kg but not more than 25kg,,8806,XVII
880694,sous_position,Unmanned aircraft; for other than remote-controlled flight and other than for carriage of passengers with a maximum take-off weight more than 25kg but not more than 150kg,,8806,XVII
880699,sous_position,Unmanned aircraft; for other than remote-controlled flight and other than for carriage of passengers with a maximum take-off weight more than 150kg,,8806,XVII
8807,position,"Aircraft; parts of goods of heading 8801, 8802 or 8806",,88,XVII
880710,sous_position,Aircraft and spacecraft; propellers and rotors and parts thereof,,8807,XVII
880720,sous_position,Aircraft and spacecraft; under-carriages and parts thereof,,8807,XVII
880730,sous_position,"Aircraft and spacecraft; parts of aeroplanes, helicopters or unmanned aircraft n.e.c. in heading no. 8807",,8807,XVII
880790,sous_position,Aircraft and spacecraft; parts thereof n.e.c. in chapter 88,,8807,XVII
89,chapitre,"Ships, boats and floating structures",,TOTAL,XVII
8901,position,"Cruise ships, excursion boats, ferry-boats, cargo ships, barges and similar vessels for the transport of persons or goods",,89,XVII
890110,sous_position,"Cruise ships, excursion boats and similar vessels, principally designed for the transport of persons, ferry boats of all kinds",,8901,XVII
890120,sous_position,Tankers,,8901,XVII
890130,sous_position,"Vessels, refrigerated; other than tankers",,8901,XVII
890190,sous_position,"Vessels; n.e.c. in heading no. 8901, for the transport of goods and other vessels for the transport of both persons and goods",,8901,XVII
8902,position,"Fishing vessels, factory ships and other vessels; for processing or preserving fishery products",,89,XVII
890200,sous_position,"Fishing vessels, factory ships and other vessels; for processing or preserving fishery products",,8902,XVII
8903,position,"Yachts and other vessels; for pleasure or sports, rowing boats and canoes",,89,XVII
890311,sous_position,"Yachts and other vessels; for pleasure or sports, inflatable (including rigid hull inflatable), fitted or designed to be fitted with a motor, unladen (net) weight (excluding the motor) not exceeding 100kg",,8903,XVII
890312,sous_position,"Yachts and other vessels; for pleasure or sports, inflatable (including rigid hull inflatable), not designed to be used with a motor and unladen (net) weight not exceeding 100kg",,8903,XVII
890319,sous_position,"Yachts and other vessels; for pleasure or sports, inflatable (including rigid hull inflatable), unladen (net) weight exceeding 100kg",,8903,XVII
890321,sous_position,"Sailboats; (other than inflatable) with or without auxiliary motor, for pleasure or sports, of a length not exceeding 7.5m",,8903,XVII
890322,sous_position,"Sailboats; (other than inflatable) with or without auxiliary motor, for pleasure or sports, of a length exceeding 7.5m but not exceeding 24m",,8903,XVII
890323,sous_position,"Sailboats; (other than inflatable) with or without auxiliary motor, for pleasure or sports, of a length exceeding 24m",,8903,XVII
890331,sous_position,"Motorboats; (other than outboard motorboats), for pleasure or sports, other than inflatable, of a length not exceeding 7.5m",,8903,XVII
890332,sous_position,"Motorboats; (other than outboard motorboats), for pleasure or sports, other than inflatable, of a length exceeding 7.5m but not exceeding 24m",,8903,XVII
890333,sous_position,"Motorboats; (other than outboard motorboats), for pleasure or sports, other than inflatable, of a length exceeding 24m",,8903,XVII
890393,sous_position,"Vessels; (other than sailboats and motorboats), for pleasure or sports, other than inflatable, of a length not exceeding 7.5m",,8903,XVII
890399,sous_position,"Vessels; (other than sailboats and motorboats), for pleasure or sports, other than inflatable, of a length exceeding 7.5m",,8903,XVII
8904,position,Tugs and pusher craft,,89,XVII
890400,sous_position,Tugs and pusher craft,,8904,XVII
8905,position,"Light-vessels, fire-floats, dredgers, floating cranes, other vessels; the navigability of which is subsidiary to main function; floating docks, floating, submersible drilling, production platforms",,89,XVII
890510,sous_position,Dredgers,,8905,XVII
890520,sous_position,Floating or submersible drilling or production platforms,,8905,XVII
890590,sous_position,"Vessels; light, fire-floats, floating cranes and other vessels, the navigability of which is subsidiary to their main function, floating docks",,8905,XVII
8906,position,"Vessels; other, including warships and lifeboats, other than rowing boats",,89,XVII
890610,sous_position,Vessels; warships,,8906,XVII
890690,sous_position,"Vessels; other, including lifeboats other than rowing boats, other than warships",,8906,XVII
8907,position,"Boats, floating structures, other (for e.g. rafts, tanks, coffer-dams, landing stages, buoys and beacons)",,89,XVII
890710,sous_position,Rafts; inflatable,,8907,XVII
890790,sous_position,"Floating structures; tanks, coffer-dams, landing stages, buoys and beacons",,8907,XVII
8908,position,Vessels and other floating structures; for breaking up,,89,XVII
890800,sous_position,Vessels and other floating structures; for breaking up,,8908,XVII
90,chapitre,"Optical, photographic, cinematographic, measuring, checking, medical or surgical instruments and apparatus; parts and accessories",,TOTAL,XVIII
9001,position,"Optical fibres and optical fibre bundles; optical fibre cables not of heading no. 8544; sheets, plates of polarising material; lenses, prisms, mirrors, of any material; unmounted; not non optical glass",,90,XVIII
900110,sous_position,"Optical fibres, optical fibre bundles and cables; excluding those of heading no. 8544",,9001,XVIII
900120,sous_position,"Optical elements; polarising material, sheets and plates thereof",,9001,XVIII
900130,sous_position,"Lenses, contact; unmounted, of any material, excluding elements of glass not optically worked",,9001,XVIII
900140,sous_position,"Lenses, spectacle; unmounted, of glass, excluding elements of glass not optically worked",,9001,XVIII
900150,sous_position,"Lenses, spectacle; unmounted, of materials other than glass",,9001,XVIII
900190,sous_position,"Optical elements; lenses n.e.c. in heading no. 9001, prisms, mirrors and other optical elements, unmounted, of any material (excluding elements of glass not optically worked)",,9001,XVIII
9002,position,"Lenses, prisms, mirrors and other optical elements, of any material, mounted, being parts or fittings for instruments or apparatus, other than such elements of glass not optically worked",,90,XVIII
900211,sous_position,"Lenses; objective, for cameras, projectors or photographic enlargers or reducers, mounted, being parts or fittings for instruments or apparatus, of any material (excluding glass not optically worked)",,9002,XVIII
900219,sous_position,"Lenses; objective, (other than for cameras, projectors or photographic enlargers or reducers), mounted, of any material (excluding elements of glass not optically worked)",,9002,XVIII
900220,sous_position,"Filters; mounted as parts or fittings for instruments or apparatus, of any material (excluding elements of glass not optically worked)",,9002,XVIII
900290,sous_position,"Optical elements; n.e.c. in heading no. 9002 (e.g. prisms and mirrors), mounted, being parts or fittings for instruments or apparatus, of any material (excluding elements of glass not optically worked)",,9002,XVIII
9003,position,"Frames and mountings; for spectacles, goggles or the like, and parts",,90,XVIII
900311,sous_position,"Frames and mountings; for spectacles, goggles or the like, of plastics",,9003,XVIII
900319,sous_position,"Frames and mountings; for spectacles, goggles or the like, of materials other than plastics",,9003,XVIII
900390,sous_position,"Frames and mountings; parts for spectacles, goggles or the like",,9003,XVIII
9004,position,"Spectacles, goggles and the like; corrective, protective or other",,90,XVIII
900410,sous_position,"Sunglasses; corrective, protective or other",,9004,XVIII
900490,sous_position,"Spectacles, goggles and the like; (other than sunglasses) corrective, protective or other",,9004,XVIII
9005,position,"Binoculars, monoculars, other optical telescopes, mountings therefore; other astronomical instruments, mountings therefore, but not including instruments for radio-astronomy",,90,XVIII
900510,sous_position,Binoculars,,9005,XVIII
900580,sous_position,"Monoculars; other optical telescopes and astronomical instruments, excluding instruments for radio-astronomy",,9005,XVIII
900590,sous_position,"Binoculars, monoculars, other optical telescopes, astronomical instruments (excluding those of radio-astronomy); parts and accessories (including mountings)",,9005,XVIII
9006,position,"Cameras, photographic (excluding cinematographic); photographic flashlight apparatus and flashbulbs other than discharge lamps of heading no. 8539",,90,XVIII
900630,sous_position,"Cameras, photographic (excluding cinematographic); specially designed for underwater use, aerial survey, medical or surgical examination of internal organs; comparison cameras for forensic or criminological use",,9006,XVIII
900640,sous_position,"Cameras, photographic (excluding cinematographic); instant print cameras",,9006,XVIII
900653,sous_position,"Cameras, photographic (excluding cinematographic), for roll film of a width of 35mm",,9006,XVIII
900659,sous_position,"Cameras, photographic (excluding cinematographic); n.e.c. in heading no 9006",,9006,XVIII
900661,sous_position,Photographic flashlight apparatus; discharge lamp (electronic),,9006,XVIII
900669,sous_position,Photographic flashlight apparatus; n.e.c. in heading no. 9006,,9006,XVIII
900691,sous_position,"Cameras, photographic (excluding cinematographic); parts and accessories",,9006,XVIII
900699,sous_position,"Photographic flashlight apparatus; parts and accessories, for other than cameras",,9006,XVIII
9007,position,"Cinematographic cameras and projectors, whether or not incorporating sound recording or reproducing apparatus",,90,XVIII
900710,sous_position,"Cameras, cinematographic; whether or not incorporating sound recording apparatus",,9007,XVIII
900720,sous_position,"Projectors, cinematographic; whether or not incorporating sound recording or reproducing apparatus",,9007,XVIII
900791,sous_position,"Cameras, cinematographic; parts and accessories, whether or not incorporating sound recording apparatus",,9007,XVIII
900792,sous_position,"Projectors, cinematographic; parts and accessories, whether or not incorporating sound reproducing apparatus",,9007,XVIII
9008,position,"Image projectors, other than cinematographic; photographic (other than cinematographic) enlargers and reducers",,90,XVIII
900850,sous_position,"Image projectors, photographic enlargers and reducers, excluding cinematographic",,9008,XVIII
900890,sous_position,"Photographic (other than cinematographic) image projectors, enlargers, and reducers; parts and accessories",,9008,XVIII
9010,position,"Photographic (including cinematographic) laboratory apparatus and equipment, n.e.c. in chapter 90; negatoscopes; projection screens",,90,XVIII
901010,sous_position,Photographic laboratory apparatus and equipment; for automatically developing photographic (including cinematographic) film or paper in rolls or for automatically exposing developed film to rolls of paper,,9010,XVIII
901050,sous_position,"Photographic laboratory apparatus and equipment; n.e.c. in item no. 9010.10, for photographic (including cinematographic) laboratories; negatoscopes",,9010,XVIII
901060,sous_position,Photographic laboratory apparatus and equipment (including cinematographic); projection screens,,9010,XVIII
901090,sous_position,Photographic laboratory apparatus and equipment (including cinematographic); parts and accessories,,9010,XVIII
9011,position,"Microscopes, compound optical; including those for photomicrography, cinephotomicrography or microprojection",,90,XVIII
901110,sous_position,"Microscopes, compound optical; stereoscopic microscopes",,9011,XVIII
901120,sous_position,"Microscopes, compound optical; for photomicrography, cinephotomicrography or microprojection",,9011,XVIII
901180,sous_position,"Microscopes, compound optical; (other than stereoscopic and microscopes for photomicrography, cinephotomicrography or microprojection)",,9011,XVIII
901190,sous_position,"Microscopes, compound optical; parts and accessories (including those for photomicrography, cinephotomicrography or microprojection)",,9011,XVIII
9012,position,Microscopes (excluding optical microscopes); diffraction apparatus,,90,XVIII
901210,sous_position,Microscopes (excluding optical microscopes); diffraction apparatus,,9012,XVIII
901290,sous_position,Microscopes (excluding optical microscopes); diffraction apparatus; parts and accessories,,9012,XVIII
9013,position,"Lasers, other than laser diodes; other optical appliances and instruments n.e.c. in this chapter",,90,XVIII
901310,sous_position,"Optical appliances and instruments; telescopic sights for fitting to arms; periscopes; telescopes designed to form parts of machines, appliances, instruments or apparatus of this chapter",,9013,XVIII
901320,sous_position,Lasers; other than laser diodes,,9013,XVIII
901380,sous_position,"Optical devices, appliances and instruments; n.e.c. in heading no. 9013",,9013,XVIII
901390,sous_position,Optical appliances and instruments; parts and accessories for articles of heading no. 9013,,9013,XVIII
9014,position,Navigational instruments and appliances; direction finding compasses,,90,XVIII
901410,sous_position,Navigational instruments and appliances; direction finding compasses,,9014,XVIII
901420,sous_position,Navigational instruments and appliances; for aeronautical or space navigation (excluding compasses),,9014,XVIII
901480,sous_position,Navigational instruments and appliances; for navigation other than aeronautical or space navigation (excluding direction finding compasses),,9014,XVIII
901490,sous_position,Navigational instruments and appliances; parts and accessories,,9014,XVIII
9015,position,"Surveying (including photogrammetrical surveying), hydrographic, oceanographic, hydrological, meteorological or geophysical instruments and appliances, excluding compasses, rangefinders",,90,XVIII
901510,sous_position,Rangefinders,,9015,XVIII
901520,sous_position,Surveying equipment; theodolites and tachymeters (tacheometers),,9015,XVIII
901530,sous_position,Surveying equipment; levels,,9015,XVIII
901540,sous_position,Surveying equipment; photogrammetrical surveying instruments and appliances,,9015,XVIII
901580,sous_position,"Surveying equipment; articles n.e.c. in heading no. 9015, including hydrographic, oceanographic, hydrological, meteorological or geophysical instruments and appliances (excluding compasses)",,9015,XVIII
901590,sous_position,Surveying equipment; parts and accessories for articles of heading no. 9015,,9015,XVIII
9016,position,"Balances; of a sensitivity of 5cg or better, with or without weights",,90,XVIII
901600,sous_position,"Balances; of a sensitivity of 5cg or better, with or without weights",,9016,XVIII
9017,position,"Drawing, marking-out, mathematical calculating instruments (drafting machines, protractors, drawing sets etc); instruments for measuring length (e.g. measuring rods, tapes, micrometers, callipers) n.e.c.",,90,XVIII
901710,sous_position,Drafting tables and machines; whether or not automatic,,9017,XVIII
901720,sous_position,"Drawing, marking-out or mathematical calculating instruments",,9017,XVIII
901730,sous_position,"Mathematical equipment; micrometers, callipers and gauges",,9017,XVIII
901780,sous_position,Mathematical instruments and equipment; n.e.c. in heading no. 9017,,9017,XVIII
901790,sous_position,"Drawing, marking-out equipment and mathematical instruments; parts and accessories",,9017,XVIII
9018,position,"Instruments and appliances used in medical, surgical, dental or veterinary sciences, including scintigraphic apparatus, other electro-medical apparatus and sight testing instruments",,90,XVIII
901811,sous_position,"Medical, surgical instruments and appliances; electro-cardiographs",,9018,XVIII
901812,sous_position,"Medical, surgical instruments and appliances; ultrasonic scanning apparatus",,9018,XVIII
901813,sous_position,"Medical, surgical instruments and appliances; magnetic resonance imaging apparatus",,9018,XVIII
901814,sous_position,"Medical, surgical instruments and appliances; scintigraphic apparatus",,9018,XVIII
901819,sous_position,"Medical, surgical instruments and appliances; electro-diagnostic apparatus (including apparatus for functional exploratory examination or for checking physiological parameters), n.e.c. in item no. 9018.1",,9018,XVIII
901820,sous_position,"Medical, surgical instruments and appliances; ultra-violet or infra-red ray apparatus",,9018,XVIII
901831,sous_position,"Medical, surgical instruments and appliances; syringes, with or without needles",,9018,XVIII
901832,sous_position,"Medical, surgical instruments and appliances; tubular metal needles and needles for sutures",,9018,XVIII
901839,sous_position,"Medical, surgical instruments and appliances; catheters, cannulae and the like",,9018,XVIII
901841,sous_position,"Dental instruments and appliances; dental drill engines, whether or not combined on a single base with other dental equipment",,9018,XVIII
901849,sous_position,Dental instruments and appliances; other than dental drill engines,,9018,XVIII
901850,sous_position,Ophthalmic instruments and appliances,,9018,XVIII
901890,sous_position,"Medical, surgical or dental instruments and appliances; n.e.c. in heading no. 9018",,9018,XVIII
9019,position,"Mechano-therapy, massage appliances; psychological aptitude testing apparatus; ozone, oxygen, aerosol therapy, artificial respiration or other therapeutic respiration apparatus",,90,XVIII
901910,sous_position,Mechano-therapy appliances; massage apparatus and psychological aptitude-testing apparatus,,9019,XVIII
901920,sous_position,"Therapeutic respiration apparatus; ozone, oxygen, aerosol therapy apparatus; artificial respiration or other therapeutic respiration apparatus",,9019,XVIII
9020,position,Breathing appliances and gas masks; excluding protective masks having neither mechanical parts nor replaceable filters and excluding apparatus of item no. 9019.20,,90,XVIII
902000,sous_position,Breathing appliances and gas masks; excluding protective masks having neither mechanical parts nor replaceable filters and excluding apparatus of item no. 9019.20,,9020,XVIII
9021,position,"Orthopaedic appliances; including crutches, surgical belts and trusses; splints and other fracture appliances; artificial parts of the body; hearing aids and other which are worn, carried or implanted in the body to compensate for a defect or disability",,90,XVIII
902110,sous_position,Orthopaedic or fracture appliances,,9021,XVIII
902121,sous_position,Dental fittings; artificial teeth,,9021,XVIII
902129,sous_position,Dental fittings; other than artificial teeth,,9021,XVIII
902131,sous_position,Artificial parts of the body,,9021,XVIII
902139,sous_position,Artificial parts of the body; excluding artificial joints,,9021,XVIII
902140,sous_position,Hearing aids (excluding parts and accessories),,9021,XVIII
902150,sous_position,Pacemakers; for stimulating heart muscles (excluding parts and accessories),,9021,XVIII
902190,sous_position,"Appliances; worn, carried or implanted in the body, to compensate for a defect or disability",,9021,XVIII
9022,position,"Apparatus based on the use of x-rays or of alpha, beta, gamma or other ionising radiations, whether or not for medical, surgical, dental or veterinary uses, including radiography or radiotherapy apparatus, x-ray tubes and other x-ray generators, high tens",,90,XVIII
902212,sous_position,"Apparatus based on the use of x-rays; including radiography or radiotherapy apparatus, whether or not for medical, surgical, dental or veterinary uses, computed tomography apparatus",,9022,XVIII
902213,sous_position,"Apparatus based on the use of x-rays; including radiography or radiotherapy apparatus, for dental uses, excluding computed tomography apparatus",,9022,XVIII
902214,sous_position,"Apparatus based on the use of x-rays; including radiography or radiotherapy apparatus, for medical, surgical or veterinary uses, not dental uses, excluding computed tomography apparatus",,9022,XVIII
902219,sous_position,"Apparatus based on the use of x-rays, including radiography or radiotherapy apparatus; for other than medical, surgical, dental or veterinary uses",,9022,XVIII
902221,sous_position,"Apparatus based on the use of alpha, beta, gamma or other ionising radiations, including radiography or radiotherapy apparatus; for medical, surgical, dental or veterinary uses",,9022,XVIII
902229,sous_position,"Apparatus based on the use of alpha, beta, gamma or other ionising radiations, including radiography or radiotherapy apparatus; (for other than medical, surgical, dental or veterinary uses)",,9022,XVIII
902230,sous_position,X-ray tubes,,9022,XVIII
902290,sous_position,"Apparatus based on use of x-rays and similar; parts and accessories (x-ray generators, tubes, high tension generators, control panels and desks, screens, examination or treatment tables, chairs and like",,9022,XVIII
9023,position,"Instruments, apparatus and models, designed for demonstrational purposes (in education or exhibitions), unsuitable for other uses",,90,XVIII
902300,sous_position,"Instruments, apparatus and models; designed for demonstrational purposes (in education or exhibitions), unsuitable for other uses",,9023,XVIII
9024,position,"Machines and appliances for testing the hardness, strength, compressibility, elasticity of other mechanical properties of materials (e.g. metals, wood, textiles, paper, plastics)",,90,XVIII
902410,sous_position,"Machines and appliances; for testing the hardness, strength, compressibility, elasticity or other mechanical properties of metals",,9024,XVIII
902480,sous_position,"Machines and appliances; for testing the hardness, strength, compressibility, elasticity or other mechanical properties of materials other than metals",,9024,XVIII
902490,sous_position,"Machines and appliances; parts and accessories for those testing hardness, strength, compressibility, elasticity or other mechanical properties of materials (e.g. metal, wood, textiles, paper, plastics)",,9024,XVIII
9025,position,"Hydrometers and similar floating instruments, thermometers, pyrometers, barometers, hygrometers and psychrometers, recording or not",,90,XVIII
902511,sous_position,"Thermometers and pyrometers; liquid filled, for direct reading, not combined with other instruments",,9025,XVIII
902519,sous_position,"Thermometers and pyrometers; (other than liquid filled, for direct reading), not combined with other instruments",,9025,XVIII
902580,sous_position,"Hydrometers and similar floating instruments, barometers, hygrometers, psychrometers, thermometers, pyrometers; recording or not, any combination of these instruments (excluding thermometers and barometers not combined with other instruments)",,9025,XVIII
902590,sous_position,"Hydrometers and similar floating instruments, barometers, hygrometers, psychrometers, thermometers, pyrometers; recording or not, any combination of these instruments, parts and accessories",,9025,XVIII
9026,position,"Instruments, apparatus for measuring or checking the flow, level, pressure of liquids, gases (e.g. flow meters, heat meters etc), not instruments and apparatus of heading no. 9014, 9015, 9028 or 9032",,90,XVIII
902610,sous_position,Instruments and apparatus; for measuring or checking the flow or level of liquids,,9026,XVIII
902620,sous_position,Instruments and apparatus; for measuring or checking pressure,,9026,XVIII
902680,sous_position,"Instruments and apparatus; for measuring or checking variables of liquids or gases (excluding pressure or the flow and level of liquids and those of heading no. 9014, 9015, 9028 and 9032)",,9026,XVIII
902690,sous_position,"Instruments and apparatus; parts and accessories for those measuring or checking the flow, level, pressure or other variables of liquids or gases (excluding those of heading no. 9014, 9015, 9028 or 9032)",,9026,XVIII
9027,position,"Instruments and apparatus; for physical or chemical analysis (e.g. polarimeters, spectrometers), for measuring or checking viscosity, porosity, etc, for measuring quantities of heat, sound or light",,90,XVIII
902710,sous_position,"Instruments and apparatus; gas or smoke analysis apparatus, for physical or chemical analysis",,9027,XVIII
902720,sous_position,Chromatographs and electrophoresis instruments,,9027,XVIII
902730,sous_position,"Spectrometers, spectrophotometers and spectrographs; using optical radiations (UV, visible, IR)",,9027,XVIII
902750,sous_position,"Instruments and apparatus; using optical radiations (UV, visible, IR), (other than spectrometers, spectrophotometers and spectrographs)",,9027,XVIII
902781,sous_position,"Instruments and apparatus; for physical or chemical analysis, for measuring or checking viscosity, porosity, expansion, surface tension or quantities of heat, sound or light, mass spectrometers",,9027,XVIII
902789,sous_position,"Instruments and apparatus; for physical or chemical analysis, for measuring or checking viscosity, porosity, expansion, surface tension or quantities of heat, sound or light, exposure meters",,9027,XVIII
902790,sous_position,Microtomes and parts and accessories thereof,,9027,XVIII
9028,position,"Gas, liquid or electricity supply or production meters, including calibrating meters therefor",,90,XVIII
902810,sous_position,"Meters; gas, supply or production meters, including calibrating meters thereof",,9028,XVIII
902820,sous_position,"Meters; liquid supply or production meters, including calibrating meters thereof",,9028,XVIII
902830,sous_position,"Meters; electricity supply or production meters, including calibrating meters thereof",,9028,XVIII
902890,sous_position,"Meters; parts and accessories of gas, liquid, electricity supply or production meters, including calibrating meters thereof",,9028,XVIII
9029,position,"Revolution counter, production counters, taximeters, mileometers, pedometers and the like, speed indicators and tachometers, other than those of heading no. 9015, stroboscopes",,90,XVIII
902910,sous_position,"Meters and counters; revolution counters, production counters, taximeters, mileometers, pedometers and the like",,9029,XVIII
902920,sous_position,Meters; speed indicators and tachometers; stroboscopes,,9029,XVIII
902990,sous_position,"Meters and counters; parts and accessories for revolution and production counters, taximeters, mileometers, pedometers and the like; speed indicators, tachometers (excluding heading no. 9015), stroboscopes",,9029,XVIII
9030,position,"Instruments, apparatus for measuring, checking electrical quantities not meters of heading no. 9028; instruments, apparatus for measuring or detecting alpha, beta, gamma, x-ray, cosmic and other radiations",,90,XVIII
903010,sous_position,Instruments and apparatus; for measuring or detecting ionising radiations,,9030,XVIII
903020,sous_position,Oscilloscopes and oscillographs,,9030,XVIII
903031,sous_position,"Multimeters; for measuring or checking voltage, current, resistance or power (other than those for measuring or checking semiconductor wafer or devices), without a recording device",,9030,XVIII
903032,sous_position,"Multimeters; for measuring or checking voltage, current, resistance or power, with a recording device",,9030,XVIII
903033,sous_position,"Instruments and apparatus; for measuring or checking voltage, current, resistance or power, without a recording device (excluding multimeters)",,9030,XVIII
903039,sous_position,"Instruments and apparatus; for measuring or checking voltage, current, resistance or power, with a recording device (excluding multimeters)",,9030,XVIII
903040,sous_position,"Instruments and apparatus; specially designed for telecommunications (e.g. cross-talk meters, gain measuring instruments, distortion factor meters, psophometers)",,9030,XVIII
903082,sous_position,Instruments and apparatus; for measuring or checking semiconductor wafers or devices (including integrated circuits),,9030,XVIII
903084,sous_position,"Instruments and apparatus; n.e.c. in heading no. 9030, with a recording device",,9030,XVIII
903089,sous_position,"Instruments and apparatus; n.e.c. in heading no. 9030, without a recording device",,9030,XVIII
903090,sous_position,"Instruments, apparatus for measuring, checking electrical quantities, not meters of heading no. 9028; parts and accessories, for measuring or detecting alpha, beta, gamma, x-ray, cosmic and other radiations",,9030,XVIII
9031,position,"Measuring or checking instruments, appliances and machines, n.e.c. or included in this chapter; profile projectors",,90,XVIII
903110,sous_position,Machines; for balancing mechanical parts,,9031,XVIII
903120,sous_position,Test benches,,9031,XVIII
903141,sous_position,"Optical instruments and appliances; for inspecting semiconductor wafers or devices or for inspecting photomasks or reticles used in manufacturing semiconductor devices, n.e.c. in chapter 90",,9031,XVIII
903149,sous_position,"Optical instruments and appliances; for measuring or checking, n.e.c. in chapter 90",,9031,XVIII
903180,sous_position,"Instruments, appliances and machines; for measuring or checking n.e.c. in chapter 90",,9031,XVIII
903190,sous_position,"Instruments, appliances and machines; parts and accessories for those measuring or checking devices of heading no. 9031",,9031,XVIII
9032,position,Regulating or controlling instruments and apparatus; automatic type,,90,XVIII
903210,sous_position,"Regulating or controlling instruments and apparatus; automatic type, thermostats",,9032,XVIII
903220,sous_position,"Regulating or controlling instruments and apparatus; automatic, manostats",,9032,XVIII
903281,sous_position,"Regulating or controlling instruments and apparatus; automatic, hydraulic or pneumatic",,9032,XVIII
903289,sous_position,"Regulating or controlling instruments and apparatus; automatic, other than hydraulic or pneumatic",,9032,XVIII
903290,sous_position,"Regulating or controlling instruments and apparatus; automatic, parts and accessories",,9032,XVIII
9033,position,"Machines and appliances, instruments or apparatus of chapter 90; parts and accessories n.e.c. in chapter 90",,90,XVIII
903300,sous_position,"Machines and appliances, instruments or apparatus of chapter 90; parts and accessories n.e.c. in chapter 90",,9033,XVIII
91,chapitre,Clocks and watches and parts thereof,,TOTAL,XVIII
9101,position,"Wrist-watches, pocket-watches, stop-watches and other watches; with case of precious metal or of metal clad with precious metal",,91,XVIII
910111,sous_position,"Wrist-watches; electrically operated, with or without a stop-watch, with case of precious metal or of metal clad with precious metal, with mechanical display only",,9101,XVIII
910119,sous_position,"Wrist-watches; electrically operated, with or without a stop-watch, with case of precious metal or metal clad with precious metal, without mechanical display",,9101,XVIII
910121,sous_position,"Wrist-watches; (not electrically operated), automatic winding, whether or not incorporating a stop-watch facility, case of precious metal or of metal clad with precious metal",,9101,XVIII
910129,sous_position,"Wrist-watches; (not electrically operated), (not automatic winding), whether or not incorporating a stop-watch facility, case of precious metal or of metal clad with precious metal",,9101,XVIII
910191,sous_position,"Pocket-watches and other watches, including stop-watches; (excluding wrist-watches), with case of precious metal or of metal clad with precious metal, electrically operated",,9101,XVIII
910199,sous_position,"Pocket-watches and other watches, including stop-watches; (excluding wrist-watches), with case of precious metal or of metal clad with precious metal, not electrically operated",,9101,XVIII
9102,position,"Wrist-watches, pocket-watches, stop-watches and other watches, other than those of heading no. 9101",,91,XVIII
910211,sous_position,"Wrist-watches; electrically operated, with or without a stop-watch, (other than those of heading no. 9101) with mechanical display only",,9102,XVIII
910212,sous_position,"Wrist-watches; electrically operated, with or without a stop-watch, (other than those of heading no. 9101) with opto-electronic display only",,9102,XVIII
910219,sous_position,"Wrist-watches; electrically operated, with or without a stop-watch, (other than those of heading no. 9101) without mechanical or opto-electronic display",,9102,XVIII
910221,sous_position,"Wrist-watches; whether or not incorporating a stop-watch facility, with automatic winding",,9102,XVIII
910229,sous_position,"Wrist-watches; whether or not incorporating a stop-watch facility, with other than automatic winding",,9102,XVIII
910291,sous_position,"Pocket watches and other watches, including stop-watches; (excluding wrist-watches), other than those of heading no. 9101, electrically operated",,9102,XVIII
910299,sous_position,"Pocket watches and other watches, including stop-watches; (excluding wrist-watches), other than those of heading no. 9101, other than electrically operated",,9102,XVIII
9103,position,"Clocks; with watch movements, excluding clocks of heading no. 9104",,91,XVIII
910310,sous_position,"Clocks; with watch movements, electrically operated, excluding clocks of heading no. 9104",,9103,XVIII
910390,sous_position,"Clocks; with watch movements, other than electrically operated, excluding clocks of heading no. 9104",,9103,XVIII
9104,position,"Instrument panel clocks and clocks of a similar type for vehicles, aircraft, spacecraft or vessels",,91,XVIII
910400,sous_position,"Clocks; instrument panel clocks and clocks of a similar type for vehicles, aircraft, spacecraft or vessels",,9104,XVIII
9105,position,"Clocks, other, n.e.c.",,91,XVIII
910511,sous_position,"Clocks; (excluding those with watch movements and instrument panel clocks), alarm clocks, electrically operated",,9105,XVIII
910519,sous_position,"Clocks; (excluding those with watch movements and instrument panel clocks), alarm clocks, other than electrically operated",,9105,XVIII
910521,sous_position,"Clocks; (excluding those with watch movements and instrument panel clocks), wall clocks, electrically operated",,9105,XVIII
910529,sous_position,"Clocks; (excluding those with watch movements and instrument panel clocks), wall clocks, other than electrically operated",,9105,XVIII
910591,sous_position,"Clocks; (excluding those with watch movements and instrument panel clocks), (other than alarm or wall clocks), electrically operated",,9105,XVIII
910599,sous_position,"Clocks; (excluding those with watch movements and instrument panel clocks), other than alarm or wall clocks, other than electrically operated",,9105,XVIII
9106,position,"Time of day recording apparatus and apparatus for measuring, recording or otherwise indicating intervals of time, with clock, watch movement or synchronous motor",,91,XVIII
910610,sous_position,"Time recording apparatus; time-registers, time recorders, with clock, watch movement or synchronous motor",,9106,XVIII
910690,sous_position,"Time recording apparatus; with clock or watch movement or with synchronous motor, n.e.c. in heading no. 9106",,9106,XVIII
9107,position,"Time switches; with clock, watch movement or synchronous motor",,91,XVIII
910700,sous_position,"Time switches; with clock, watch movement or synchronous motor",,9107,XVIII
9108,position,Watch movements; complete and assembled,,91,XVIII
910811,sous_position,"Watch movements; complete and assembled, electrically operated, with mechanical display only or with a device to which a mechanical display can be incorporated",,9108,XVIII
910812,sous_position,"Watch movements; complete and assembled, electrically operated, by means of solar cells, with opto-electronic display",,9108,XVIII
910819,sous_position,"Watch movements; complete and assembled, electrically operated, by means of solar cells, without mechanical display or device including such or opto-electronic display",,9108,XVIII
910820,sous_position,"Watch movements; complete and assembled, with automatic winding",,9108,XVIII
910890,sous_position,"Watch movements; complete and assembled, not automatic winding or electrically operated",,9108,XVIII
9109,position,Clock movements; complete and assembled,,91,XVIII
910910,sous_position,"Clock movements; complete and assembled, electrically operated",,9109,XVIII
910990,sous_position,"Clock movements; complete and assembled, other than electrically operated",,9109,XVIII
9110,position,"Watch or clock movements, complete, unassembled or partly assembled (movement sets); incomplete watch or clock movements, assembled; rough watch or clock movements",,91,XVIII
911011,sous_position,"Watches; complete movements, unassembled or partly assembled (movement sets)",,9110,XVIII
911012,sous_position,"Watches; incomplete movements, assembled",,9110,XVIII
911019,sous_position,Watches; rough movements,,9110,XVIII
911090,sous_position,"Clocks; movements, whether or not complete, incomplete, assembled or unassembled",,9110,XVIII
9111,position,Watch cases and parts thereof,,91,XVIII
911110,sous_position,Watch cases; of precious metal or of metal clad with precious metal,,9111,XVIII
911120,sous_position,"Watch cases; of base metal, whether or not gold-plated or silver-plated",,9111,XVIII
911180,sous_position,Watch cases; n.e.c. in heading no. 9111,,9111,XVIII
911190,sous_position,Watch cases and parts thereof,,9111,XVIII
9112,position,Clock cases and cases of a similar type for other goods of this chapter and parts thereof,,91,XVIII
911220,sous_position,Clock cases and similar cases for other goods of chapter 91; other than watch cases,,9112,XVIII
911290,sous_position,"Clock cases and similar cases for other goods of chapter 91; other than watch cases, parts thereof",,9112,XVIII
9113,position,"Watch straps, watch bands, watch bracelets and parts thereof",,91,XVIII
911310,sous_position,"Watch straps, watch bands, watch bracelets, and parts thereof; of precious metal or of metal clad with precious metal",,9113,XVIII
911320,sous_position,"Watch straps, watch bands, watch bracelets, and parts thereof; of base metal, whether or not gold- or silver-plated",,9113,XVIII
911390,sous_position,"Watch straps, watch bands, watch bracelets, and parts thereof; n.e.c. in heading no. 9113",,9113,XVIII
9114,position,Clock or watch parts; n.e.c. in chapter 91,,91,XVIII
911430,sous_position,Clock or watch parts; dials,,9114,XVIII
911440,sous_position,Clock or watch parts; plates and bridges,,9114,XVIII
911490,sous_position,"Clock or watch parts; other than springs (including hair-springs), dials, plates, and bridges",,9114,XVIII
92,chapitre,Musical instruments; parts and accessories of such articles,,TOTAL,XVIII
9201,position,"Pianos; including automatic pianos, harpsichords and other keyboard stringed instruments",,92,XVIII
920110,sous_position,"Musical instruments; pianos, upright, including automatic pianos",,9201,XVIII
920120,sous_position,"Musical instruments; pianos, grand",,9201,XVIII
920190,sous_position,Musical instruments; harpsichords and other keyboard stringed instruments n.e.c. in heading no. 9201,,9201,XVIII
9202,position,"Musical instruments; string, n.e.c. in heading no. 9201, (e.g. guitars, violins, harps)",,92,XVIII
920210,sous_position,"Musical instruments; string, played with a bow (e.g. violins)",,9202,XVIII
920290,sous_position,"Musical instruments; string, played other than with a bow (e.g. guitars and harps)",,9202,XVIII
9205,position,"Musical instruments; wind (e.g. keyboard pipe organs, accordions, clarinets, trumpets, bagpipes), other than fairground organs and mechanical street organs",,92,XVIII
920510,sous_position,"Musical instruments; brass-wind (e.g. trumpets), other than fairground organs and mechanical street organs",,9205,XVIII
920590,sous_position,"Musical instruments; wind, other than brass, (eg. clarinet, bagpipes, pipe organs), other than fairground organs and mechanical street organs",,9205,XVIII
9206,position,"Musical instruments; percussion (e.g. drums, xylophones, cymbals, castanets, maracas)",,92,XVIII
920600,sous_position,"Musical instruments; percussion (e.g. drums, xylophones, cymbals, castanets, maracas)",,9206,XVIII
9207,position,"Musical instruments; the sound of which is produced or must be amplified, electrically (e.g. organs, guitars, accordions)",,92,XVIII
920710,sous_position,"Musical instruments; keyboard, (other than accordions), the sound of which is produced or must be amplified electrically",,9207,XVIII
920790,sous_position,"Musical instruments; (other than keyboard), the sound of which is produced or must be amplified electrically",,9207,XVIII
9208,position,"Musical boxes, fairground and mechanical street organs, mechanical singing birds, musical saws and musical instruments n.e.c. in chapter 92; decoy calls of all kinds; whistles; call horns and other mouth-blown sound signalling instruments",,92,XVIII
920810,sous_position,Musical boxes,,9208,XVIII
920890,sous_position,"Fairground and mechanical street organs, mechanical singing birds, musical saws and musical instruments n.e.c. in chapter 92; decoy calls of all kinds; whistles; call horns and other mouth-blown sound signalling instruments",,9208,XVIII
9209,position,"Musical instrument parts (for example, mechanisms for musical boxes) and accessories (for example, cards, discs and rolls for mechanical instruments); metronomes, tuning forks and pitch pipes",,92,XVIII
920930,sous_position,Musical instrument strings,,9209,XVIII
920991,sous_position,Musical instruments; parts and accessories for pianos,,9209,XVIII
920992,sous_position,Musical instruments; parts and accessories for string musical instruments other than keyboard instruments,,9209,XVIII
920994,sous_position,"Musical instruments; parts and accessories for the musical instruments the sound of which is produced or must be amplified electrically (e.g. organs, guitars and accordions)",,9209,XVIII
920999,sous_position,"Musical instruments; parts and accessories for musical instruments n.e.c. in heading no. 9209; metronomes, tuning forks and pitch pipes",,9209,XVIII
93,chapitre,Arms and ammunition; parts and accessories thereof,,TOTAL,XIX
9301,position,"Military weapons; other than revolvers, pistols and arms of heading no. 9307",,93,XIX
930110,sous_position,"Military weapons; artillery weapons (e.g. guns, howitzers, and mortars)",,9301,XIX
930120,sous_position,"Military weapons; rocket launchers, flame-throwers, grenade launchers, torpedo tubes and similar projectors",,9301,XIX
930190,sous_position,"Military weapons; other than revolvers, pistols, and arms of heading 9307, n.e.c. in heading 9301",,9301,XIX
9302,position,Revolvers and pistols; other than those of heading no. 9303 or 9304,,93,XIX
930200,sous_position,Revolvers and pistols; other than those of heading no. 9303 or 9304,,9302,XIX
9303,position,"Firearms; other similar devices (e.g. sporting shotguns and rifles, muzzle-loading firearms, very pistols, devices for firing flares or blank ammunition, captive bolt humane killers, line throwing guns)",,93,XIX
930310,sous_position,Firearms; muzzle-loading,,9303,XIX
930320,sous_position,"Firearms; sporting, hunting or target-shooting shotguns, including combination shotgun-rifles",,9303,XIX
930330,sous_position,"Firearms; sporting, hunting or target-shooting rifles n.e.c. in heading no. 9303",,9303,XIX
930390,sous_position,Firearms; n.e.c. in heading no. 9303,,9303,XIX
9304,position,"Firearms; (e.g. spring, air or gas guns and pistols, truncheons), excluding those of heading no. 9307",,93,XIX
930400,sous_position,"Firearms; (e.g. spring, air or gas guns and pistols, truncheons), excluding those of heading no. 9307",,9304,XIX
9305,position,Firearms; parts and accessories of articles of heading no. 9301 to 9304,,93,XIX
930510,sous_position,"Firearms; parts and accessories, of revolvers or pistols",,9305,XIX
930520,sous_position,"Firearms; parts and accessories, of shotguns or rifles of heading 9303",,9305,XIX
930591,sous_position,"Firearms; parts and accessories, of military weapons of heading 9301",,9305,XIX
930599,sous_position,"Firearms; parts and accessories, of firearms other than the military weapons of heading 9301",,9305,XIX
9306,position,"Bombs, grenades, torpedoes, mines, missiles and similar munitions of war and parts thereof; cartridges and other ammunition, projectiles and parts thereof, including shot and cartridge wads",,93,XIX
930621,sous_position,Ammunition; shotgun cartridges,,9306,XIX
930629,sous_position,Ammunition; parts of shotgun cartridges,,9306,XIX
930630,sous_position,Ammunition; cartridges and parts thereof n.e.c. in heading no. 9306,,9306,XIX
930690,sous_position,Ammunition; n.e.c. in chapter 93,,9306,XIX
9307,position,"Arms; swords, cutlasses, bayonets, lances and the like, parts thereof and scabbards and sheaths therefor",,93,XIX
930700,sous_position,"Arms; swords, cutlasses, bayonets, lances and the like, parts thereof and scabbards and sheaths therefor",,9307,XIX
94,chapitre,"Furniture; bedding, mattresses, mattress supports, cushions and similar stuffed furnishings; lamps and lighting fittings, n.e.c.; illuminated signs, illuminated name-plates and the like; prefabricated buildings",,TOTAL,XX
9401,position,"Seats (not those of heading no. 9402), whether or not convertible into beds and parts thereof",,94,XX
940110,sous_position,Seats; of a kind used for aircraft,,9401,XX
940120,sous_position,Seats; of a kind used for motor vehicles,,9401,XX
940131,sous_position,"Seats; swivel with variable height adjustment of wood, excluding medical, surgical, dental, veterinary or barber furniture",,9401,XX
940139,sous_position,"Seats; swivel with variable height adjustment of other than wood, excluding medical, surgical, dental, veterinary or barber furniture",,9401,XX
940141,sous_position,"Seats; convertible into beds of wood, other than garden seats or camping equipment",,9401,XX
940149,sous_position,"Seats; convertible into beds of other than wood, other than garden seats or camping equipment",,9401,XX
940152,sous_position,Seats; of bamboo,,9401,XX
940153,sous_position,Seats; of rattan,,9401,XX
940159,sous_position,"Seats; of cane, osier or similar materials, other than bamboo or rattan",,9401,XX
940161,sous_position,"Seats; with wooden frames, upholstered, (excluding medical, surgical, dental, veterinary or barber furniture)",,9401,XX
940169,sous_position,"Seats; with wooden frames, not upholstered, (excluding medical, surgical, dental, veterinary or barber furniture)",,9401,XX
940171,sous_position,"Seats; with metal frames, upholstered, (excluding medical, surgical, dental, veterinary or barber furniture)",,9401,XX
940179,sous_position,"Seats; with metal frames, not upholstered, (excluding medical, surgical, dental, veterinary or barber furniture)",,9401,XX
940180,sous_position,"Seats; n.e.c. in heading no. 9401, (excluding medical, surgical, dental, veterinary or barber furniture)",,9401,XX
940191,sous_position,"Seats; parts, of wood, (other than for use in the assembly of motor vehicles as determined by the minister, other than automotive)",,9401,XX
940199,sous_position,"Seats; parts, (of other than wood) for use in the assembly of motor vehicles as determined by the minister",,9401,XX
9402,position,"Furniture; medical, surgical, dental or veterinary (e.g. operating tables, hospital beds, dentists' chairs) barbers' chairs; parts",,94,XX
940210,sous_position,"Chairs; dentists', barbers' or similar chairs having rotating as well as both reclining and elevating movements, and parts thereof",,9402,XX
940290,sous_position,"Furniture; for medical, surgical, veterinary use (e.g. operating tables, examination tables, hospital beds with mechanical fittings) and parts thereof",,9402,XX
9403,position,"Furniture and parts thereof, n.e.c. in chapter 94",,94,XX
940310,sous_position,"Furniture; metal, for office use",,9403,XX
940320,sous_position,"Furniture; metal, other than for office use",,9403,XX
940330,sous_position,"Furniture; wooden, for office use",,9403,XX
940340,sous_position,"Furniture; wooden, for kitchen use",,9403,XX
940350,sous_position,"Furniture; wooden, for bedroom use",,9403,XX
940360,sous_position,"Furniture; wooden, other than for office, kitchen or bedroom use",,9403,XX
940370,sous_position,Furniture; plastic,,9403,XX
940382,sous_position,Furniture; of bamboo,,9403,XX
940383,sous_position,Furniture; of rattan,,9403,XX
940389,sous_position,"Furniture; of cane, osier, or similar materials (other than bamboo or rattan)",,9403,XX
940391,sous_position,"Furniture; parts, of wood",,9403,XX
940399,sous_position,"Furniture; parts, of other than wood",,9403,XX
9404,position,"Mattress supports; articles of bedding (e.g. mattresses, quilts, eiderdowns, cushions pouffes and pillows), fitted with springs or stuffed, whether or not covered",,94,XX
940410,sous_position,Mattress supports,,9404,XX
940421,sous_position,"Mattresses; of cellular rubber or plastics, whether or not covered",,9404,XX
940429,sous_position,"Mattresses; of other materials, not cellular rubber or plastics",,9404,XX
940430,sous_position,Sleeping bags,,9404,XX
940440,sous_position,"Quilts, bedspreads, eiderdowns and duvets (comforters)",,9404,XX
940490,sous_position,"Bedding and similar furnishing articles; n.e.c. in heading no. 9404 (e.g. quilts, eiderdowns, cushions, pouffes and pillows)",,9404,XX
9405,position,"Luminaires and light fittings; including searchlights, spotlights and parts thereof, n.e.c.; illuminated signs, name-plates and the like, having permanently fixed light source and parts thereof n.e.c. or included",,94,XX
940511,sous_position,"Luminaires and light fittings; chandeliers and electric ceiling or wall light fittings; (excluding those used for lighting public open spaces or thoroughfares), for use solely with light-emitting diode (LED) light sources",,9405,XX
940519,sous_position,"Chandeliers and electric ceiling or wall light fittings; (excluding those used for lighting public open spaces or thoroughfares), for use other than with light-emitting diode (LED) light sources",,9405,XX
940521,sous_position,"Luminaires and light fittings; electric, table, desk, bedside or floor-standing, for use solely with light-emitting diode (LED) light sources",,9405,XX
940529,sous_position,"Luminaires and light fittings; electric, table, desk, bedside or floor-standing, for other than use solely with light-emitting diode (LED) light sources",,9405,XX
940531,sous_position,"Luminaires and light fittings; electric, lighting strings of a kind used for Christmas trees, for use solely with light-emitting diode (LED) light sources",,9405,XX
940539,sous_position,"Luminaires and light fittings; electric, lighting strings of a kind used for Christmas trees, for other than use solely with light-emitting diode (LED) light sources",,9405,XX
940541,sous_position,"Luminaires and light fittings; electric, photovoltaic, designed for use solely with light-emitting diode (LED) light sources",,9405,XX
940542,sous_position,"Luminaires and light fittings; electric, designed for use solely with light-emitting diode (LED) light sources",,9405,XX
940549,sous_position,"Luminaires and light fittings; electric, designed for other than use solely with light-emitting diode (LED) light sources",,9405,XX
940550,sous_position,Luminaires and light fittings; non-electric,,9405,XX
940561,sous_position,"Luminaires; illuminated signs, illuminated name-plates and the like, designed for use solely with light-emitting diode (LED) light sources",,9405,XX
940569,sous_position,"Luminaires; illuminated signs, illuminated name-plates and the like, designed for other than use solely with light-emitting diode (LED) light sources",,9405,XX
940591,sous_position,"Lamps and light fittings; parts thereof, of glass",,9405,XX
940592,sous_position,"Lamps and light fittings; parts thereof, of plastics",,9405,XX
940599,sous_position,"Lamps and light fittings; parts thereof, of materials other than glass or plastics",,9405,XX
9406,position,Buildings; prefabricated,,94,XX
940610,sous_position,"Buildings; prefabricated, of wood",,9406,XX
940620,sous_position,"Buildings; modular building units, of steel",,9406,XX
940690,sous_position,"Buildings; prefabricated, not of wood",,9406,XX
95,chapitre,"Toys, games and sports requisites; parts and accessories thereof",,TOTAL,XX
9503,position,"Tricycles, scooters, pedal cars and similar wheeled toys; dolls' carriages; dolls; other toys; reduced-size (scale) models and similar recreational models, working or not; puzzles of all kinds",,95,XX
950300,sous_position,"Tricycles, scooters, pedal cars and similar wheeled toys; dolls' carriages; dolls; other toys; reduced-size (scale) models and similar recreational models, working or not; puzzles of all kinds",,9503,XX
9504,position,"Video game consoles and machines, articles for funfair, table or parlour games, including pintables, billiards, special tables for casino games and automatic bowling alley equipment",,95,XX
950420,sous_position,Billiard articles and accessories of all kinds,,9504,XX
950430,sous_position,"Games; operated by coins, banknotes, bank cards, tokens or by other means of payment, other than billiard articles and accesssories, and automatic bowling alley equipment",,9504,XX
950440,sous_position,Games; playing cards,,9504,XX
950450,sous_position,"Games; video game consoles and machines, other than those of subheading 9504.30",,9504,XX
950490,sous_position,"Games; articles for funfair, table or parlour games, including pintables, special tables for casino games, automatic bowling alley equipment, n.e.c. in heading 9504",,9504,XX
9505,position,"Festive, carnival or other entertainment articles, including conjuring tricks and novelty jokes",,95,XX
950510,sous_position,Christmas festivity articles,,9505,XX
950590,sous_position,"Festive, carnival or other entertainment articles including novelty jokes and conjuring tricks; other than Christmas festivity articles",,9505,XX
9506,position,"Gymnastics, athletics, other sports (including table tennis) or outdoor games equipment, n.e.c. in this chapter, swimming pools and paddling pools",,95,XX
950611,sous_position,Skis; for snow,,9506,XX
950612,sous_position,Ski-fastenings (ski-bindings); for snow-skis,,9506,XX
950619,sous_position,Snow-ski equipment,,9506,XX
950621,sous_position,Sailboards; for water sport,,9506,XX
950629,sous_position,"Water sport equipment; water-skis, surf-boards and other water-sport equipment, excluding sailboards",,9506,XX
950631,sous_position,Golf clubs; complete,,9506,XX
950632,sous_position,Golf balls,,9506,XX
950639,sous_position,Golf equipment; other than clubs and balls,,9506,XX
950640,sous_position,Table-tennis articles and equipment,,9506,XX
950651,sous_position,Lawn-tennis rackets; whether or not strung,,9506,XX
950659,sous_position,"Tennis, badminton and similar rackets; whether or not strung",,9506,XX
950661,sous_position,Lawn-tennis balls,,9506,XX
950662,sous_position,Balls; inflatable,,9506,XX
950669,sous_position,"Balls; (other than inflatable or for lawn-tennis, golf or table-tennis)",,9506,XX
950670,sous_position,"Skates; ice and roller, including skating boots with skates attached",,9506,XX
950691,sous_position,Athletics and gymnastics equipment,,9506,XX
950699,sous_position,Equipment for outdoor games and recreation n.e.c. in heading no. 9506,,9506,XX
9507,position,"Fishing rods, fish-hooks and other line fishing tackle; fish landing nets and the like; decoy birds (not those of heading no. 9208 or 9705) and similar hunting or shooting requisites",,95,XX
950710,sous_position,Fishing rods,,9507,XX
950720,sous_position,Fish-hooks; whether or not snelled,,9507,XX
950730,sous_position,Fishing reels,,9507,XX
950790,sous_position,"Fishing tackle n.e.c., butterfly nets, decoy birds (other than those of heading no. 9208 or 9705) and similar hunting or shooting requisites",,9507,XX
9508,position,"Travelling circuses and travelling menageries, amusement park rides and water park amusements, fairground amusements, including shooting galleries and travelling theatres",,95,XX
950810,sous_position,Travelling circuses and travelling menageries,,9508,XX
950821,sous_position,Amusement park rides and water park amusements; Roller coasters,,9508,XX
950822,sous_position,"Amusement park rides and water park amusements; carousels, swings and roundabouts",,9508,XX
950823,sous_position,Amusement park rides and water park amusements; dodge'em cars,,9508,XX
950824,sous_position,Amusement park rides and water park amusements; motion simulators and moving theatres,,9508,XX
950825,sous_position,Amusement park rides and water park amusements; water rides,,9508,XX
950826,sous_position,Amusement park rides and water park amusements; water park amusements,,9508,XX
950829,sous_position,"Amusement park rides and water park amusements; other than roller coasters, carousels, swings, roundabouts, dodge'em cars, motion simulators and moving theatres, water rides and water park amusements",,9508,XX
950830,sous_position,Fairground amusements; including shooting galleries,,9508,XX
950840,sous_position,Travelling theatres,,9508,XX
96,chapitre,Miscellaneous manufactured articles,,TOTAL,XX
9601,position,"Ivory, bone, tortoise-shell, horn, antlers, coral, mother-of-pearl and other animal carving material and articles of these materials; worked, (including articles obtained by moulding)",,96,XX
960110,sous_position,Ivory and articles thereof; worked,,9601,XX
960190,sous_position,"Bone, tortoise shell, horn, antlers, coral, mother-of-pearl and other animal carving material and articles thereof (including articles obtained by moulding)",,9601,XX
9602,position,"Vegetable, mineral carving material and articles of these materials, moulded or carved articles of wax, stearin, natural gums, resins or modelling pastes, worked unhardened gelatin (not heading no. 3503)",,96,XX
960200,sous_position,"Vegetable, mineral carving material and articles of these materials, moulded or carved articles of wax, stearin, natural gums, resins or modelling pastes, worked unhardened gelatin (not heading no. 3503)",,9602,XX
9603,position,"Brooms, brushes (including parts of machines), hand operated floor sweepers, mops and feather dusters; knots and tufts for broom or brush making; paint pads and rollers; squeegees",,96,XX
960310,sous_position,"Brooms and brushes; consisting of twigs or other vegetable materials bound together, with or without handles",,9603,XX
960321,sous_position,Brushes; toothbrushes,,9603,XX
960329,sous_position,"Brushes; shaving, hair, nail, eyelash and other toilet brushes for use on the person, including brushes as parts of appliances",,9603,XX
960330,sous_position,"Brushes; artists' brushes, writing brushes and similar brushes for the application of cosmetics",,9603,XX
960340,sous_position,"Brushes; paint, distemper, varnish or similar brushes (not those of item no. 9603.30), paint pads and rollers",,9603,XX
960350,sous_position,"Brushes; constituting parts of machines, appliances or vehicles",,9603,XX
960390,sous_position,"Brooms, brushes, mops, feather dusters, squeegees, hand operated mechanical floor sweepers; (not motorised), prepared knots and tufts for brooms or brush making n.e.c.",,9603,XX
9604,position,Hand sieves and hand riddles,,96,XX
960400,sous_position,Hand sieves and hand riddles,,9604,XX
9605,position,"Travel sets; for personal toilet, sewing, shoe or clothes cleaning",,96,XX
960500,sous_position,"Travel sets; for personal toilet, sewing, shoe or clothes cleaning",,9605,XX
9606,position,"Buttons, press-fasteners, snap-fasteners and press-studs, button moulds and other parts of these articles; button blanks",,96,XX
960610,sous_position,"Press-fasteners, snap-fasteners, press-studs and parts therefor",,9606,XX
960621,sous_position,"Buttons; of plastics, not covered with textile material",,9606,XX
960622,sous_position,"Buttons; of base metal, not covered with textile material",,9606,XX
960629,sous_position,"Buttons; of other than base metal or plastics, not covered with textile material",,9606,XX
960630,sous_position,Button moulds and other parts of buttons; button blanks,,9606,XX
9607,position,Slide fasteners and parts thereof,,96,XX
960711,sous_position,Slide fasteners; fitted with chain scoops of base metal,,9607,XX
960719,sous_position,Slide fasteners; other than those fitted with chain scoops of base metal,,9607,XX
960720,sous_position,Slide fasteners; parts,,9607,XX
9608,position,"Pens; ball-point, felt tipped, other porous tipped pens; fountain pens, stylograph pens duplicating stylos, propelling or sliding pencils; parts of the foregoing, excluding those of heading no. 9609",,96,XX
960810,sous_position,Pens; ball point,,9608,XX
960820,sous_position,Pens; felt tipped and other porous-tipped pens and markers,,9608,XX
960830,sous_position,"Pens; fountain, stylograph and other pens",,9608,XX
960840,sous_position,Pencils; propelling or sliding,,9608,XX
960850,sous_position,Pen and pencil sets; of articles from two or more of the foregoing sub-headings,,9608,XX
960860,sous_position,"Pens; ball-point, refills comprising the ball point and ink-reservoir",,9608,XX
960891,sous_position,Pens; nibs and nib points,,9608,XX
960899,sous_position,"Pens and pencils; duplicating stylos, pen-holders, pencil-holders, and similar holders, parts of the articles of heading 9608, including caps and clips",,9608,XX
9609,position,"Pencils (not of heading no. 9608), crayons, pencil leads, pastels, drawing charcoals, writing or drawing chalks and tailors' chalks",,96,XX
960910,sous_position,Pencils and crayons; with leads encased in sheath,,9609,XX
960920,sous_position,Pencil leads; black or coloured,,9609,XX
960990,sous_position,"Pastels, drawing charcoals, writing or drawing chalks, tailors' chalk",,9609,XX
9610,position,"Slates and boards, with writing or drawing surfaces, whether or not framed",,96,XX
961000,sous_position,"Slates and boards; with writing or drawing surfaces, whether or not framed",,9610,XX
9611,position,"Stamps; date, numbering, sealing stamps and the like (including devices for printing or embossing labels), designed for operating by hand; hand operated composing sticks and printing sets",,96,XX
961100,sous_position,"Stamps; date, numbering, sealing stamps and the like (including devices for printing or embossing labels), designed for operating by hand; hand operated composing sticks and printing sets",,9611,XX
9612,position,"Typewriter, similar ribbons, inked, otherwise prepared for giving impressions, whether or not on spools or in cartridges; ink pads, whether or not inked, with or without boxes",,96,XX
961210,sous_position,"Ribbons; for typewriters and the like, inked or otherwise prepared, for giving impressions, whether or not on spools or in cartridges",,9612,XX
961220,sous_position,"Ink pads; whether or not inked, with or without boxes",,9612,XX
9613,position,"Cigarette lighters and other lighters, whether or not mechanical or electrical and parts thereof other than flints and wicks",,96,XX
961310,sous_position,"Lighters; pocket, cigarette, gas fuelled, non-refillable",,9613,XX
961320,sous_position,"Lighters; pocket, cigarette, gas fuelled, refillable",,9613,XX
961380,sous_position,"Lighters; whether or not mechanical or electrical, n.e.c. in heading no. 9613",,9613,XX
961390,sous_position,"Lighters; parts for cigarette lighters and other lighters, whether or not mechanical or electrical, other than flints and wicks",,9613,XX
9614,position,"Smoking pipes (including pipe bowls) and cigar or cigarette holders, and parts thereof",,96,XX
961400,sous_position,"Smoking pipes (including pipe bowls) and cigar or cigarette holders, and parts thereof",,9614,XX
9615,position,"Combs, hair-slides and similar; hairpins, curling pins, curling grips and hair curlers and the like, other than those of heading no. 8516 and parts thereof",,96,XX
961511,sous_position,"Combs, hair slides and the like; of hard rubber or plastics",,9615,XX
961519,sous_position,"Combs, hair slides and the like; of other than hard rubber or plastics",,9615,XX
961590,sous_position,"Hairpins, curling pins, curling grips, hair curlers and the like (not those of heading no. 8516) and parts thereof",,9615,XX
9616,position,Scent sprays and similar toilet sprays and mounts and heads therefor; powder-puffs and pads for the application of cosmetics or toilet preparations,,96,XX
961610,sous_position,"Scent sprays and similar toilet sprays, and mounts and heads therefor",,9616,XX
961620,sous_position,Powder puffs and pads; for the application of cosmetics or toilet preparations,,9616,XX
9617,position,"Vacuum flasks and other vacuum vessels, complete with cases; parts thereof other than glass inners",,96,XX
961700,sous_position,"Vacuum flasks and other vacuum vessels, complete with cases; parts thereof other than glass inners",,9617,XX
9618,position,Tailors' dummies and other lay figures; automata and other animated displays used for shop window dressing,,96,XX
961800,sous_position,Tailors' dummies and other lay figures; automata and other animated displays used for shop window dressing,,9618,XX
9619,position,"Sanitary towels (pads) and tampons, napkins (diapers), napkin liners and similar articles, of any material",,96,XX
961900,sous_position,"Sanitary towels (pads) and tampons, napkins (diapers), napkin liners and similar articles, of any material",,9619,XX
9620,position,"Monopods, bipods, tripods and similar articles",,96,XX
962000,sous_position,"Monopods, bipods, tripods and similar articles",,9620,XX
97,chapitre,Works of art; collectors' pieces and antiques,,TOTAL,XXI
9701,position,"Paintings, drawings and pastels, executed entirely by hand; not drawings of heading no. 4906 and not hand-painted, hand-decorated manufactured articles; collages, mosaics and similar decorative plaques",,97,XXI
970121,sous_position,"Paintings, drawings and pastels; executed entirely by hand, other than drawings of heading no. 4906, of an age exceeding 100 years",,9701,XXI
970122,sous_position,"Mosaics; executed entirely by hand, other than drawings of heading no. 4906, of an age exceeding 100 years",,9701,XXI
970129,sous_position,"Artwork; other than paintings, drawings, pastels mosaics, executed entirely by hand, other than drawings of heading no. 4906, of an age exceeding 100 years",,9701,XXI
970191,sous_position,"Paintings, drawings and pastels; executed entirely by hand, other than drawings of heading no. 4906, of an age not exceeding 100 years",,9701,XXI
970192,sous_position,"Mosaics; executed entirely by hand, other than drawings of heading no. 4906, of an age not exceeding 100 years",,9701,XXI
970199,sous_position,"Artwork; other than paintings, drawings, pastels mosaics, executed entirely by hand, other than drawings of heading no. 4906, of an age not exceeding 100 years",,9701,XXI
9702,position,"Engravings, prints and lithographs; original",,97,XXI
970210,sous_position,"Engravings, prints and lithographs; original of an age exceeding 100 years",,9702,XXI
970290,sous_position,"Engravings, prints and lithographs; original of an age not exceeding 100 years",,9702,XXI
9703,position,"Sculptures and statuary; original, in any material",,97,XXI
970310,sous_position,"Sculptures and statuary; original, in any material, of an age exceeding 100 years",,9703,XXI
970390,sous_position,"Sculptures and statuary; original, in any material, of an age not exceeding 100 years",,9703,XXI
9704,position,"Stamps, postage or revenue; stamp-postmarks, first-day covers, postal stationery (stamped paper) and like, used or unused, other than those of heading 4907",,97,XXI
970400,sous_position,"Stamps, postage or revenue; stamp-postmarks, first-day covers, postal stationery (stamped paper) and like, used or unused, other than those of heading 4907",,9704,XXI
9705,position,"Collections and collectors' pieces; of archaeological, ethnographic, historical, zoological, botanical, mineralogical, anatomical, palaeontological or numismatic interest",,97,XXI
970510,sous_position,"Collections and collectors' pieces; of archaeological, ethnographic or historical interest",,9705,XXI
970521,sous_position,"Collections and collectors' pieces; of zoological, botanical, mineralogical, anatomical or palaeontological interest, human specimens and parts thereof",,9705,XXI
970522,sous_position,"Collections and collectors' pieces; of zoological, botanical, mineralogical, anatomical or palaeontological interest, extinct or endangered species and parts thereof",,9705,XXI
970529,sous_position,"Collections and collectors' pieces; of zoological, botanical, mineralogical, anatomical or palaeontological interest, other than human species, extinct or endangered species and parts thereof",,9705,XXI
970531,sous_position,"Collections and collectors' pieces; of numismatic interest, of an age exceeding 100 years",,9705,XXI
970539,sous_position,"Collections and collectors' pieces; of numismatic interest, of an age not exceeding 100 years",,9705,XXI
9706,position,Antiques; of an age exceeding one hundred years,,97,XXI
970610,sous_position,Antiques; of an age exceeding 250 years,,9706,XXI
970690,sous_position,Antiques; of an age exceeding 100 years but not exceeding 250 years,,9706,XXI
99,chapitre,Commodities not specified according to kind,,TOTAL,TOTAL
9999,position,Commodities not specified according to kind,,99,TOTAL
999999,sous_position,Commodities not specified according to kind,,9999,TOTAL
TOTAL,sous_position_intermediaire,Total of all HS2022 commodities,,TOTAL,TOTAL
